"tier","regime","pattern","n_rows","n_cols","method","auto_method","auto_rule","instances","median_s","q25_s","q75_s"
"base","binary","block_4",500,1500,"auction","hk01","no_cost_scale",3,0.03112097,0.031044645,0.031172775
"base","binary","block_4",500,500,"auction","hk01","no_cost_scale",3,0.002354261,0.002340321,0.0023594885
"base","binary","block_4",500,5000,"auction","hk01","no_cost_scale",3,0.3642171,0.364178,0.36426355
"base","binary","none",500,1500,"auction","hk01","no_cost_scale",3,0.04376455,0.042606995,0.04847844
"base","binary","none",500,500,"auction","hk01","no_cost_scale",3,0.005933766,0.005827822,0.005938522
"base","binary","none",500,5000,"auction","hk01","no_cost_scale",3,0.457371,0.4571292,0.4733501
"base","binary","random_01",500,1500,"auction","hk01","no_cost_scale",3,0.04156449,0.040906275,0.041908785
"base","binary","random_01",500,500,"auction","hk01","no_cost_scale",3,0.00142639,0.001412942,0.0014451885
"base","binary","random_01",500,5000,"auction","hk01","no_cost_scale",3,0.3854477,0.38471385,0.3854986
"base","binary","random_05",500,1500,"auction","hk01","no_cost_scale",3,0.02979654,0.029759355,0.029852735
"base","binary","random_05",500,500,"auction","hk01","no_cost_scale",3,0.001729462,0.001697851,0.0017353045
"base","binary","random_05",500,5000,"auction","hk01","no_cost_scale",3,0.3915407,0.3911105,0.3919182
"base","binary","random_25",500,1500,"auction","hk01","no_cost_scale",3,0.03631739,0.0363112,0.036433115
"base","binary","random_25",500,500,"auction","hk01","no_cost_scale",3,0.003716322,0.003712673,0.0037324555
"base","binary","random_25",500,5000,"auction","hk01","no_cost_scale",3,0.4149639,0.4136835,0.41657935
"base","binary","random_60",500,1500,"auction","hk01","no_cost_scale",3,0.04614132,0.044969315,0.048881125
"base","binary","random_60",500,500,"auction","hk01","no_cost_scale",3,0.006052174,0.006043646,0.006072674
"base","binary","random_60",500,5000,"auction","hk01","no_cost_scale",3,0.4419143,0.4380276,0.45238265
"base","constant","block_4",500,1500,"auction","hk01","no_cost_scale",3,0.03034455,0.03034172,0.03035675
"base","constant","block_4",500,500,"auction","hk01","no_cost_scale",3,0.001922531,0.001919333,0.001924007
"base","constant","block_4",500,5000,"auction","hk01","no_cost_scale",3,0.38777,0.3866584,0.38834625
"base","constant","none",500,1500,"auction","hk01","no_cost_scale",3,0.03659812,0.03659445,0.03665773
"base","constant","none",500,500,"auction","hk01","no_cost_scale",3,0.004488639,0.0044880035,0.004495937
"base","constant","none",500,5000,"auction","hk01","no_cost_scale",3,0.3953348,0.3950832,0.3967275
"base","constant","random_01",500,1500,"auction","hk01","no_cost_scale",3,0.02851747,0.028476715,0.028640695
"base","constant","random_01",500,500,"auction","hk01","no_cost_scale",3,0.001417411,0.0014137005,0.0014226385
"base","constant","random_01",500,5000,"auction","hk01","no_cost_scale",3,0.3825245,0.3823185,0.38345165
"base","constant","random_05",500,1500,"auction","hk01","no_cost_scale",3,0.02964882,0.02953982,0.029709705
"base","constant","random_05",500,500,"auction","hk01","no_cost_scale",3,0.001657507,0.0016545345,0.0016606025
"base","constant","random_05",500,5000,"auction","hk01","no_cost_scale",3,0.3915003,0.39134985,0.3918822
"base","constant","random_25",500,1500,"auction","hk01","no_cost_scale",3,0.03753501,0.03653295,0.037554935
"base","constant","random_25",500,500,"auction","hk01","no_cost_scale",3,0.003411938,0.0033527545,0.0034231105
"base","constant","random_25",500,5000,"auction","hk01","no_cost_scale",3,0.4108951,0.40925645,0.41092035
"base","constant","random_60",500,1500,"auction","hk01","no_cost_scale",3,0.04263344,0.04163923,0.04362408
"base","constant","random_60",500,500,"auction","hk01","no_cost_scale",3,0.005324875,0.005319217,0.005327868
"base","constant","random_60",500,5000,"auction","hk01","no_cost_scale",3,0.4146299,0.41342115,0.4258793
"base","dbl_uniform","block_4",500,1500,"auction","jv","default",3,0.1228789,0.1211818,0.13648375
"base","dbl_uniform","block_4",500,500,"auction","jv","default",3,0.002813338,0.002743023,0.0028357035
"base","dbl_uniform","block_4",500,5000,"auction","jv","default",3,1.77187,1.748736,1.7886435
"base","dbl_uniform","none",500,1500,"auction","jv","default",3,0.1660792,0.16236225,0.16897505
"base","dbl_uniform","none",500,500,"auction","jv","default",3,0.008417792,0.0084155165,0.008708646
"base","dbl_uniform","none",500,5000,"auction","jv","default",3,1.911919,1.8682675,1.9138925
"base","dbl_uniform","random_01",500,1500,"auction","jv","default",3,0.1035761,0.09657204,0.10439065
"base","dbl_uniform","random_01",500,500,"auction","jv","default",3,0.001380142,0.0013782355,0.0013852055
"base","dbl_uniform","random_01",500,5000,"auction","jv","default",3,1.435046,1.403124,1.466678
"base","dbl_uniform","random_05",500,1500,"auction","jv","default",3,0.1145611,0.10997615,0.11593825
"base","dbl_uniform","random_05",500,500,"auction","jv","default",3,0.001992108,0.0019810585,0.0019930715
"base","dbl_uniform","random_05",500,5000,"auction","jv","default",3,1.593808,1.5357985,1.7284515
"base","dbl_uniform","random_25",500,1500,"auction","jv","default",3,0.126185,0.1260514,0.1331254
"base","dbl_uniform","random_25",500,500,"auction","jv","default",3,0.004436651,0.004415823,0.0044847645
"base","dbl_uniform","random_25",500,5000,"auction","jv","default",3,1.773441,1.6107315,1.85638
"base","dbl_uniform","random_60",500,1500,"auction","jv","default",3,0.1491719,0.148389,0.15906045
"base","dbl_uniform","random_60",500,500,"auction","jv","default",3,0.007842849,0.0076837895,0.0079298715
"base","dbl_uniform","random_60",500,5000,"auction","jv","default",3,1.826483,1.7635595,1.8617085
"base","heavy_tailed","block_4",500,1500,"auction","jv","default",3,0.2011973,0.19835835,0.20952925
"base","heavy_tailed","block_4",500,500,"auction","jv","default",3,0.007438589,0.007202552,0.0075358
"base","heavy_tailed","block_4",500,5000,"auction","jv","default",3,4.679998,3.889504,5.158694
"base","heavy_tailed","none",500,1500,"auction","jv","default",3,0.3488448,0.3122004,0.4716925
"base","heavy_tailed","none",500,500,"auction","jv","default",3,0.02810329,0.02672575,0.02840429
"base","heavy_tailed","none",500,5000,"auction","jv","default",3,16.09979,14.65904,20.457565
"base","heavy_tailed","random_01",500,1500,"auction","jv","default",3,0.1820773,0.18151195,0.20786015
"base","heavy_tailed","random_01",500,500,"auction","jv","default",3,0.002286365,0.0021519055,0.0023026215
"base","heavy_tailed","random_01",500,5000,"auction","jv","default",3,2.71326,2.6846535,2.719634
"base","heavy_tailed","random_05",500,1500,"auction","jv","default",3,0.1896314,0.1873699,0.192817
"base","heavy_tailed","random_05",500,500,"auction","jv","default",3,0.003551584,0.003524032,0.0036272085
"base","heavy_tailed","random_05",500,5000,"auction","jv","default",3,2.297222,2.174313,2.3187895
"base","heavy_tailed","random_25",500,1500,"auction","jv","default",3,0.1741044,0.1711707,0.19186085
"base","heavy_tailed","random_25",500,500,"auction","jv","default",3,0.009158908,0.0086975145,0.009780549
"base","heavy_tailed","random_25",500,5000,"auction","jv","default",3,2.393957,2.2178285,2.57362
"base","heavy_tailed","random_60",500,1500,"auction","jv","default",3,0.2607051,0.24492375,0.280046
"base","heavy_tailed","random_60",500,500,"auction","jv","default",3,0.01775046,0.01753738,0.01797356
"base","heavy_tailed","random_60",500,5000,"auction","jv","default",3,5.698073,4.7990635,6.3152325
"base","int_uniform","block_4",500,1500,"auction","jv","default",3,0.132117,0.12906965,0.14397045
"base","int_uniform","block_4",500,500,"auction","jv","default",3,0.002737693,0.002644377,0.002764425
"base","int_uniform","block_4",500,5000,"auction","jv","default",3,1.76263,1.72798,1.847734
"base","int_uniform","none",500,1500,"auction","jv","default",3,0.1569443,0.15120045,0.1627574
"base","int_uniform","none",500,500,"auction","jv","default",3,0.009261736,0.009153168,0.0093258805
"base","int_uniform","none",500,5000,"auction","jv","default",3,1.627047,1.60071,1.7123255
"base","int_uniform","random_01",500,1500,"auction","jv","default",3,0.0962063,0.095401285,0.1026466
"base","int_uniform","random_01",500,500,"auction","jv","default",3,0.001374361,0.0013583505,0.0013833195
"base","int_uniform","random_01",500,5000,"auction","jv","default",3,1.382841,1.330979,1.4172735
"base","int_uniform","random_05",500,1500,"auction","jv","default",3,0.1078198,0.10353925,0.1123065
"base","int_uniform","random_05",500,500,"auction","jv","default",3,0.001990755,0.0019521945,0.0019929485
"base","int_uniform","random_05",500,5000,"auction","jv","default",3,1.529501,1.4174945,1.5841655
"base","int_uniform","random_25",500,1500,"auction","jv","default",3,0.1203314,0.1182407,0.12379835
"base","int_uniform","random_25",500,500,"auction","jv","default",3,0.004333044,0.004223902,0.0043969425
"base","int_uniform","random_25",500,5000,"auction","jv","default",3,1.735076,1.70305,1.767547
"base","int_uniform","random_60",500,1500,"auction","jv","default",3,0.1541007,0.14998785,0.15502615
"base","int_uniform","random_60",500,500,"auction","jv","default",3,0.007807384,0.007603942,0.0079852625
"base","int_uniform","random_60",500,5000,"auction","jv","default",3,1.741039,1.7319815,1.816282
"base","metric_clustered","block_4",500,1500,"auction","jv","default",3,0.1305546,0.11689035,0.1305732
"base","metric_clustered","block_4",500,500,"auction","jv","default",3,0.002842817,0.0028406645,0.002903005
"base","metric_clustered","block_4",500,5000,"auction","jv","default",3,1.66277,1.638431,1.7163705
"base","metric_clustered","none",500,1500,"auction","jv","default",3,0.1291757,0.1271123,0.13166565
"base","metric_clustered","none",500,500,"auction","jv","default",3,0.008896918,0.0086817295,0.0089476145
"base","metric_clustered","none",500,5000,"auction","jv","default",3,1.525898,1.4843365,1.585399
"base","metric_clustered","random_01",500,1500,"auction","jv","default",3,0.1059219,0.09572231,0.11260535
"base","metric_clustered","random_01",500,500,"auction","jv","default",3,0.001382889,0.0013782355,0.001397854
"base","metric_clustered","random_01",500,5000,"auction","jv","default",3,1.449,1.4430155,1.517217
"base","metric_clustered","random_05",500,1500,"auction","jv","default",3,0.1286572,0.1203502,0.1306215
"base","metric_clustered","random_05",500,500,"auction","jv","default",3,0.002165743,0.002081201,0.0021674855
"base","metric_clustered","random_05",500,5000,"auction","jv","default",3,1.50492,1.4889545,1.513193
"base","metric_clustered","random_25",500,1500,"auction","jv","default",3,0.1260605,0.1260548,0.1310324
"base","metric_clustered","random_25",500,500,"auction","jv","default",3,0.005040007,0.004930578,0.0051770495
"base","metric_clustered","random_25",500,5000,"auction","jv","default",3,1.531168,1.5023905,1.5910135
"base","metric_clustered","random_60",500,1500,"auction","jv","default",3,0.143693,0.14010495,0.1452741
"base","metric_clustered","random_60",500,500,"auction","jv","default",3,0.007884177,0.007859372,0.0079249925
"base","metric_clustered","random_60",500,5000,"auction","jv","default",3,1.67184,1.6000795,1.681138
"base","metric_uniform","block_4",500,1500,"auction","jv","default",3,0.1066421,0.10353045,0.1148201
"base","metric_uniform","block_4",500,500,"auction","jv","default",3,0.00242638,0.00240875,0.0025063095
"base","metric_uniform","block_4",500,5000,"auction","jv","default",3,1.226159,1.2232695,1.294776
"base","metric_uniform","none",500,1500,"auction","jv","default",3,0.1210008,0.11863595,0.12359745
"base","metric_uniform","none",500,500,"auction","jv","default",3,0.006347538,0.006344217,0.0072426705
"base","metric_uniform","none",500,5000,"auction","jv","default",3,1.464656,1.3487295,1.5295345
"base","metric_uniform","random_01",500,1500,"auction","jv","default",3,0.0955102,0.095503435,0.1055445
"base","metric_uniform","random_01",500,500,"auction","jv","default",3,0.001396132,0.0013792195,0.0014326425
"base","metric_uniform","random_01",500,5000,"auction","jv","default",3,1.467044,1.4204505,1.482235
"base","metric_uniform","random_05",500,1500,"auction","jv","default",3,0.1183555,0.11027005,0.11846545
"base","metric_uniform","random_05",500,500,"auction","jv","default",3,0.001953076,0.0019463725,0.001970173
"base","metric_uniform","random_05",500,5000,"auction","jv","default",3,1.34982,1.244179,1.4446865
"base","metric_uniform","random_25",500,1500,"auction","jv","default",3,0.1100198,0.1083869,0.11485775
"base","metric_uniform","random_25",500,500,"auction","jv","default",3,0.004069332,0.004043871,0.0040931325
"base","metric_uniform","random_25",500,5000,"auction","jv","default",3,1.536525,1.4408745,1.5919955
"base","metric_uniform","random_60",500,1500,"auction","jv","default",3,0.1201058,0.11584665,0.12097905
"base","metric_uniform","random_60",500,500,"auction","jv","default",3,0.006675538,0.006641508,0.006745525
"base","metric_uniform","random_60",500,5000,"auction","jv","default",3,1.203329,1.161324,1.3534325
"base","tied","block_4",500,1500,"auction","jv","default",3,0.04206502,0.041948005,0.04208882
"base","tied","block_4",500,500,"auction","jv","default",3,0.003030925,0.003024775,0.003062044
"base","tied","block_4",500,5000,"auction","jv","default",3,0.5309091,0.5306586,0.5314341
"base","tied","none",500,1500,"auction","jv","default",3,0.05888059,0.054386745,0.05994901
"base","tied","none",500,500,"auction","jv","default",3,0.00828528,0.0081754,0.008946405
"base","tied","none",500,5000,"auction","jv","default",3,0.6148142,0.61296025,0.6334809
"base","tied","random_01",500,1500,"auction","jv","default",3,0.08454138,0.075719045,0.084727255
"base","tied","random_01",500,500,"auction","jv","default",3,0.001396296,0.001372065,0.001401708
"base","tied","random_01",500,5000,"auction","jv","default",3,0.5703198,0.57027025,0.689486
"base","tied","random_05",500,1500,"auction","jv","default",3,0.0430976,0.04292253,0.043122445
"base","tied","random_05",500,500,"auction","jv","default",3,0.002297476,0.00227796,0.0023232855
"base","tied","random_05",500,5000,"auction","jv","default",3,0.5768663,0.57673955,0.5781696
"base","tied","random_25",500,1500,"auction","jv","default",3,0.05110781,0.050831125,0.05113487
"base","tied","random_25",500,500,"auction","jv","default",3,0.00438372,0.0043550405,0.0045530295
"base","tied","random_25",500,5000,"auction","jv","default",3,0.6035053,0.601269,0.60371305
"base","tied","random_60",500,1500,"auction","jv","default",3,0.06048468,0.05956513,0.060485315
"base","tied","random_60",500,500,"auction","jv","default",3,0.00770841,0.0076955565,0.008076139
"base","tied","random_60",500,5000,"auction","jv","default",3,0.6169707,0.61689305,0.6255643
"base","binary","block_4",500,1500,"auction_gs","hk01","no_cost_scale",3,0.03348823,0.033458665,0.033508645
"base","binary","block_4",500,500,"auction_gs","hk01","no_cost_scale",3,0.002369103,0.00235668,0.002380747
"base","binary","block_4",500,5000,"auction_gs","hk01","no_cost_scale",3,0.3626745,0.3623961,0.36414895
"base","binary","none",500,1500,"auction_gs","hk01","no_cost_scale",3,0.04449058,0.04448088,0.044514585
"base","binary","none",500,500,"auction_gs","hk01","no_cost_scale",3,0.005985836,0.005895964,0.0060774915
"base","binary","none",500,5000,"auction_gs","hk01","no_cost_scale",3,0.4226234,0.42256435,0.42284755
"base","binary","random_01",500,1500,"auction_gs","hk01","no_cost_scale",3,0.0286761,0.028557405,0.03039824
"base","binary","random_01",500,500,"auction_gs","hk01","no_cost_scale",3,0.001624051,0.001621919,0.0016241535
"base","binary","random_01",500,5000,"auction_gs","hk01","no_cost_scale",3,0.3643309,0.3636687,0.3652732
"base","binary","random_05",500,1500,"auction_gs","hk01","no_cost_scale",3,0.03254178,0.03252134,0.03259785
"base","binary","random_05",500,500,"auction_gs","hk01","no_cost_scale",3,0.001783336,0.001753611,0.0018109085
"base","binary","random_05",500,5000,"auction_gs","hk01","no_cost_scale",3,0.3608296,0.3590808,0.3622808
"base","binary","random_25",500,1500,"auction_gs","hk01","no_cost_scale",3,0.03876284,0.038745925,0.038887765
"base","binary","random_25",500,500,"auction_gs","hk01","no_cost_scale",3,0.003723374,0.003704022,0.00373264
"base","binary","random_25",500,5000,"auction_gs","hk01","no_cost_scale",3,0.3831907,0.3824851,0.38327535
"base","binary","random_60",500,1500,"auction_gs","hk01","no_cost_scale",3,0.04674705,0.04672737,0.04693239
"base","binary","random_60",500,500,"auction_gs","hk01","no_cost_scale",3,0.006129295,0.006107852,0.0061390735
"base","binary","random_60",500,5000,"auction_gs","hk01","no_cost_scale",3,0.4069643,0.4067283,0.4190068
"base","constant","block_4",500,1500,"auction_gs","hk01","no_cost_scale",3,0.03160694,0.031551285,0.031650605
"base","constant","block_4",500,500,"auction_gs","hk01","no_cost_scale",3,0.001942498,0.001938398,0.0019441995
"base","constant","block_4",500,5000,"auction_gs","hk01","no_cost_scale",3,0.3585688,0.3577593,0.35883615
"base","constant","none",500,1500,"auction_gs","hk01","no_cost_scale",3,0.04012289,0.040108905,0.040130965
"base","constant","none",500,500,"auction_gs","hk01","no_cost_scale",3,0.004425253,0.004423572,0.0044299065
"base","constant","none",500,5000,"auction_gs","hk01","no_cost_scale",3,0.408823,0.40872645,0.4102432
"base","constant","random_01",500,1500,"auction_gs","hk01","no_cost_scale",3,0.02989134,0.02985085,0.029993615
"base","constant","random_01",500,500,"auction_gs","hk01","no_cost_scale",3,0.001634793,0.001570341,0.001645535
"base","constant","random_01",500,5000,"auction_gs","hk01","no_cost_scale",3,0.3553453,0.35508075,0.3569233
"base","constant","random_05",500,1500,"auction_gs","hk01","no_cost_scale",3,0.03187291,0.031786705,0.031957555
"base","constant","random_05",500,500,"auction_gs","hk01","no_cost_scale",3,0.00166378,0.0016575275,0.001675547
"base","constant","random_05",500,5000,"auction_gs","hk01","no_cost_scale",3,0.3598756,0.3598067,0.3710204
"base","constant","random_25",500,1500,"auction_gs","hk01","no_cost_scale",3,0.03800704,0.037899025,0.03813244
"base","constant","random_25",500,500,"auction_gs","hk01","no_cost_scale",3,0.0035137,0.0034983865,0.0035426665
"base","constant","random_25",500,5000,"auction_gs","hk01","no_cost_scale",3,0.4010176,0.39171035,0.40201695
"base","constant","random_60",500,1500,"auction_gs","hk01","no_cost_scale",3,0.04512936,0.0451023,0.04514664
"base","constant","random_60",500,500,"auction_gs","hk01","no_cost_scale",3,0.005404825,0.0053970145,0.00547637
"base","constant","random_60",500,5000,"auction_gs","hk01","no_cost_scale",3,0.4217146,0.42168675,0.42288715
"base","dbl_uniform","block_4",500,1500,"auction_gs","jv","default",3,0.1158735,0.1152797,0.11779535
"base","dbl_uniform","block_4",500,500,"auction_gs","jv","default",3,0.002831296,0.002797143,0.0029769075
"base","dbl_uniform","block_4",500,5000,"auction_gs","jv","default",3,1.710832,1.6526005,1.7165375
"base","dbl_uniform","none",500,1500,"auction_gs","jv","default",3,0.151406,0.1497368,0.1527678
"base","dbl_uniform","none",500,500,"auction_gs","jv","default",3,0.008146208,0.0079332745,0.009586314
"base","dbl_uniform","none",500,5000,"auction_gs","jv","default",3,1.739611,1.639786,1.773697
"base","dbl_uniform","random_01",500,1500,"auction_gs","jv","default",3,0.08977532,0.086353195,0.093404725
"base","dbl_uniform","random_01",500,500,"auction_gs","jv","default",3,0.001514048,0.0015009075,0.001519009
"base","dbl_uniform","random_01",500,5000,"auction_gs","jv","default",3,1.05546,1.0337345,1.16191
"base","dbl_uniform","random_05",500,1500,"auction_gs","jv","default",3,0.09872337,0.09372559,0.102236985
"base","dbl_uniform","random_05",500,500,"auction_gs","jv","default",3,0.002081365,0.0020748255,0.0021204585
"base","dbl_uniform","random_05",500,5000,"auction_gs","jv","default",3,1.4389,1.4153285,1.6427835
"base","dbl_uniform","random_25",500,1500,"auction_gs","jv","default",3,0.1292483,0.127066,0.13321265
"base","dbl_uniform","random_25",500,500,"auction_gs","jv","default",3,0.004549975,0.0045259695,0.004772318
"base","dbl_uniform","random_25",500,5000,"auction_gs","jv","default",3,1.706823,1.681055,1.7532185
"base","dbl_uniform","random_60",500,1500,"auction_gs","jv","default",3,0.1423654,0.13613655,0.14241645
"base","dbl_uniform","random_60",500,500,"auction_gs","jv","default",3,0.008196761,0.008038378,0.008210168
"base","dbl_uniform","random_60",500,5000,"auction_gs","jv","default",3,1.438075,1.4211065,1.7142915
"base","heavy_tailed","block_4",500,1500,"auction_gs","jv","default",3,0.19274,0.19118685,0.1939141
"base","heavy_tailed","block_4",500,500,"auction_gs","jv","default",3,0.007264421,0.0071136845,0.007442525
"base","heavy_tailed","block_4",500,5000,"auction_gs","jv","default",3,4.222942,3.4597425,4.979549
"base","heavy_tailed","none",500,1500,"auction_gs","jv","default",3,0.3769712,0.31776365,0.46304595
"base","heavy_tailed","none",500,500,"auction_gs","jv","default",3,0.02755766,0.026450165,0.028481265
"base","heavy_tailed","none",500,5000,"auction_gs","jv","default",3,13.08899,12.25226,15.66514
"base","heavy_tailed","random_01",500,1500,"auction_gs","jv","default",3,0.1902075,0.1772643,0.19331815
"base","heavy_tailed","random_01",500,500,"auction_gs","jv","default",3,0.002936461,0.0028208,0.0031260245
"base","heavy_tailed","random_01",500,5000,"auction_gs","jv","default",3,1.93636,1.9288925,2.172742
"base","heavy_tailed","random_05",500,1500,"auction_gs","jv","default",3,0.161592,0.1575014,0.1714187
"base","heavy_tailed","random_05",500,500,"auction_gs","jv","default",3,0.003834607,0.0038264275,0.003859248
"base","heavy_tailed","random_05",500,5000,"auction_gs","jv","default",3,1.740009,1.7189525,1.780215
"base","heavy_tailed","random_25",500,1500,"auction_gs","jv","default",3,0.1746976,0.1685575,0.18826375
"base","heavy_tailed","random_25",500,500,"auction_gs","jv","default",3,0.009349804,0.0092045205,0.009687787
"base","heavy_tailed","random_25",500,5000,"auction_gs","jv","default",3,1.899307,1.820458,2.2058385
"base","heavy_tailed","random_60",500,1500,"auction_gs","jv","default",3,0.2338914,0.2235021,0.2849768
"base","heavy_tailed","random_60",500,500,"auction_gs","jv","default",3,0.01746321,0.016886855,0.01748566
"base","heavy_tailed","random_60",500,5000,"auction_gs","jv","default",3,5.741192,4.6655115,5.9432435
"base","int_uniform","block_4",500,1500,"auction_gs","jv","default",3,0.1307554,0.1187539,0.1365017
"base","int_uniform","block_4",500,500,"auction_gs","jv","default",3,0.002784597,0.0027388205,0.002839578
"base","int_uniform","block_4",500,5000,"auction_gs","jv","default",3,1.697131,1.6547275,1.7399735
"base","int_uniform","none",500,1500,"auction_gs","jv","default",3,0.1479268,0.14491105,0.14958095
"base","int_uniform","none",500,500,"auction_gs","jv","default",3,0.008880231,0.0087915685,0.00928076
"base","int_uniform","none",500,5000,"auction_gs","jv","default",3,1.792122,1.780373,1.812249
"base","int_uniform","random_01",500,1500,"auction_gs","jv","default",3,0.09159617,0.08986876,0.100910235
"base","int_uniform","random_01",500,500,"auction_gs","jv","default",3,0.001562674,0.0015369055,0.0015668765
"base","int_uniform","random_01",500,5000,"auction_gs","jv","default",3,1.236181,1.205183,1.4020905
"base","int_uniform","random_05",500,1500,"auction_gs","jv","default",3,0.09995238,0.09074216,0.10295554
"base","int_uniform","random_05",500,500,"auction_gs","jv","default",3,0.002105719,0.002083866,0.00212626
"base","int_uniform","random_05",500,5000,"auction_gs","jv","default",3,1.715238,1.6122355,1.76927
"base","int_uniform","random_25",500,1500,"auction_gs","jv","default",3,0.120909,0.1157348,0.12517885
"base","int_uniform","random_25",500,500,"auction_gs","jv","default",3,0.004705037,0.004621028,0.004900484
"base","int_uniform","random_25",500,5000,"auction_gs","jv","default",3,1.689641,1.616093,1.7334205
"base","int_uniform","random_60",500,1500,"auction_gs","jv","default",3,0.1297071,0.1231605,0.14657555
"base","int_uniform","random_60",500,500,"auction_gs","jv","default",3,0.008171218,0.0078569325,0.008245346
"base","int_uniform","random_60",500,5000,"auction_gs","jv","default",3,1.52687,1.491955,1.6284695
"base","metric_clustered","block_4",500,1500,"auction_gs","jv","default",3,0.1272428,0.12713075,0.134156
"base","metric_clustered","block_4",500,500,"auction_gs","jv","default",3,0.003166389,0.0031283,0.003231046
"base","metric_clustered","block_4",500,5000,"auction_gs","jv","default",3,1.437324,1.4090955,1.493235
"base","metric_clustered","none",500,1500,"auction_gs","jv","default",3,0.1331916,0.1298166,0.13373155
"base","metric_clustered","none",500,500,"auction_gs","jv","default",3,0.009495108,0.0091393715,0.009863759
"base","metric_clustered","none",500,5000,"auction_gs","jv","default",3,1.40395,1.4008175,1.5507975
"base","metric_clustered","random_01",500,1500,"auction_gs","jv","default",3,0.122028,0.10676178,0.1316677
"base","metric_clustered","random_01",500,500,"auction_gs","jv","default",3,0.001558697,0.0014984475,0.001566856
"base","metric_clustered","random_01",500,5000,"auction_gs","jv","default",3,1.212186,1.208267,1.278907
"base","metric_clustered","random_05",500,1500,"auction_gs","jv","default",3,0.1206963,0.11029148,0.13224885
"base","metric_clustered","random_05",500,500,"auction_gs","jv","default",3,0.002252991,0.002249342,0.0022633845
"base","metric_clustered","random_05",500,5000,"auction_gs","jv","default",3,1.384406,1.285028,1.5712245
"base","metric_clustered","random_25",500,1500,"auction_gs","jv","default",3,0.132292,0.13142625,0.1354753
"base","metric_clustered","random_25",500,500,"auction_gs","jv","default",3,0.005102942,0.0049582735,0.0051452335
"base","metric_clustered","random_25",500,5000,"auction_gs","jv","default",3,1.535991,1.472098,1.5438675
"base","metric_clustered","random_60",500,1500,"auction_gs","jv","default",3,0.1323205,0.1238673,0.1383209
"base","metric_clustered","random_60",500,500,"auction_gs","jv","default",3,0.008476709,0.0084493415,0.008612173
"base","metric_clustered","random_60",500,5000,"auction_gs","jv","default",3,1.313298,1.2425335,1.649145
"base","metric_uniform","block_4",500,1500,"auction_gs","jv","default",3,0.09602253,0.087996885,0.096796305
"base","metric_uniform","block_4",500,500,"auction_gs","jv","default",3,0.002570454,0.002509282,0.0026213965
"base","metric_uniform","block_4",500,5000,"auction_gs","jv","default",3,1.291259,1.191129,1.324581
"base","metric_uniform","none",500,1500,"auction_gs","jv","default",3,0.112344,0.10501376,0.11257085
"base","metric_uniform","none",500,500,"auction_gs","jv","default",3,0.006671151,0.0065802745,0.0078321275
"base","metric_uniform","none",500,5000,"auction_gs","jv","default",3,1.218453,1.112319,1.2455245
"base","metric_uniform","random_01",500,1500,"auction_gs","jv","default",3,0.1013183,0.095203415,0.1107381
"base","metric_uniform","random_01",500,500,"auction_gs","jv","default",3,0.001547955,0.001492482,0.0015777825
"base","metric_uniform","random_01",500,5000,"auction_gs","jv","default",3,1.316863,1.249182,1.559285
"base","metric_uniform","random_05",500,1500,"auction_gs","jv","default",3,0.1114878,0.098962285,0.11240535
"base","metric_uniform","random_05",500,500,"auction_gs","jv","default",3,0.002083005,0.002077675,0.002110024
"base","metric_uniform","random_05",500,5000,"auction_gs","jv","default",3,1.193804,1.144379,1.246864
"base","metric_uniform","random_25",500,1500,"auction_gs","jv","default",3,0.1009846,0.099047615,0.1018509
"base","metric_uniform","random_25",500,500,"auction_gs","jv","default",3,0.00402784,0.0040274095,0.0040526655
"base","metric_uniform","random_25",500,5000,"auction_gs","jv","default",3,1.293959,1.268728,1.2967875
"base","metric_uniform","random_60",500,1500,"auction_gs","jv","default",3,0.1127712,0.11052705,0.1197549
"base","metric_uniform","random_60",500,500,"auction_gs","jv","default",3,0.006791363,0.0067701865,0.00679288
"base","metric_uniform","random_60",500,5000,"auction_gs","jv","default",3,1.250507,1.2484255,1.2877305
"base","tied","block_4",500,1500,"auction_gs","jv","default",3,0.04505273,0.044339145,0.04513721
"base","tied","block_4",500,500,"auction_gs","jv","default",3,0.003199066,0.003134532,0.003251915
"base","tied","block_4",500,5000,"auction_gs","jv","default",3,0.4243293,0.42220095,0.42501695
"base","tied","none",500,1500,"auction_gs","jv","default",3,0.0604579,0.06041276,0.06248453
"base","tied","none",500,500,"auction_gs","jv","default",3,0.009688382,0.0090570025,0.0098357565
"base","tied","none",500,5000,"auction_gs","jv","default",3,0.5768807,0.5765771,0.58891025
"base","tied","random_01",500,1500,"auction_gs","jv","default",3,0.07867732,0.077431185,0.083633155
"base","tied","random_01",500,500,"auction_gs","jv","default",3,0.001554351,0.0014908625,0.001573826
"base","tied","random_01",500,5000,"auction_gs","jv","default",3,0.5969595,0.54290575,0.6109847
"base","tied","random_05",500,1500,"auction_gs","jv","default",3,0.0437987,0.043538085,0.043951035
"base","tied","random_05",500,500,"auction_gs","jv","default",3,0.002786688,0.0026700225,0.002891238
"base","tied","random_05",500,5000,"auction_gs","jv","default",3,0.5203681,0.518023,0.5216437
"base","tied","random_25",500,1500,"auction_gs","jv","default",3,0.0487335,0.04872766,0.048736205
"base","tied","random_25",500,500,"auction_gs","jv","default",3,0.004312462,0.0042875545,0.004328616
"base","tied","random_25",500,5000,"auction_gs","jv","default",3,0.5653398,0.5542336,0.565733
"base","tied","random_60",500,1500,"auction_gs","jv","default",3,0.06281934,0.06076805,0.06286397
"base","tied","random_60",500,500,"auction_gs","jv","default",3,0.007714191,0.0076705465,0.008101067
"base","tied","random_60",500,5000,"auction_gs","jv","default",3,0.5840691,0.5794755,0.5908246
"base","binary","block_4",500,1500,"auction_scaled","hk01","no_cost_scale",3,0.03094582,0.030896965,0.03095164
"base","binary","block_4",500,500,"auction_scaled","hk01","no_cost_scale",3,0.002272302,0.002264881,0.0022797025
"base","binary","block_4",500,5000,"auction_scaled","hk01","no_cost_scale",3,0.3652448,0.3651506,0.3654051
"base","binary","none",500,1500,"auction_scaled","hk01","no_cost_scale",3,0.04364889,0.042525305,0.04825989
"base","binary","none",500,500,"auction_scaled","hk01","no_cost_scale",3,0.005891946,0.0057840135,0.0059022165
"base","binary","none",500,5000,"auction_scaled","hk01","no_cost_scale",3,0.4543389,0.45357965,0.4700532
"base","binary","random_01",500,1500,"auction_scaled","hk01","no_cost_scale",3,0.0412731,0.040686535,0.04168595
"base","binary","random_01",500,500,"auction_scaled","hk01","no_cost_scale",3,0.00139113,0.0013809415,0.0014041475
"base","binary","random_01",500,5000,"auction_scaled","hk01","no_cost_scale",3,0.3825848,0.3822257,0.3828587
"base","binary","random_05",500,1500,"auction_scaled","hk01","no_cost_scale",3,0.02968904,0.0296218,0.02973541
"base","binary","random_05",500,500,"auction_scaled","hk01","no_cost_scale",3,0.001676777,0.0016430545,0.001689077
"base","binary","random_05",500,5000,"auction_scaled","hk01","no_cost_scale",3,0.39173,0.39141205,0.39226625
"base","binary","random_25",500,1500,"auction_scaled","hk01","no_cost_scale",3,0.03609751,0.036090435,0.03612551
"base","binary","random_25",500,500,"auction_scaled","hk01","no_cost_scale",3,0.003670197,0.0036678395,0.0036805495
"base","binary","random_25",500,5000,"auction_scaled","hk01","no_cost_scale",3,0.4112972,0.4103072,0.4124041
"base","binary","random_60",500,1500,"auction_scaled","hk01","no_cost_scale",3,0.04565284,0.04465978,0.048512635
"base","binary","random_60",500,500,"auction_scaled","hk01","no_cost_scale",3,0.00602372,0.006009288,0.0060331295
"base","binary","random_60",500,5000,"auction_scaled","hk01","no_cost_scale",3,0.4358009,0.43235575,0.448187
"base","constant","block_4",500,1500,"auction_scaled","hk01","no_cost_scale",3,0.03020495,0.0301948,0.030213535
"base","constant","block_4",500,500,"auction_scaled","hk01","no_cost_scale",3,0.001917939,0.001913798,0.001922162
"base","constant","block_4",500,5000,"auction_scaled","hk01","no_cost_scale",3,0.3886446,0.38764995,0.38906025
"base","constant","none",500,1500,"auction_scaled","hk01","no_cost_scale",3,0.03636097,0.036339405,0.036365975
"base","constant","none",500,500,"auction_scaled","hk01","no_cost_scale",3,0.00449114,0.0044870195,0.004496306
"base","constant","none",500,5000,"auction_scaled","hk01","no_cost_scale",3,0.3948069,0.39465585,0.3950585
"base","constant","random_01",500,1500,"auction_scaled","hk01","no_cost_scale",3,0.02845703,0.0284163,0.028562855
"base","constant","random_01",500,500,"auction_scaled","hk01","no_cost_scale",3,0.001399207,0.001391663,0.0014056645
"base","constant","random_01",500,5000,"auction_scaled","hk01","no_cost_scale",3,0.3813684,0.38133815,0.3815163
"base","constant","random_05",500,1500,"auction_scaled","hk01","no_cost_scale",3,0.02923767,0.02911953,0.029275005
"base","constant","random_05",500,500,"auction_scaled","hk01","no_cost_scale",3,0.001615031,0.0016128785,0.0016162815
"base","constant","random_05",500,5000,"auction_scaled","hk01","no_cost_scale",3,0.3887463,0.38844735,0.38997545
"base","constant","random_25",500,1500,"auction_scaled","hk01","no_cost_scale",3,0.03702919,0.036192175,0.037101885
"base","constant","random_25",500,500,"auction_scaled","hk01","no_cost_scale",3,0.003380163,0.003315506,0.003385083
"base","constant","random_25",500,5000,"auction_scaled","hk01","no_cost_scale",3,0.4091059,0.4088467,0.40931915
"base","constant","random_60",500,1500,"auction_scaled","hk01","no_cost_scale",3,0.04239359,0.04141822,0.043228985
"base","constant","random_60",500,500,"auction_scaled","hk01","no_cost_scale",3,0.00528203,0.0052682335,0.0052994345
"base","constant","random_60",500,5000,"auction_scaled","hk01","no_cost_scale",3,0.4071967,0.40574515,0.41900395
"base","dbl_uniform","block_4",500,1500,"auction_scaled","jv","default",3,0.1229891,0.12132775,0.13651135
"base","dbl_uniform","block_4",500,500,"auction_scaled","jv","default",3,0.002729452,0.002668977,0.0027522275
"base","dbl_uniform","block_4",500,5000,"auction_scaled","jv","default",3,1.775205,1.7526815,1.7906355
"base","dbl_uniform","none",500,1500,"auction_scaled","jv","default",3,0.165543,0.16214105,0.16852425
"base","dbl_uniform","none",500,500,"auction_scaled","jv","default",3,0.008300245,0.0082966575,0.008584908
"base","dbl_uniform","none",500,5000,"auction_scaled","jv","default",3,1.911994,1.866384,1.9143925
"base","dbl_uniform","random_01",500,1500,"auction_scaled","jv","default",3,0.1039382,0.096722915,0.1045825
"base","dbl_uniform","random_01",500,500,"auction_scaled","jv","default",3,0.001343201,0.001338322,0.001346317
"base","dbl_uniform","random_01",500,5000,"auction_scaled","jv","default",3,1.435747,1.404098,1.4666735
"base","dbl_uniform","random_05",500,1500,"auction_scaled","jv","default",3,0.1143786,0.1097851,0.1158977
"base","dbl_uniform","random_05",500,500,"auction_scaled","jv","default",3,0.001905352,0.001900022,0.0019141875
"base","dbl_uniform","random_05",500,5000,"auction_scaled","jv","default",3,1.586682,1.531118,1.7270285
"base","dbl_uniform","random_25",500,1500,"auction_scaled","jv","default",3,0.1261087,0.12581965,0.1331361
"base","dbl_uniform","random_25",500,500,"auction_scaled","jv","default",3,0.004342269,0.0043196985,0.004400407
"base","dbl_uniform","random_25",500,5000,"auction_scaled","jv","default",3,1.770236,1.612902,1.854411
"base","dbl_uniform","random_60",500,1500,"auction_scaled","jv","default",3,0.149308,0.14849535,0.1589635
"base","dbl_uniform","random_60",500,500,"auction_scaled","jv","default",3,0.007810828,0.0076037575,0.0079158085
"base","dbl_uniform","random_60",500,5000,"auction_scaled","jv","default",3,1.828158,1.762815,1.8623655
"base","heavy_tailed","block_4",500,1500,"auction_scaled","jv","default",3,0.2013959,0.19835725,0.2094475
"base","heavy_tailed","block_4",500,500,"auction_scaled","jv","default",3,0.007403534,0.0071753485,0.007521942
"base","heavy_tailed","block_4",500,5000,"auction_scaled","jv","default",3,4.674221,3.8857325,5.1550325
"base","heavy_tailed","none",500,1500,"auction_scaled","jv","default",3,0.3484476,0.31157855,0.4715907
"base","heavy_tailed","none",500,500,"auction_scaled","jv","default",3,0.02807668,0.02668161,0.02829984
"base","heavy_tailed","none",500,5000,"auction_scaled","jv","default",3,16.10285,14.659065,20.46067
"base","heavy_tailed","random_01",500,1500,"auction_scaled","jv","default",3,0.1821556,0.18169005,0.20792945
"base","heavy_tailed","random_01",500,500,"auction_scaled","jv","default",3,0.002226054,0.0020963505,0.002244996
"base","heavy_tailed","random_01",500,5000,"auction_scaled","jv","default",3,2.708119,2.6812595,2.7191925
"base","heavy_tailed","random_05",500,1500,"auction_scaled","jv","default",3,0.1896829,0.18736125,0.1927711
"base","heavy_tailed","random_05",500,500,"auction_scaled","jv","default",3,0.003473602,0.0034695635,0.0035826005
"base","heavy_tailed","random_05",500,5000,"auction_scaled","jv","default",3,2.295235,2.173633,2.3147185
"base","heavy_tailed","random_25",500,1500,"auction_scaled","jv","default",3,0.1739476,0.17097435,0.19170415
"base","heavy_tailed","random_25",500,500,"auction_scaled","jv","default",3,0.009088142,0.0086374495,0.009722556
"base","heavy_tailed","random_25",500,5000,"auction_scaled","jv","default",3,2.394138,2.217735,2.5731925
"base","heavy_tailed","random_60",500,1500,"auction_scaled","jv","default",3,0.2604962,0.2448915,0.27970955
"base","heavy_tailed","random_60",500,500,"auction_scaled","jv","default",3,0.01773808,0.01750448,0.017940165
"base","heavy_tailed","random_60",500,5000,"auction_scaled","jv","default",3,5.705454,4.7998175,6.3279655
"base","int_uniform","block_4",500,1500,"auction_scaled","jv","default",3,0.1322209,0.12922675,0.14398855
"base","int_uniform","block_4",500,500,"auction_scaled","jv","default",3,0.002699112,0.0026057345,0.002712437
"base","int_uniform","block_4",500,5000,"auction_scaled","jv","default",3,1.765406,1.730741,1.8497365
"base","int_uniform","none",500,1500,"auction_scaled","jv","default",3,0.1565626,0.1506336,0.16283605
"base","int_uniform","none",500,500,"auction_scaled","jv","default",3,0.00913562,0.0090458505,0.009201794
"base","int_uniform","none",500,5000,"auction_scaled","jv","default",3,1.628039,1.598991,1.7126455
"base","int_uniform","random_01",500,1500,"auction_scaled","jv","default",3,0.09629514,0.095255895,0.10282222
"base","int_uniform","random_01",500,500,"auction_scaled","jv","default",3,0.001333115,0.001317412,0.001338322
"base","int_uniform","random_01",500,5000,"auction_scaled","jv","default",3,1.382909,1.331487,1.4170435
"base","int_uniform","random_05",500,1500,"auction_scaled","jv","default",3,0.1078764,0.10350763,0.11233685
"base","int_uniform","random_05",500,500,"auction_scaled","jv","default",3,0.00191183,0.0018794605,0.0019348925
"base","int_uniform","random_05",500,5000,"auction_scaled","jv","default",3,1.52711,1.4142315,1.582303
"base","int_uniform","random_25",500,1500,"auction_scaled","jv","default",3,0.1204277,0.11815795,0.12367815
"base","int_uniform","random_25",500,500,"auction_scaled","jv","default",3,0.004328903,0.004213857,0.004372117
"base","int_uniform","random_25",500,5000,"auction_scaled","jv","default",3,1.736303,1.702162,1.7682345
"base","int_uniform","random_60",500,1500,"auction_scaled","jv","default",3,0.1536636,0.14962435,0.1548106
"base","int_uniform","random_60",500,500,"auction_scaled","jv","default",3,0.007733256,0.007535636,0.007905046
"base","int_uniform","random_60",500,5000,"auction_scaled","jv","default",3,1.739321,1.7288735,1.8141655
"base","metric_clustered","block_4",500,1500,"auction_scaled","jv","default",3,0.1306761,0.11704915,0.13074425
"base","metric_clustered","block_4",500,500,"auction_scaled","jv","default",3,0.00276873,0.002767582,0.0028317265
"base","metric_clustered","block_4",500,5000,"auction_scaled","jv","default",3,1.66575,1.638285,1.718359
"base","metric_clustered","none",500,1500,"auction_scaled","jv","default",3,0.1290279,0.126768,0.1315216
"base","metric_clustered","none",500,500,"auction_scaled","jv","default",3,0.008797165,0.008574453,0.0088107155
"base","metric_clustered","none",500,5000,"auction_scaled","jv","default",3,1.520697,1.4806485,1.5832805
"base","metric_clustered","random_01",500,1500,"auction_scaled","jv","default",3,0.1058055,0.095632765,0.11253065
"base","metric_clustered","random_01",500,500,"auction_scaled","jv","default",3,0.001336887,0.001335329,0.001353492
"base","metric_clustered","random_01",500,5000,"auction_scaled","jv","default",3,1.445548,1.4416935,1.5163315
"base","metric_clustered","random_05",500,1500,"auction_scaled","jv","default",3,0.1286158,0.12024465,0.1304646
"base","metric_clustered","random_05",500,500,"auction_scaled","jv","default",3,0.00206517,0.0020061915,0.002072673
"base","metric_clustered","random_05",500,5000,"auction_scaled","jv","default",3,1.507551,1.490935,1.5144995
"base","metric_clustered","random_25",500,1500,"auction_scaled","jv","default",3,0.1260062,0.12591745,0.1311469
"base","metric_clustered","random_25",500,500,"auction_scaled","jv","default",3,0.004956859,0.0048444165,0.0050986575
"base","metric_clustered","random_25",500,5000,"auction_scaled","jv","default",3,1.528671,1.5017775,1.591342
"base","metric_clustered","random_60",500,1500,"auction_scaled","jv","default",3,0.143612,0.14003895,0.14514475
"base","metric_clustered","random_60",500,500,"auction_scaled","jv","default",3,0.007795043,0.0077766955,0.0078567685
"base","metric_clustered","random_60",500,5000,"auction_scaled","jv","default",3,1.671379,1.60066,1.680282
"base","metric_uniform","block_4",500,1500,"auction_scaled","jv","default",3,0.1067047,0.10349385,0.1147375
"base","metric_uniform","block_4",500,500,"auction_scaled","jv","default",3,0.002379886,0.0023641625,0.002458524
"base","metric_uniform","block_4",500,5000,"auction_scaled","jv","default",3,1.227288,1.224941,1.295159
"base","metric_uniform","none",500,1500,"auction_scaled","jv","default",3,0.1208142,0.1184009,0.12343205
"base","metric_uniform","none",500,500,"auction_scaled","jv","default",3,0.006260659,0.006234378,0.00712006
"base","metric_uniform","none",500,5000,"auction_scaled","jv","default",3,1.464683,1.3490535,1.5281305
"base","metric_uniform","random_01",500,1500,"auction_scaled","jv","default",3,0.09564779,0.095491705,0.105601245
"base","metric_uniform","random_01",500,500,"auction_scaled","jv","default",3,0.001349802,0.001346932,0.0013834835
"base","metric_uniform","random_01",500,5000,"auction_scaled","jv","default",3,1.464567,1.4192805,1.481464
"base","metric_uniform","random_05",500,1500,"auction_scaled","jv","default",3,0.117937,0.1100819,0.11828745
"base","metric_uniform","random_05",500,500,"auction_scaled","jv","default",3,0.00188395,0.0018775745,0.0018984025
"base","metric_uniform","random_05",500,5000,"auction_scaled","jv","default",3,1.349373,1.244186,1.445074
"base","metric_uniform","random_25",500,1500,"auction_scaled","jv","default",3,0.1098889,0.10816985,0.11468045
"base","metric_uniform","random_25",500,500,"auction_scaled","jv","default",3,0.004010784,0.0039946095,0.004044404
"base","metric_uniform","random_25",500,5000,"auction_scaled","jv","default",3,1.539083,1.441004,1.5923575
"base","metric_uniform","random_60",500,1500,"auction_scaled","jv","default",3,0.1200012,0.115545,0.1210092
"base","metric_uniform","random_60",500,500,"auction_scaled","jv","default",3,0.006616375,0.0065905655,0.0066965915
"base","metric_uniform","random_60",500,5000,"auction_scaled","jv","default",3,1.201464,1.1607525,1.352175
"base","tied","block_4",500,1500,"auction_scaled","jv","default",3,0.0418585,0.041803005,0.041872195
"base","tied","block_4",500,500,"auction_scaled","jv","default",3,0.002975903,0.002965161,0.003015837
"base","tied","block_4",500,5000,"auction_scaled","jv","default",3,0.5314721,0.53055385,0.53324435
"base","tied","none",500,1500,"auction_scaled","jv","default",3,0.05840319,0.05412941,0.05959309
"base","tied","none",500,500,"auction_scaled","jv","default",3,0.008275071,0.0081789055,0.008933941
"base","tied","none",500,5000,"auction_scaled","jv","default",3,0.6114418,0.61118715,0.6295113
"base","tied","random_01",500,1500,"auction_scaled","jv","default",3,0.08455651,0.075792375,0.08466631
"base","tied","random_01",500,500,"auction_scaled","jv","default",3,0.001341438,0.001322537,0.001350704
"base","tied","random_01",500,5000,"auction_scaled","jv","default",3,0.5707945,0.56909545,0.69155595
"base","tied","random_05",500,1500,"auction_scaled","jv","default",3,0.04261023,0.042607505,0.042743915
"base","tied","random_05",500,500,"auction_scaled","jv","default",3,0.002246185,0.002218428,0.002267382
"base","tied","random_05",500,5000,"auction_scaled","jv","default",3,0.5780132,0.5778549,0.57812475
"base","tied","random_25",500,1500,"auction_scaled","jv","default",3,0.05081237,0.050361265,0.05085962
"base","tied","random_25",500,500,"auction_scaled","jv","default",3,0.004317751,0.004304057,0.0044943585
"base","tied","random_25",500,5000,"auction_scaled","jv","default",3,0.6011528,0.60047365,0.60240715
"base","tied","random_60",500,1500,"auction_scaled","jv","default",3,0.06015012,0.05914408,0.060366435
"base","tied","random_60",500,500,"auction_scaled","jv","default",3,0.007718045,0.007712551,0.0080358975
"base","tied","random_60",500,5000,"auction_scaled","jv","default",3,0.6174267,0.616641,0.6254832
"base","binary","block_4",500,1500,"auto","hk01","no_cost_scale",3,0.004700035,0.004695976,0.0047007525
"base","binary","block_4",500,500,"auto","hk01","no_cost_scale",3,0.001668208,0.001666732,0.001668782
"base","binary","block_4",500,5000,"auto","hk01","no_cost_scale",3,0.0158374,0.01583254,0.01584146
"base","binary","none",500,1500,"auto","hk01","no_cost_scale",3,0.01012142,0.01008352,0.01013567
"base","binary","none",500,500,"auto","hk01","no_cost_scale",3,0.003471429,0.003443098,0.003473807
"base","binary","none",500,5000,"auto","hk01","no_cost_scale",3,0.03364653,0.033518095,0.03371783
"base","binary","random_01",500,1500,"auto","hk01","no_cost_scale",3,0.003252202,0.003245355,0.003259131
"base","binary","random_01",500,500,"auto","hk01","no_cost_scale",3,0.004486999,0.004300982,0.005148862
"base","binary","random_01",500,5000,"auto","hk01","no_cost_scale",3,0.01166639,0.01163371,0.01168211
"base","binary","random_05",500,1500,"auto","hk01","no_cost_scale",3,0.00395814,0.003956172,0.0039670575
"base","binary","random_05",500,500,"auto","hk01","no_cost_scale",3,0.001413557,0.00141081,0.0014180875
"base","binary","random_05",500,5000,"auto","hk01","no_cost_scale",3,0.01325264,0.013226665,0.01328464
"base","binary","random_25",500,1500,"auto","hk01","no_cost_scale",3,0.007879585,0.0078785395,0.0078952675
"base","binary","random_25",500,500,"auto","hk01","no_cost_scale",3,0.002716824,0.002715512,0.0027183205
"base","binary","random_25",500,5000,"auto","hk01","no_cost_scale",3,0.02625292,0.026165035,0.02627567
"base","binary","random_60",500,1500,"auto","hk01","no_cost_scale",3,0.01232489,0.012254535,0.01232536
"base","binary","random_60",500,500,"auto","hk01","no_cost_scale",3,0.004193152,0.004188355,0.0042149025
"base","binary","random_60",500,5000,"auto","hk01","no_cost_scale",3,0.04114924,0.041074845,0.0412337
"base","constant","block_4",500,1500,"auto","hk01","no_cost_scale",3,0.003553224,0.003545967,0.003563392
"base","constant","block_4",500,500,"auto","hk01","no_cost_scale",3,0.001247753,0.001244883,0.0012497005
"base","constant","block_4",500,5000,"auto","hk01","no_cost_scale",3,0.01184388,0.011821675,0.011845805
"base","constant","none",500,1500,"auto","hk01","no_cost_scale",3,0.004971455,0.0049648335,0.0049979615
"base","constant","none",500,500,"auto","hk01","no_cost_scale",3,0.001758121,0.0017542875,0.001770995
"base","constant","none",500,5000,"auto","hk01","no_cost_scale",3,0.01651382,0.016499015,0.016528475
"base","constant","random_01",500,1500,"auto","hk01","no_cost_scale",3,0.00316643,0.003164749,0.003167701
"base","constant","random_01",500,500,"auto","hk01","no_cost_scale",3,0.001133568,0.001130247,0.001136889
"base","constant","random_01",500,5000,"auto","hk01","no_cost_scale",3,0.01124224,0.01120235,0.01125415
"base","constant","random_05",500,1500,"auto","hk01","no_cost_scale",3,0.003694182,0.003689057,0.0037023615
"base","constant","random_05",500,500,"auto","hk01","no_cost_scale",3,0.001323193,0.001321922,0.001324669
"base","constant","random_05",500,5000,"auto","hk01","no_cost_scale",3,0.01226162,0.012255,0.01228487
"base","constant","random_25",500,1500,"auto","hk01","no_cost_scale",3,0.006587921,0.0065445635,0.006614325
"base","constant","random_25",500,500,"auto","hk01","no_cost_scale",3,0.002291121,0.002282757,0.002291572
"base","constant","random_25",500,5000,"auto","hk01","no_cost_scale",3,0.02192668,0.021660935,0.02194925
"base","constant","random_60",500,1500,"auto","hk01","no_cost_scale",3,0.009088634,0.009027585,0.0091088265
"base","constant","random_60",500,500,"auto","hk01","no_cost_scale",3,0.003148759,0.003113786,0.0031738715
"base","constant","random_60",500,5000,"auto","hk01","no_cost_scale",3,0.02968945,0.02961157,0.029809255
"base","dbl_uniform","block_4",500,1500,"auto","jv","default",3,0.003841208,0.0038230655,0.0038856725
"base","dbl_uniform","block_4",500,500,"auto","jv","default",3,0.003654207,0.003590903,0.0036883805
"base","dbl_uniform","block_4",500,5000,"auto","jv","default",3,0.01205552,0.01200679,0.012063615
"base","dbl_uniform","none",500,1500,"auto","jv","default",3,0.004076138,0.0039834165,0.0041490975
"base","dbl_uniform","none",500,500,"auto","jv","default",3,0.003247405,0.003210628,0.0034311465
"base","dbl_uniform","none",500,5000,"auto","jv","default",3,0.01153601,0.011412455,0.01157057
"base","dbl_uniform","random_01",500,1500,"auto","jv","default",3,0.003751213,0.0037445505,0.003754042
"base","dbl_uniform","random_01",500,500,"auto","jv","default",3,0.005821877,0.0055506005,0.005869478
"base","dbl_uniform","random_01",500,5000,"auto","jv","default",3,0.01219529,0.012182105,0.01220404
"base","dbl_uniform","random_05",500,1500,"auto","jv","default",3,0.004163017,0.004155473,0.004163673
"base","dbl_uniform","random_05",500,500,"auto","jv","default",3,0.006820514,0.006535154,0.007062496
"base","dbl_uniform","random_05",500,5000,"auto","jv","default",3,0.01349536,0.013459095,0.01352256
"base","dbl_uniform","random_25",500,1500,"auto","jv","default",3,0.006302397,0.0062623195,0.0063038115
"base","dbl_uniform","random_25",500,500,"auto","jv","default",3,0.008429723,0.008103199,0.0089350275
"base","dbl_uniform","random_25",500,5000,"auto","jv","default",3,0.01964023,0.019614095,0.019642095
"base","dbl_uniform","random_60",500,1500,"auto","jv","default",3,0.007964537,0.0079297895,0.0081044495
"base","dbl_uniform","random_60",500,500,"auto","jv","default",3,0.008840379,0.008497127,0.0095397795
"base","dbl_uniform","random_60",500,5000,"auto","jv","default",3,0.02454777,0.02454658,0.02475033
"base","heavy_tailed","block_4",500,1500,"auto","jv","default",3,0.003824808,0.0038074035,0.0038469275
"base","heavy_tailed","block_4",500,500,"auto","jv","default",3,0.004196063,0.0039256065,0.0043031345
"base","heavy_tailed","block_4",500,5000,"auto","jv","default",3,0.01200509,0.01200101,0.01204648
"base","heavy_tailed","none",500,1500,"auto","jv","default",3,0.003896927,0.0038803425,0.003936984
"base","heavy_tailed","none",500,500,"auto","jv","default",3,0.003656954,0.0036461505,0.0038417
"base","heavy_tailed","none",500,5000,"auto","jv","default",3,0.01132473,0.01128861,0.011381925
"base","heavy_tailed","random_01",500,1500,"auto","jv","default",3,0.003771139,0.003768925,0.003780282
"base","heavy_tailed","random_01",500,500,"auto","jv","default",3,0.007213458,0.00710366,0.007666549
"base","heavy_tailed","random_01",500,5000,"auto","jv","default",3,0.01217868,0.012158015,0.01220658
"base","heavy_tailed","random_05",500,1500,"auto","jv","default",3,0.00414223,0.0041322465,0.00415699
"base","heavy_tailed","random_05",500,500,"auto","jv","default",3,0.007427806,0.0072536995,0.008475848
"base","heavy_tailed","random_05",500,5000,"auto","jv","default",3,0.0134136,0.01341229,0.013417145
"base","heavy_tailed","random_25",500,1500,"auto","jv","default",3,0.006350408,0.0063177515,0.0063836385
"base","heavy_tailed","random_25",500,500,"auto","jv","default",3,0.009973086,0.0086459365,0.010043383
"base","heavy_tailed","random_25",500,5000,"auto","jv","default",3,0.01966856,0.019643385,0.019678625
"base","heavy_tailed","random_60",500,1500,"auto","jv","default",3,0.007942397,0.007922676,0.0080208505
"base","heavy_tailed","random_60",500,500,"auto","jv","default",3,0.008530132,0.0084539335,0.00910446
"base","heavy_tailed","random_60",500,5000,"auto","jv","default",3,0.02462431,0.024612095,0.024713385
"base","int_uniform","block_4",500,1500,"auto","jv","default",3,0.003883356,0.0038131845,0.0038901005
"base","int_uniform","block_4",500,500,"auto","jv","default",3,0.003756748,0.0037447555,0.003901847
"base","int_uniform","block_4",500,5000,"auto","jv","default",3,0.01205892,0.01204426,0.012081695
"base","int_uniform","none",500,1500,"auto","jv","default",3,0.004251946,0.00421931,0.00429557
"base","int_uniform","none",500,500,"auto","jv","default",3,0.004401432,0.0040114195,0.0044485
"base","int_uniform","none",500,5000,"auto","jv","default",3,0.01182772,0.01181425,0.01188502
"base","int_uniform","random_01",500,1500,"auto","jv","default",3,0.003726777,0.0037045345,0.003730713
"base","int_uniform","random_01",500,500,"auto","jv","default",3,0.0049979,0.0048408085,0.005444677
"base","int_uniform","random_01",500,5000,"auto","jv","default",3,0.01214654,0.012145185,0.012164065
"base","int_uniform","random_05",500,1500,"auto","jv","default",3,0.004137597,0.0041196185,0.004182369
"base","int_uniform","random_05",500,500,"auto","jv","default",3,0.006584559,0.006423962,0.00694294
"base","int_uniform","random_05",500,5000,"auto","jv","default",3,0.01337564,0.01335639,0.01345079
"base","int_uniform","random_25",500,1500,"auto","jv","default",3,0.006270294,0.006242742,0.0063455085
"base","int_uniform","random_25",500,500,"auto","jv","default",3,0.006737448,0.006731093,0.0077110135
"base","int_uniform","random_25",500,5000,"auto","jv","default",3,0.01967028,0.01965136,0.019716715
"base","int_uniform","random_60",500,1500,"auto","jv","default",3,0.008142846,0.008076836,0.0082230625
"base","int_uniform","random_60",500,500,"auto","jv","default",3,0.008696756,0.008684743,0.008865922
"base","int_uniform","random_60",500,5000,"auto","jv","default",3,0.0248114,0.024791595,0.0249526
"base","metric_clustered","block_4",500,1500,"auto","jv","default",3,0.004006725,0.003964208,0.0040490575
"base","metric_clustered","block_4",500,500,"auto","jv","default",3,0.005033078,0.004754688,0.005052594
"base","metric_clustered","block_4",500,5000,"auto","jv","default",3,0.01214203,0.01211222,0.012144815
"base","metric_clustered","none",500,1500,"auto","jv","default",3,0.004043625,0.003963593,0.0040751745
"base","metric_clustered","none",500,500,"auto","jv","default",3,0.006284193,0.006060784,0.0070712085
"base","metric_clustered","none",500,5000,"auto","jv","default",3,0.01114044,0.011118625,0.011151735
"base","metric_clustered","random_01",500,1500,"auto","jv","default",3,0.003760889,0.0037542265,0.0038098225
"base","metric_clustered","random_01",500,500,"auto","jv","default",3,0.005274281,0.0051115725,0.0055403915
"base","metric_clustered","random_01",500,5000,"auto","jv","default",3,0.01228409,0.012264615,0.012304835
"base","metric_clustered","random_05",500,1500,"auto","jv","default",3,0.004275275,0.004258301,0.0043034215
"base","metric_clustered","random_05",500,500,"auto","jv","default",3,0.008476422,0.0077562365,0.009775096
"base","metric_clustered","random_05",500,5000,"auto","jv","default",3,0.01358146,0.013580205,0.013594905
"base","metric_clustered","random_25",500,1500,"auto","jv","default",3,0.006684886,0.006656842,0.0067337375
"base","metric_clustered","random_25",500,500,"auto","jv","default",3,0.01341914,0.012717075,0.01393836
"base","metric_clustered","random_25",500,5000,"auto","jv","default",3,0.01984634,0.01977752,0.0199447
"base","metric_clustered","random_60",500,1500,"auto","jv","default",3,0.008613895,0.008545917,0.0086591795
"base","metric_clustered","random_60",500,500,"auto","jv","default",3,0.0134496,0.01196862,0.013854125
"base","metric_clustered","random_60",500,5000,"auto","jv","default",3,0.02480939,0.024773675,0.024969925
"base","metric_uniform","block_4",500,1500,"auto","jv","default",3,0.003784628,0.0037707495,0.0038201135
"base","metric_uniform","block_4",500,500,"auto","jv","default",3,0.00417913,0.0041692285,0.004308198
"base","metric_uniform","block_4",500,5000,"auto","jv","default",3,0.01203088,0.01199986,0.01205464
"base","metric_uniform","none",500,1500,"auto","jv","default",3,0.00383022,0.003818084,0.0039735765
"base","metric_uniform","none",500,500,"auto","jv","default",3,0.005703428,0.005010692,0.005932167
"base","metric_uniform","none",500,5000,"auto","jv","default",3,0.01107156,0.011018055,0.01110563
"base","metric_uniform","random_01",500,1500,"auto","jv","default",3,0.003786432,0.0037783755,0.0038022375
"base","metric_uniform","random_01",500,500,"auto","jv","default",3,0.004978835,0.004917212,0.005068748
"base","metric_uniform","random_01",500,5000,"auto","jv","default",3,0.01220906,0.01220572,0.01224307
"base","metric_uniform","random_05",500,1500,"auto","jv","default",3,0.004259572,0.0042382315,0.004265107
"base","metric_uniform","random_05",500,500,"auto","jv","default",3,0.007587296,0.0063460825,0.008048751
"base","metric_uniform","random_05",500,5000,"auto","jv","default",3,0.01351143,0.01349874,0.013574915
"base","metric_uniform","random_25",500,1500,"auto","jv","default",3,0.006354385,0.006351679,0.006365373
"base","metric_uniform","random_25",500,500,"auto","jv","default",3,0.01049436,0.0095365795,0.010738185
"base","metric_uniform","random_25",500,5000,"auto","jv","default",3,0.01987049,0.019846625,0.019891315
"base","metric_uniform","random_60",500,1500,"auto","jv","default",3,0.008085692,0.0080103545,0.008153096
"base","metric_uniform","random_60",500,500,"auto","jv","default",3,0.009938687,0.0093118175,0.0102809935
"base","metric_uniform","random_60",500,5000,"auto","jv","default",3,0.02458409,0.024545815,0.024761805
"base","tied","block_4",500,1500,"auto","jv","default",3,0.05280087,0.05277627,0.05284599
"base","tied","block_4",500,500,"auto","jv","default",3,0.01736215,0.017346485,0.01741338
"base","tied","block_4",500,5000,"auto","jv","default",3,0.1761893,0.17612065,0.17678345
"base","tied","none",500,1500,"auto","jv","default",3,0.1972998,0.1967145,0.1975698
"base","tied","none",500,500,"auto","jv","default",3,0.05654449,0.05623439,0.0565998
"base","tied","none",500,5000,"auto","jv","default",3,0.6798446,0.67939725,0.6807484
"base","tied","random_01",500,1500,"auto","jv","default",3,0.003960559,0.00395445,0.0039848515
"base","tied","random_01",500,500,"auto","jv","default",3,0.004195899,0.0039751755,0.004392945
"base","tied","random_01",500,5000,"auto","jv","default",3,0.01316547,0.013114345,0.013365465
"base","tied","random_05",500,1500,"auto","jv","default",3,0.1105091,0.1097088,0.1147123
"base","tied","random_05",500,500,"auto","jv","default",3,0.04034544,0.040129635,0.040977125
"base","tied","random_05",500,5000,"auto","jv","default",3,0.3770325,0.3650219,0.3801183
"base","tied","random_25",500,1500,"auto","jv","default",3,0.1975217,0.1974885,0.1975606
"base","tied","random_25",500,500,"auto","jv","default",3,0.06138204,0.06096099,0.06144223
"base","tied","random_25",500,5000,"auto","jv","default",3,0.6829573,0.68203275,0.684543
"base","tied","random_60",500,1500,"auto","jv","default",3,0.2020979,0.20208465,0.2022233
"base","tied","random_60",500,500,"auto","jv","default",3,0.06172386,0.06161033,0.06207115
"base","tied","random_60",500,5000,"auto","jv","default",3,0.6974514,0.6969789,0.6978805
"large","binary","none",1000,10000,"auto","hk01","no_cost_scale",2,0.1586294,0.1573045,0.1599543
"large","binary","none",1500,1500,"auto","hk01","no_cost_scale",2,0.03085199,0.030779615,0.030924365
"large","binary","none",1500,4500,"auto","hk01","no_cost_scale",2,0.1069426,0.1068167,0.1070685
"large","binary","random_01",1000,10000,"auto","hk01","no_cost_scale",2,0.072171545,0.0720119225,0.0723311675
"large","binary","random_01",1500,1500,"auto","hk01","no_cost_scale",2,0.01075742,0.010749835,0.010765005
"large","binary","random_01",1500,4500,"auto","hk01","no_cost_scale",2,0.05008833,0.05007686,0.0500998
"large","binary","random_25",1000,10000,"auto","hk01","no_cost_scale",2,0.126496,0.12644685,0.12654515
"large","binary","random_25",1500,1500,"auto","hk01","no_cost_scale",2,0.024024155,0.0240064425,0.0240418675
"large","binary","random_25",1500,4500,"auto","hk01","no_cost_scale",2,0.087786515,0.0877775475,0.0877954825
"large","dbl_uniform","none",1000,10000,"auto","jv","default",2,0.06700105,0.06683621,0.06716589
"large","dbl_uniform","none",1500,1500,"auto","jv","default",2,0.04590567,0.04578674,0.0460246
"large","dbl_uniform","none",1500,4500,"auto","jv","default",2,0.0529318,0.05283265,0.05303095
"large","dbl_uniform","random_01",1000,10000,"auto","jv","default",2,0.07030608,0.07018758,0.07042458
"large","dbl_uniform","random_01",1500,1500,"auto","jv","default",2,0.07708482,0.074572965,0.079596675
"large","dbl_uniform","random_01",1500,4500,"auto","jv","default",2,0.050782865,0.0507813375,0.0507843925
"large","dbl_uniform","random_25",1000,10000,"auto","jv","default",2,0.10021335,0.100197075,0.100229625
"large","dbl_uniform","random_25",1500,1500,"auto","jv","default",2,0.09382023,0.088308595,0.099331865
"large","dbl_uniform","random_25",1500,4500,"auto","jv","default",2,0.073527825,0.0735248825,0.0735307675
"large","heavy_tailed","none",1000,10000,"auto","jv","default",2,0.06655624,0.06643732,0.06667516
"large","heavy_tailed","none",1500,1500,"auto","jv","default",2,0.043974405,0.0428489025,0.0450999075
"large","heavy_tailed","none",1500,4500,"auto","jv","default",2,0.05332874,0.053248935,0.053408545
"large","heavy_tailed","random_01",1000,10000,"auto","jv","default",2,0.07065719,0.07064202,0.07067236
"large","heavy_tailed","random_01",1500,1500,"auto","jv","default",2,0.10495722,0.09869703,0.11121741
"large","heavy_tailed","random_01",1500,4500,"auto","jv","default",2,0.05050374,0.050416215,0.050591265
"large","heavy_tailed","random_25",1000,10000,"auto","jv","default",2,0.100042095,0.1000076925,0.1000764975
"large","heavy_tailed","random_25",1500,1500,"auto","jv","default",2,0.09337994,0.093123065,0.093636815
"large","heavy_tailed","random_25",1500,4500,"auto","jv","default",2,0.072803765,0.0726968275,0.0729107025
"large","int_uniform","none",1000,10000,"auto","jv","default",2,0.07040764,0.070280675,0.070534605
"large","int_uniform","none",1500,1500,"auto","jv","default",2,0.03986518,0.039347585,0.040382775
"large","int_uniform","none",1500,4500,"auto","jv","default",2,0.05614374,0.055703675,0.056583805
"large","int_uniform","random_01",1000,10000,"auto","jv","default",2,0.070032,0.069925165,0.070138835
"large","int_uniform","random_01",1500,1500,"auto","jv","default",2,0.08167733,0.080697265,0.082657395
"large","int_uniform","random_01",1500,4500,"auto","jv","default",2,0.050112845,0.0499877225,0.0502379675
"large","int_uniform","random_25",1000,10000,"auto","jv","default",2,0.1007081,0.10065295,0.10076325
"large","int_uniform","random_25",1500,1500,"auto","jv","default",2,0.09331762,0.092633935,0.094001305
"large","int_uniform","random_25",1500,4500,"auto","jv","default",2,0.0731588,0.07294062,0.07337698
"large","metric_clustered","none",1000,10000,"auto","jv","default",2,0.06582464,0.065689915,0.065959365
"large","metric_clustered","none",1500,1500,"auto","jv","default",2,0.14898375,0.136183425,0.161784075
"large","metric_clustered","none",1500,4500,"auto","jv","default",2,0.052144515,0.0517223075,0.0525667225
"large","metric_clustered","random_01",1000,10000,"auto","jv","default",2,0.070580475,0.0705571875,0.0706037625
"large","metric_clustered","random_01",1500,1500,"auto","jv","default",2,0.08686391,0.084621045,0.089106775
"large","metric_clustered","random_01",1500,4500,"auto","jv","default",2,0.051035775,0.0509407775,0.0511307725
"large","metric_clustered","random_25",1000,10000,"auto","jv","default",2,0.10111255,0.100987275,0.101237825
"large","metric_clustered","random_25",1500,1500,"auto","jv","default",2,0.1448431,0.13927215,0.15041405
"large","metric_clustered","random_25",1500,4500,"auto","jv","default",2,0.07571667,0.07570892,0.07572442
"base","binary","block_4",500,1500,"csa","hk01","no_cost_scale",3,0.02211064,0.021959495,0.022159205
"base","binary","block_4",500,500,"csa","hk01","no_cost_scale",3,0.002206579,0.0021942585,0.0022101255
"base","binary","block_4",500,5000,"csa","hk01","no_cost_scale",3,0.2639179,0.2599286,0.26589535
"base","binary","none",500,1500,"csa","hk01","no_cost_scale",3,0.02697796,0.026974105,0.028247095
"base","binary","none",500,500,"csa","hk01","no_cost_scale",3,0.004443621,0.004439521,0.0044565975
"base","binary","none",500,5000,"csa","hk01","no_cost_scale",3,0.2912352,0.2732711,0.29138445
"base","binary","random_01",500,1500,"csa","hk01","no_cost_scale",3,0.0265682,0.02650982,0.02666806
"base","binary","random_01",500,500,"csa","hk01","no_cost_scale",3,0.001461117,0.0014349385,0.0014682715
"base","binary","random_01",500,5000,"csa","hk01","no_cost_scale",3,0.2339006,0.23368585,0.23401785
"base","binary","random_05",500,1500,"csa","hk01","no_cost_scale",3,0.02119376,0.021154915,0.021244005
"base","binary","random_05",500,500,"csa","hk01","no_cost_scale",3,0.001894692,0.0018190675,0.0019838875
"base","binary","random_05",500,5000,"csa","hk01","no_cost_scale",3,0.2411433,0.2405768,0.2424304
"base","binary","random_25",500,1500,"csa","hk01","no_cost_scale",3,0.02552832,0.025491935,0.02638139
"base","binary","random_25",500,500,"csa","hk01","no_cost_scale",3,0.003747769,0.0037402045,0.0037574655
"base","binary","random_25",500,5000,"csa","hk01","no_cost_scale",3,0.2630259,0.26211025,0.27649995
"base","binary","random_60",500,1500,"csa","hk01","no_cost_scale",3,0.03351307,0.032430095,0.03484752
"base","binary","random_60",500,500,"csa","hk01","no_cost_scale",3,0.005613843,0.005582929,0.0056297715
"base","binary","random_60",500,5000,"csa","hk01","no_cost_scale",3,0.3143868,0.3021137,0.3147445
"base","constant","block_4",500,1500,"csa","hk01","no_cost_scale",3,0.02143234,0.02138472,0.021489595
"base","constant","block_4",500,500,"csa","hk01","no_cost_scale",3,0.001789527,0.001788748,0.001793504
"base","constant","block_4",500,5000,"csa","hk01","no_cost_scale",3,0.2601049,0.25929275,0.2609028
"base","constant","none",500,1500,"csa","hk01","no_cost_scale",3,0.02704971,0.027019125,0.027206225
"base","constant","none",500,500,"csa","hk01","no_cost_scale",3,0.003669828,0.0036630015,0.0036723905
"base","constant","none",500,5000,"csa","hk01","no_cost_scale",3,0.2821218,0.28127325,0.28246135
"base","constant","random_01",500,1500,"csa","hk01","no_cost_scale",3,0.0189019,0.01889655,0.018926725
"base","constant","random_01",500,500,"csa","hk01","no_cost_scale",3,0.001598016,0.001556237,0.001602772
"base","constant","random_01",500,5000,"csa","hk01","no_cost_scale",3,0.2337376,0.23363105,0.2338839
"base","constant","random_05",500,1500,"csa","hk01","no_cost_scale",3,0.02030849,0.020227045,0.020322245
"base","constant","random_05",500,500,"csa","hk01","no_cost_scale",3,0.001780466,0.00176669,0.001790757
"base","constant","random_05",500,5000,"csa","hk01","no_cost_scale",3,0.2428283,0.2417041,0.25181005
"base","constant","random_25",500,1500,"csa","hk01","no_cost_scale",3,0.02737111,0.02733956,0.027407745
"base","constant","random_25",500,500,"csa","hk01","no_cost_scale",3,0.003259336,0.0032441865,0.0033241775
"base","constant","random_25",500,5000,"csa","hk01","no_cost_scale",3,0.2615149,0.25962455,0.2709168
"base","constant","random_60",500,1500,"csa","hk01","no_cost_scale",3,0.03251591,0.032502235,0.03262122
"base","constant","random_60",500,500,"csa","hk01","no_cost_scale",3,0.004851489,0.0048421,0.004903846
"base","constant","random_60",500,5000,"csa","hk01","no_cost_scale",3,0.2966819,0.28553215,0.29739925
"base","dbl_uniform","block_4",500,1500,"csa","jv","default",3,0.07927723,0.0778238,0.08413696
"base","dbl_uniform","block_4",500,500,"csa","jv","default",3,0.002760284,0.0027486195,0.002776233
"base","dbl_uniform","block_4",500,5000,"csa","jv","default",3,1.039069,1.0367775,1.0703005
"base","dbl_uniform","none",500,1500,"csa","jv","default",3,0.1089639,0.1068925,0.10999625
"base","dbl_uniform","none",500,500,"csa","jv","default",3,0.006770412,0.0066216435,0.0068708005
"base","dbl_uniform","none",500,5000,"csa","jv","default",3,1.005567,0.9909801,1.083437
"base","dbl_uniform","random_01",500,1500,"csa","jv","default",3,0.06331659,0.062848165,0.06786892
"base","dbl_uniform","random_01",500,500,"csa","jv","default",3,0.001368006,0.001356075,0.001375468
"base","dbl_uniform","random_01",500,5000,"csa","jv","default",3,0.6707263,0.64716415,0.7301173
"base","dbl_uniform","random_05",500,1500,"csa","jv","default",3,0.07397208,0.070707865,0.076251455
"base","dbl_uniform","random_05",500,500,"csa","jv","default",3,0.002090139,0.0020451825,0.002092271
"base","dbl_uniform","random_05",500,5000,"csa","jv","default",3,0.8092452,0.78915625,0.8254302
"base","dbl_uniform","random_25",500,1500,"csa","jv","default",3,0.08132973,0.081170345,0.08441129
"base","dbl_uniform","random_25",500,500,"csa","jv","default",3,0.004443047,0.0043137945,0.004467524
"base","dbl_uniform","random_25",500,5000,"csa","jv","default",3,0.9445082,0.9414661,0.9927396
"base","dbl_uniform","random_60",500,1500,"csa","jv","default",3,0.1033069,0.09911392,0.10632525
"base","dbl_uniform","random_60",500,500,"csa","jv","default",3,0.006894724,0.0068632155,0.007476391
"base","dbl_uniform","random_60",500,5000,"csa","jv","default",3,1.007494,0.9836862,1.0151805
"base","heavy_tailed","block_4",500,1500,"csa","jv","default",3,0.1392863,0.133717,0.1459801
"base","heavy_tailed","block_4",500,500,"csa","jv","default",3,0.01042929,0.0102345,0.010431465
"base","heavy_tailed","block_4",500,5000,"csa","jv","default",3,3.4981,2.857847,4.1353835
"base","heavy_tailed","none",500,1500,"csa","jv","default",3,0.4214196,0.30214455,0.45355985
"base","heavy_tailed","none",500,500,"csa","jv","default",3,0.02732798,0.025715775,0.027760875
"base","heavy_tailed","none",500,5000,"csa","jv","default",3,14.61138,13.646815,20.305745
"base","heavy_tailed","random_01",500,1500,"csa","jv","default",3,0.1280607,0.12412275,0.13046555
"base","heavy_tailed","random_01",500,500,"csa","jv","default",3,0.002764302,0.0027542775,0.002852493
"base","heavy_tailed","random_01",500,5000,"csa","jv","default",3,1.472133,1.4239095,1.556533
"base","heavy_tailed","random_05",500,1500,"csa","jv","default",3,0.119567,0.11950395,0.12388195
"base","heavy_tailed","random_05",500,500,"csa","jv","default",3,0.00556042,0.0053760225,0.005570957
"base","heavy_tailed","random_05",500,5000,"csa","jv","default",3,1.289232,1.236149,1.298503
"base","heavy_tailed","random_25",500,1500,"csa","jv","default",3,0.1249361,0.11748285,0.1298082
"base","heavy_tailed","random_25",500,500,"csa","jv","default",3,0.01271701,0.011961525,0.01320411
"base","heavy_tailed","random_25",500,5000,"csa","jv","default",3,1.595774,1.4679655,2.019792
"base","heavy_tailed","random_60",500,1500,"csa","jv","default",3,0.2048529,0.19893485,0.2484805
"base","heavy_tailed","random_60",500,500,"csa","jv","default",3,0.01982284,0.01968422,0.020201475
"base","heavy_tailed","random_60",500,5000,"csa","jv","default",3,4.563589,3.878196,5.3887565
"base","int_uniform","block_4",500,1500,"csa","jv","default",3,0.07424059,0.074219635,0.08135532
"base","int_uniform","block_4",500,500,"csa","jv","default",3,0.002647493,0.0025965095,0.0027301285
"base","int_uniform","block_4",500,5000,"csa","jv","default",3,0.8908377,0.86799045,0.98915335
"base","int_uniform","none",500,1500,"csa","jv","default",3,0.0990403,0.096163925,0.10082045
"base","int_uniform","none",500,500,"csa","jv","default",3,0.007179715,0.007079716,0.007341542
"base","int_uniform","none",500,5000,"csa","jv","default",3,0.9585729,0.923087,0.99624195
"base","int_uniform","random_01",500,1500,"csa","jv","default",3,0.05979452,0.05478918,0.06332419
"base","int_uniform","random_01",500,500,"csa","jv","default",3,0.001375591,0.0013659355,0.0013943485
"base","int_uniform","random_01",500,5000,"csa","jv","default",3,0.8242319,0.75732435,0.87293775
"base","int_uniform","random_05",500,1500,"csa","jv","default",3,0.07692211,0.07616117,0.082880105
"base","int_uniform","random_05",500,500,"csa","jv","default",3,0.002029541,0.0020238625,0.002075256
"base","int_uniform","random_05",500,5000,"csa","jv","default",3,0.7921842,0.7735398,0.79871425
"base","int_uniform","random_25",500,1500,"csa","jv","default",3,0.07912725,0.07550574,0.08309599
"base","int_uniform","random_25",500,500,"csa","jv","default",3,0.004359694,0.0043086695,0.004393027
"base","int_uniform","random_25",500,5000,"csa","jv","default",3,1.062933,0.99841485,1.144018
"base","int_uniform","random_60",500,1500,"csa","jv","default",3,0.09512226,0.093125025,0.095626435
"base","int_uniform","random_60",500,500,"csa","jv","default",3,0.007194106,0.007022275,0.007235516
"base","int_uniform","random_60",500,5000,"csa","jv","default",3,0.9946718,0.99250585,1.0799144
"base","metric_clustered","block_4",500,1500,"csa","jv","default",3,0.08445352,0.080880985,0.0861377
"base","metric_clustered","block_4",500,500,"csa","jv","default",3,0.003081273,0.0030529625,0.003119772
"base","metric_clustered","block_4",500,5000,"csa","jv","default",3,0.8715433,0.80891825,0.88483905
"base","metric_clustered","none",500,1500,"csa","jv","default",3,0.0825569,0.080348685,0.087287565
"base","metric_clustered","none",500,500,"csa","jv","default",3,0.00699378,0.0069173355,0.007713535
"base","metric_clustered","none",500,5000,"csa","jv","default",3,0.8946142,0.8574219,0.92103145
"base","metric_clustered","random_01",500,1500,"csa","jv","default",3,0.07183991,0.07090263,0.082939655
"base","metric_clustered","random_01",500,500,"csa","jv","default",3,0.001372967,0.001366079,0.0013809825
"base","metric_clustered","random_01",500,5000,"csa","jv","default",3,0.8872448,0.81646095,0.92907105
"base","metric_clustered","random_05",500,1500,"csa","jv","default",3,0.08339544,0.080026715,0.09997417
"base","metric_clustered","random_05",500,500,"csa","jv","default",3,0.00237513,0.0022418595,0.00241818
"base","metric_clustered","random_05",500,5000,"csa","jv","default",3,0.8792728,0.8615389,0.8865053
"base","metric_clustered","random_25",500,1500,"csa","jv","default",3,0.08745981,0.08577524,0.089753575
"base","metric_clustered","random_25",500,500,"csa","jv","default",3,0.005105648,0.005101425,0.0051443315
"base","metric_clustered","random_25",500,5000,"csa","jv","default",3,0.8201143,0.81189095,0.90740495
"base","metric_clustered","random_60",500,1500,"csa","jv","default",3,0.08399945,0.080628385,0.08807483
"base","metric_clustered","random_60",500,500,"csa","jv","default",3,0.007666262,0.007651461,0.0077025265
"base","metric_clustered","random_60",500,5000,"csa","jv","default",3,0.8502156,0.8144823,0.9257038
"base","metric_uniform","block_4",500,1500,"csa","jv","default",3,0.07207148,0.06406121,0.0730399
"base","metric_uniform","block_4",500,500,"csa","jv","default",3,0.00243376,0.002387635,0.0025158625
"base","metric_uniform","block_4",500,5000,"csa","jv","default",3,0.7877972,0.7562817,0.82269885
"base","metric_uniform","none",500,1500,"csa","jv","default",3,0.07432521,0.074206205,0.07882914
"base","metric_uniform","none",500,500,"csa","jv","default",3,0.005508227,0.005440085,0.005896169
"base","metric_uniform","none",500,5000,"csa","jv","default",3,0.8171872,0.80213555,0.84237935
"base","metric_uniform","random_01",500,1500,"csa","jv","default",3,0.06689798,0.063912955,0.06846223
"base","metric_uniform","random_01",500,500,"csa","jv","default",3,0.001402282,0.001396583,0.001433114
"base","metric_uniform","random_01",500,5000,"csa","jv","default",3,0.7797716,0.77210495,0.81273265
"base","metric_uniform","random_05",500,1500,"csa","jv","default",3,0.06070308,0.060589305,0.063554285
"base","metric_uniform","random_05",500,500,"csa","jv","default",3,0.001994035,0.001966975,0.002011911
"base","metric_uniform","random_05",500,5000,"csa","jv","default",3,0.7310513,0.72996905,0.7779855
"base","metric_uniform","random_25",500,1500,"csa","jv","default",3,0.07349886,0.07215047,0.075980445
"base","metric_uniform","random_25",500,500,"csa","jv","default",3,0.004045183,0.003975319,0.004075318
"base","metric_uniform","random_25",500,5000,"csa","jv","default",3,0.8549252,0.8286601,0.86905685
"base","metric_uniform","random_60",500,1500,"csa","jv","default",3,0.07683375,0.07482666,0.078895315
"base","metric_uniform","random_60",500,500,"csa","jv","default",3,0.006067631,0.005932577,0.00613688
"base","metric_uniform","random_60",500,5000,"csa","jv","default",3,0.8260366,0.81370375,0.84149575
"base","tied","block_4",500,1500,"csa","jv","default",3,0.02520627,0.02509735,0.025240235
"base","tied","block_4",500,500,"csa","jv","default",3,0.003099764,0.003073032,0.0031636215
"base","tied","block_4",500,5000,"csa","jv","default",3,0.3164949,0.30664,0.31934905
"base","tied","none",500,1500,"csa","jv","default",3,0.03732911,0.03698522,0.03916191
"base","tied","none",500,500,"csa","jv","default",3,0.007498777,0.006974305,0.007654044
"base","tied","none",500,5000,"csa","jv","default",3,0.3581766,0.35748765,0.37091365
"base","tied","random_01",500,1500,"csa","jv","default",3,0.04852526,0.0452082,0.048554455
"base","tied","random_01",500,500,"csa","jv","default",3,0.001408514,0.001378666,0.0014338315
"base","tied","random_01",500,5000,"csa","jv","default",3,0.3117396,0.3111364,0.37554825
"base","tied","random_05",500,1500,"csa","jv","default",3,0.02483887,0.024756275,0.02603861
"base","tied","random_05",500,500,"csa","jv","default",3,0.002898823,0.0028124155,0.0029452965
"base","tied","random_05",500,5000,"csa","jv","default",3,0.3225063,0.32092045,0.3230482
"base","tied","random_25",500,1500,"csa","jv","default",3,0.0326649,0.03240855,0.03312939
"base","tied","random_25",500,500,"csa","jv","default",3,0.004407869,0.0043735725,0.0045893145
"base","tied","random_25",500,5000,"csa","jv","default",3,0.3461896,0.34533005,0.34625435
"base","tied","random_60",500,1500,"csa","jv","default",3,0.04235501,0.041166625,0.042377865
"base","tied","random_60",500,500,"csa","jv","default",3,0.007636701,0.007299394,0.007735675
"base","tied","random_60",500,5000,"csa","jv","default",3,0.366809,0.36548425,0.3708499
"base","binary","block_4",500,1500,"csflow","hk01","no_cost_scale",3,0.02526305,0.02512,0.025332015
"base","binary","block_4",500,500,"csflow","hk01","no_cost_scale",3,0.01096844,0.0109602,0.01096881
"base","binary","block_4",500,5000,"csflow","hk01","no_cost_scale",3,0.07403637,0.07401642,0.074087415
"base","binary","none",500,1500,"csflow","hk01","no_cost_scale",3,0.2411267,0.24106235,0.24115005
"base","binary","none",500,500,"csflow","hk01","no_cost_scale",3,0.1034929,0.1034245,0.10350195
"base","binary","none",500,5000,"csflow","hk01","no_cost_scale",3,0.7570762,0.75672715,0.7661993
"base","binary","random_01",500,1500,"csflow","hk01","no_cost_scale",3,0.005354436,0.0051604445,0.005534344
"base","binary","random_01",500,500,"csflow","hk01","no_cost_scale",3,0.004061788,0.003897501,0.004741322
"base","binary","random_01",500,5000,"csflow","hk01","no_cost_scale",3,0.01806136,0.01800523,0.018874985
"base","binary","random_05",500,1500,"csflow","hk01","no_cost_scale",3,0.04773655,0.04773622,0.0484915
"base","binary","random_05",500,500,"csflow","hk01","no_cost_scale",3,0.02446806,0.02442661,0.02450867
"base","binary","random_05",500,5000,"csflow","hk01","no_cost_scale",3,0.1282429,0.12732545,0.12876345
"base","binary","random_25",500,1500,"csflow","hk01","no_cost_scale",3,0.09645266,0.09624014,0.096623755
"base","binary","random_25",500,500,"csflow","hk01","no_cost_scale",3,0.04417238,0.04402853,0.04423326
"base","binary","random_25",500,5000,"csflow","hk01","no_cost_scale",3,0.2846256,0.28380345,0.28494735
"base","binary","random_60",500,1500,"csflow","hk01","no_cost_scale",3,0.1693768,0.16919625,0.16941705
"base","binary","random_60",500,500,"csflow","hk01","no_cost_scale",3,0.07311239,0.07302459,0.07326653
"base","binary","random_60",500,5000,"csflow","hk01","no_cost_scale",3,0.5340588,0.52946605,0.5340731
"base","constant","block_4",500,1500,"csflow","hk01","no_cost_scale",3,0.02089085,0.02077062,0.020899155
"base","constant","block_4",500,500,"csflow","hk01","no_cost_scale",3,0.008270274,0.0082190445,0.0083023975
"base","constant","block_4",500,5000,"csflow","hk01","no_cost_scale",3,0.06272803,0.06271493,0.062975815
"base","constant","none",500,1500,"csflow","hk01","no_cost_scale",3,0.2235104,0.22344245,0.2235525
"base","constant","none",500,500,"csflow","hk01","no_cost_scale",3,0.09486043,0.094724555,0.094999645
"base","constant","none",500,5000,"csflow","hk01","no_cost_scale",3,0.7281848,0.72799535,0.7283822
"base","constant","random_01",500,1500,"csflow","hk01","no_cost_scale",3,0.01755468,0.016973935,0.01778305
"base","constant","random_01",500,500,"csflow","hk01","no_cost_scale",3,0.009948978,0.009921262,0.010148874
"base","constant","random_01",500,5000,"csflow","hk01","no_cost_scale",3,0.03998759,0.039183455,0.04054408
"base","constant","random_05",500,1500,"csflow","hk01","no_cost_scale",3,0.03580075,0.035769405,0.03592383
"base","constant","random_05",500,500,"csflow","hk01","no_cost_scale",3,0.01802914,0.01801034,0.018100865
"base","constant","random_05",500,5000,"csflow","hk01","no_cost_scale",3,0.09377167,0.09362145,0.094219105
"base","constant","random_25",500,1500,"csflow","hk01","no_cost_scale",3,0.07904546,0.07894966,0.0792989
"base","constant","random_25",500,500,"csflow","hk01","no_cost_scale",3,0.03588004,0.03584064,0.03590536
"base","constant","random_25",500,5000,"csflow","hk01","no_cost_scale",3,0.2348616,0.2348199,0.235113
"base","constant","random_60",500,1500,"csflow","hk01","no_cost_scale",3,0.1515481,0.1513481,0.15177785
"base","constant","random_60",500,500,"csflow","hk01","no_cost_scale",3,0.06604128,0.06594407,0.06614778
"base","constant","random_60",500,5000,"csflow","hk01","no_cost_scale",3,0.4904812,0.4893522,0.49103445
"base","dbl_uniform","block_4",500,1500,"csflow","jv","default",3,0.009755581,0.0096864755,0.009839713
"base","dbl_uniform","block_4",500,500,"csflow","jv","default",3,0.005118604,0.0051032905,0.0051314165
"base","dbl_uniform","block_4",500,5000,"csflow","jv","default",3,0.0306764,0.030641985,0.03095877
"base","dbl_uniform","none",500,1500,"csflow","jv","default",3,0.02669149,0.02648682,0.026974865
"base","dbl_uniform","none",500,500,"csflow","jv","default",3,0.01947381,0.01943654,0.01950501
"base","dbl_uniform","none",500,5000,"csflow","jv","default",3,0.1018875,0.100880745,0.10281355
"base","dbl_uniform","random_01",500,1500,"csflow","jv","default",3,0.003928784,0.0039168735,0.0039541015
"base","dbl_uniform","random_01",500,500,"csflow","jv","default",3,0.002794847,0.002722318,0.002815839
"base","dbl_uniform","random_01",500,5000,"csflow","jv","default",3,0.01370265,0.013665935,0.01371694
"base","dbl_uniform","random_05",500,1500,"csflow","jv","default",3,0.005427252,0.005406793,0.0054279285
"base","dbl_uniform","random_05",500,500,"csflow","jv","default",3,0.00465432,0.004594624,0.00484456
"base","dbl_uniform","random_05",500,5000,"csflow","jv","default",3,0.01758814,0.017512905,0.01763125
"base","dbl_uniform","random_25",500,1500,"csflow","jv","default",3,0.01252456,0.012509615,0.012599075
"base","dbl_uniform","random_25",500,500,"csflow","jv","default",3,0.009731391,0.009570179,0.0102427455
"base","dbl_uniform","random_25",500,5000,"csflow","jv","default",3,0.0423423,0.04221967,0.04240308
"base","dbl_uniform","random_60",500,1500,"csflow","jv","default",3,0.02331531,0.02322443,0.02344495
"base","dbl_uniform","random_60",500,500,"csflow","jv","default",3,0.01624334,0.015873725,0.01682759
"base","dbl_uniform","random_60",500,5000,"csflow","jv","default",3,0.07705487,0.07610869,0.077278645
"base","heavy_tailed","block_4",500,1500,"csflow","jv","default",3,0.009687111,0.0095317005,0.0097203005
"base","heavy_tailed","block_4",500,500,"csflow","jv","default",3,0.005378421,0.005197406,0.005462676
"base","heavy_tailed","block_4",500,5000,"csflow","jv","default",3,0.03050453,0.03046831,0.03138687
"base","heavy_tailed","none",500,1500,"csflow","jv","default",3,0.0265097,0.026459475,0.026748175
"base","heavy_tailed","none",500,500,"csflow","jv","default",3,0.01936746,0.01871851,0.02044369
"base","heavy_tailed","none",500,5000,"csflow","jv","default",3,0.1022392,0.10202745,0.1023
"base","heavy_tailed","random_01",500,1500,"csflow","jv","default",3,0.004025134,0.004019476,0.0040401195
"base","heavy_tailed","random_01",500,500,"csflow","jv","default",3,0.003226659,0.0032157325,0.003387133
"base","heavy_tailed","random_01",500,5000,"csflow","jv","default",3,0.01367428,0.01365905,0.01373016
"base","heavy_tailed","random_05",500,1500,"csflow","jv","default",3,0.005411918,0.005373009,0.00542717
"base","heavy_tailed","random_05",500,500,"csflow","jv","default",3,0.004879533,0.00484702,0.0052996395
"base","heavy_tailed","random_05",500,5000,"csflow","jv","default",3,0.01757006,0.017539105,0.01758767
"base","heavy_tailed","random_25",500,1500,"csflow","jv","default",3,0.01272218,0.012702335,0.01279817
"base","heavy_tailed","random_25",500,500,"csflow","jv","default",3,0.01069456,0.0099353645,0.010932115
"base","heavy_tailed","random_25",500,5000,"csflow","jv","default",3,0.04231368,0.04205298,0.042511015
"base","heavy_tailed","random_60",500,1500,"csflow","jv","default",3,0.02322597,0.02310215,0.023432485
"base","heavy_tailed","random_60",500,500,"csflow","jv","default",3,0.0155556,0.01542832,0.016150675
"base","heavy_tailed","random_60",500,5000,"csflow","jv","default",3,0.07836863,0.077034205,0.07886348
"base","int_uniform","block_4",500,1500,"csflow","jv","default",3,0.009726102,0.009601831,0.0097905745
"base","int_uniform","block_4",500,500,"csflow","jv","default",3,0.005296913,0.005246073,0.005332993
"base","int_uniform","block_4",500,5000,"csflow","jv","default",3,0.03120461,0.03105461,0.0314453
"base","int_uniform","none",500,1500,"csflow","jv","default",3,0.02726086,0.02708427,0.027381645
"base","int_uniform","none",500,500,"csflow","jv","default",3,0.02022218,0.020096435,0.02073339
"base","int_uniform","none",500,5000,"csflow","jv","default",3,0.1014804,0.1012678,0.1022774
"base","int_uniform","random_01",500,1500,"csflow","jv","default",3,0.003921978,0.0039076895,0.0039297475
"base","int_uniform","random_01",500,500,"csflow","jv","default",3,0.00255471,0.0025028245,0.0026866275
"base","int_uniform","random_01",500,5000,"csflow","jv","default",3,0.0137015,0.013700495,0.01370232
"base","int_uniform","random_05",500,1500,"csflow","jv","default",3,0.005428441,0.005397076,0.005442053
"base","int_uniform","random_05",500,500,"csflow","jv","default",3,0.00465924,0.004536035,0.004779739
"base","int_uniform","random_05",500,5000,"csflow","jv","default",3,0.01755583,0.017504785,0.017608085
"base","int_uniform","random_25",500,1500,"csflow","jv","default",3,0.01295657,0.01273511,0.012987095
"base","int_uniform","random_25",500,500,"csflow","jv","default",3,0.008927504,0.0088180545,0.009500747
"base","int_uniform","random_25",500,5000,"csflow","jv","default",3,0.04172537,0.041465265,0.04219101
"base","int_uniform","random_60",500,1500,"csflow","jv","default",3,0.02332392,0.02327966,0.02360083
"base","int_uniform","random_60",500,500,"csflow","jv","default",3,0.01618122,0.01601351,0.01627464
"base","int_uniform","random_60",500,5000,"csflow","jv","default",3,0.07731878,0.07702237,0.07746433
"base","metric_clustered","block_4",500,1500,"csflow","jv","default",3,0.009268132,0.009238202,0.009394412
"base","metric_clustered","block_4",500,500,"csflow","jv","default",3,0.006293213,0.006141472,0.0063629745
"base","metric_clustered","block_4",500,5000,"csflow","jv","default",3,0.03022405,0.03004804,0.030352115
"base","metric_clustered","none",500,1500,"csflow","jv","default",3,0.02601352,0.02589296,0.026223805
"base","metric_clustered","none",500,500,"csflow","jv","default",3,0.02361719,0.022723515,0.025610485
"base","metric_clustered","none",500,5000,"csflow","jv","default",3,0.09781403,0.097733445,0.098411665
"base","metric_clustered","random_01",500,1500,"csflow","jv","default",3,0.003961871,0.003950227,0.0039833345
"base","metric_clustered","random_01",500,500,"csflow","jv","default",3,0.002649707,0.00259735,0.002716865
"base","metric_clustered","random_01",500,5000,"csflow","jv","default",3,0.01367678,0.01365388,0.01368629
"base","metric_clustered","random_05",500,1500,"csflow","jv","default",3,0.00550876,0.0054829505,0.005537378
"base","metric_clustered","random_05",500,500,"csflow","jv","default",3,0.005729545,0.005316921,0.0062490765
"base","metric_clustered","random_05",500,5000,"csflow","jv","default",3,0.01768133,0.017604105,0.01773711
"base","metric_clustered","random_25",500,1500,"csflow","jv","default",3,0.01338064,0.01322457,0.013423995
"base","metric_clustered","random_25",500,500,"csflow","jv","default",3,0.0141655,0.013650415,0.014483415
"base","metric_clustered","random_25",500,5000,"csflow","jv","default",3,0.04137765,0.04109145,0.04190278
"base","metric_clustered","random_60",500,1500,"csflow","jv","default",3,0.02415843,0.02397028,0.024438335
"base","metric_clustered","random_60",500,500,"csflow","jv","default",3,0.02208973,0.020282105,0.02236269
"base","metric_clustered","random_60",500,5000,"csflow","jv","default",3,0.07695602,0.076330155,0.07736163
"base","metric_uniform","block_4",500,1500,"csflow","jv","default",3,0.009540331,0.009404867,0.009671244
"base","metric_uniform","block_4",500,500,"csflow","jv","default",3,0.00556821,0.0055521995,0.005657836
"base","metric_uniform","block_4",500,5000,"csflow","jv","default",3,0.03111642,0.03061964,0.03140748
"base","metric_uniform","none",500,1500,"csflow","jv","default",3,0.02670051,0.02668979,0.026965125
"base","metric_uniform","none",500,500,"csflow","jv","default",3,0.02195718,0.02088173,0.022496515
"base","metric_uniform","none",500,5000,"csflow","jv","default",3,0.09894628,0.09878005,0.09961314
"base","metric_uniform","random_01",500,1500,"csflow","jv","default",3,0.003991022,0.0039830065,0.0039996115
"base","metric_uniform","random_01",500,500,"csflow","jv","default",3,0.002549749,0.0025455875,0.0025872845
"base","metric_uniform","random_01",500,5000,"csflow","jv","default",3,0.01365198,0.013633465,0.013665855
"base","metric_uniform","random_05",500,1500,"csflow","jv","default",3,0.005410278,0.0054079,0.0054544145
"base","metric_uniform","random_05",500,500,"csflow","jv","default",3,0.005018687,0.004486302,0.0051922195
"base","metric_uniform","random_05",500,5000,"csflow","jv","default",3,0.01755862,0.017539595,0.017561755
"base","metric_uniform","random_25",500,1500,"csflow","jv","default",3,0.01269286,0.012656985,0.012740995
"base","metric_uniform","random_25",500,500,"csflow","jv","default",3,0.01183428,0.011089965,0.011836885
"base","metric_uniform","random_25",500,5000,"csflow","jv","default",3,0.04141738,0.041319145,0.041550095
"base","metric_uniform","random_60",500,1500,"csflow","jv","default",3,0.02315418,0.02306273,0.02331738
"base","metric_uniform","random_60",500,500,"csflow","jv","default",3,0.01759798,0.01679186,0.017762285
"base","metric_uniform","random_60",500,5000,"csflow","jv","default",3,0.07571974,0.075352565,0.075748505
"base","tied","block_4",500,1500,"csflow","jv","default",3,0.02987924,0.029746975,0.02998455
"base","tied","block_4",500,500,"csflow","jv","default",3,0.01292049,0.012887795,0.012978755
"base","tied","block_4",500,5000,"csflow","jv","default",3,0.08841662,0.088215515,0.08848388
"base","tied","none",500,1500,"csflow","jv","default",3,0.2607894,0.2607518,0.2608675
"base","tied","none",500,500,"csflow","jv","default",3,0.1116959,0.11148605,0.1118103
"base","tied","none",500,5000,"csflow","jv","default",3,0.8388857,0.8281057,0.85845375
"base","tied","random_01",500,1500,"csflow","jv","default",3,0.004025995,0.004015786,0.0040317555
"base","tied","random_01",500,500,"csflow","jv","default",3,0.002401329,0.00233782,0.002468282
"base","tied","random_01",500,5000,"csflow","jv","default",3,0.0138753,0.01385757,0.01396667
"base","tied","random_05",500,1500,"csflow","jv","default",3,0.03904729,0.03891888,0.04043055
"base","tied","random_05",500,500,"csflow","jv","default",3,0.02069131,0.020679785,0.021001245
"base","tied","random_05",500,5000,"csflow","jv","default",3,0.1105494,0.1083035,0.111625
"base","tied","random_25",500,1500,"csflow","jv","default",3,0.1116365,0.1114123,0.11175635
"base","tied","random_25",500,500,"csflow","jv","default",3,0.05091191,0.05080406,0.05099635
"base","tied","random_25",500,5000,"csflow","jv","default",3,0.3335287,0.3333545,0.33500635
"base","tied","random_60",500,1500,"csflow","jv","default",3,0.187587,0.18758415,0.18766175
"base","tied","random_60",500,500,"csflow","jv","default",3,0.08158963,0.081340885,0.08163436
"base","tied","random_60",500,5000,"csflow","jv","default",3,0.5845755,0.58381035,0.58529515
"base","binary","block_4",500,1500,"hk01","hk01","no_cost_scale",3,0.004846528,0.0048369135,0.004855794
"base","binary","block_4",500,500,"hk01","hk01","no_cost_scale",3,0.001727002,0.0017237835,0.0017314095
"base","binary","block_4",500,5000,"hk01","hk01","no_cost_scale",3,0.016072,0.016026205,0.01607772
"base","binary","none",500,1500,"hk01","hk01","no_cost_scale",3,0.01002905,0.01001886,0.010046495
"base","binary","none",500,500,"hk01","hk01","no_cost_scale",3,0.003546131,0.0035191735,0.003552732
"base","binary","none",500,5000,"hk01","hk01","no_cost_scale",3,0.03351315,0.03350565,0.0335602
"base","binary","random_01",500,1500,"hk01","hk01","no_cost_scale",3,0.003576881,0.0035764505,0.003588689
"base","binary","random_01",500,500,"hk01","hk01","no_cost_scale",3,0.00451984,0.004349034,0.005211756
"base","binary","random_01",500,5000,"hk01","hk01","no_cost_scale",3,0.01224006,0.012227205,0.01224422
"base","binary","random_05",500,1500,"hk01","hk01","no_cost_scale",3,0.004029767,0.004026774,0.004030628
"base","binary","random_05",500,500,"hk01","hk01","no_cost_scale",3,0.001443077,0.001441437,0.001447095
"base","binary","random_05",500,5000,"hk01","hk01","no_cost_scale",3,0.01340958,0.01339525,0.01342137
"base","binary","random_25",500,1500,"hk01","hk01","no_cost_scale",3,0.00795851,0.007956706,0.0079708305
"base","binary","random_25",500,500,"hk01","hk01","no_cost_scale",3,0.002782834,0.002775577,0.0027972865
"base","binary","random_25",500,5000,"hk01","hk01","no_cost_scale",3,0.02646841,0.0263762,0.02648606
"base","binary","random_60",500,1500,"hk01","hk01","no_cost_scale",3,0.01239323,0.012373595,0.012413875
"base","binary","random_60",500,500,"hk01","hk01","no_cost_scale",3,0.004296144,0.004283393,0.0043141635
"base","binary","random_60",500,5000,"hk01","hk01","no_cost_scale",3,0.04125793,0.04124432,0.04127634
"base","constant","block_4",500,1500,"hk01","hk01","no_cost_scale",3,0.00365761,0.003649123,0.003659127
"base","constant","block_4",500,500,"hk01","hk01","no_cost_scale",3,0.001248204,0.001245744,0.0012501925
"base","constant","block_4",500,5000,"hk01","hk01","no_cost_scale",3,0.01199722,0.011979155,0.01202198
"base","constant","none",500,1500,"hk01","hk01","no_cost_scale",3,0.005009954,0.00498765,0.005021188
"base","constant","none",500,500,"hk01","hk01","no_cost_scale",3,0.001772266,0.001767141,0.001781737
"base","constant","none",500,5000,"hk01","hk01","no_cost_scale",3,0.01685699,0.016853565,0.01689559
"base","constant","random_01",500,1500,"hk01","hk01","no_cost_scale",3,0.003464992,0.003445435,0.0034679645
"base","constant","random_01",500,500,"hk01","hk01","no_cost_scale",3,0.001189246,0.001183465,0.0011902505
"base","constant","random_01",500,5000,"hk01","hk01","no_cost_scale",3,0.01179156,0.01176487,0.011829545
"base","constant","random_05",500,1500,"hk01","hk01","no_cost_scale",3,0.00375724,0.003747523,0.003758634
"base","constant","random_05",500,500,"hk01","hk01","no_cost_scale",3,0.001341807,0.001338814,0.0013462555
"base","constant","random_05",500,5000,"hk01","hk01","no_cost_scale",3,0.0123239,0.012303115,0.012379435
"base","constant","random_25",500,1500,"hk01","hk01","no_cost_scale",3,0.006501124,0.0064964295,0.0065424725
"base","constant","random_25",500,500,"hk01","hk01","no_cost_scale",3,0.002324044,0.0023201695,0.0023283695
"base","constant","random_25",500,5000,"hk01","hk01","no_cost_scale",3,0.02144353,0.02143736,0.021474895
"base","constant","random_60",500,1500,"hk01","hk01","no_cost_scale",3,0.008980066,0.0089460155,0.008996015
"base","constant","random_60",500,500,"hk01","hk01","no_cost_scale",3,0.003190579,0.0031601365,0.003202879
"base","constant","random_60",500,5000,"hk01","hk01","no_cost_scale",3,0.0297792,0.029773175,0.029866365
"large","binary","none",1000,10000,"hk01","hk01","no_cost_scale",2,0.15540785,0.155382875,0.155432825
"large","binary","none",1500,1500,"hk01","hk01","no_cost_scale",2,0.030842985,0.0307134875,0.0309724825
"large","binary","none",1500,4500,"hk01","hk01","no_cost_scale",2,0.10751745,0.107354475,0.107680425
"large","binary","random_01",1000,10000,"hk01","hk01","no_cost_scale",2,0.07245225,0.07232271,0.07258179
"large","binary","random_01",1500,1500,"hk01","hk01","no_cost_scale",2,0.0113152,0.011313835,0.011316565
"large","binary","random_01",1500,4500,"hk01","hk01","no_cost_scale",2,0.050111285,0.0500883775,0.0501341925
"large","binary","random_25",1000,10000,"hk01","hk01","no_cost_scale",2,0.12714275,0.127078125,0.127207375
"large","binary","random_25",1500,1500,"hk01","hk01","no_cost_scale",2,0.024153325,0.0241486425,0.0241580075
"large","binary","random_25",1500,4500,"hk01","hk01","no_cost_scale",2,0.087584075,0.0875740725,0.0875940775
"base","binary","block_4",500,1500,"hungarian","hk01","no_cost_scale",3,0.05217201,0.052144845,0.052229285
"base","binary","block_4",500,500,"hungarian","hk01","no_cost_scale",3,0.01728002,0.017276475,0.017298
"base","binary","block_4",500,5000,"hungarian","hk01","no_cost_scale",3,0.1749644,0.1746732,0.17499855
"base","binary","none",500,1500,"hungarian","hk01","no_cost_scale",3,0.1934726,0.19324975,0.19362795
"base","binary","none",500,500,"hungarian","hk01","no_cost_scale",3,0.05961687,0.05940375,0.05984651
"base","binary","none",500,5000,"hungarian","hk01","no_cost_scale",3,0.6647411,0.66461335,0.66518055
"base","binary","random_01",500,1500,"hungarian","hk01","no_cost_scale",3,0.0104286,0.0095123505,0.01148972
"base","binary","random_01",500,500,"hungarian","hk01","no_cost_scale",3,0.01045984,0.00967842,0.012607665
"base","binary","random_01",500,5000,"hungarian","hk01","no_cost_scale",3,0.04022489,0.039765075,0.045280195
"base","binary","random_05",500,1500,"hungarian","hk01","no_cost_scale",3,0.1806875,0.1805236,0.18192185
"base","binary","random_05",500,500,"hungarian","hk01","no_cost_scale",3,0.05619427,0.056038715,0.056330065
"base","binary","random_05",500,5000,"hungarian","hk01","no_cost_scale",3,0.6182414,0.61550825,0.62034275
"base","binary","random_25",500,1500,"hungarian","hk01","no_cost_scale",3,0.1979104,0.19781245,0.1982163
"base","binary","random_25",500,500,"hungarian","hk01","no_cost_scale",3,0.06027668,0.060217375,0.06037787
"base","binary","random_25",500,5000,"hungarian","hk01","no_cost_scale",3,0.6824436,0.68233395,0.68342745
"base","binary","random_60",500,1500,"hungarian","hk01","no_cost_scale",3,0.199191,0.1991128,0.19996385
"base","binary","random_60",500,500,"hungarian","hk01","no_cost_scale",3,0.06152423,0.061321955,0.06196867
"base","binary","random_60",500,5000,"hungarian","hk01","no_cost_scale",3,0.6867564,0.6867555,0.68797515
"base","constant","block_4",500,1500,"hungarian","hk01","no_cost_scale",3,0.05120966,0.05119779,0.051213265
"base","constant","block_4",500,500,"hungarian","hk01","no_cost_scale",3,0.01677482,0.016748825,0.016792515
"base","constant","block_4",500,5000,"hungarian","hk01","no_cost_scale",3,0.1722886,0.172273,0.1723434
"base","constant","none",500,1500,"hungarian","hk01","no_cost_scale",3,0.1874363,0.18733695,0.1890108
"base","constant","none",500,500,"hungarian","hk01","no_cost_scale",3,0.05573015,0.055614305,0.055864365
"base","constant","none",500,5000,"hungarian","hk01","no_cost_scale",3,0.6539482,0.6535249,0.65411305
"base","constant","random_01",500,1500,"hungarian","hk01","no_cost_scale",3,0.1194626,0.11428365,0.12115675
"base","constant","random_01",500,500,"hungarian","hk01","no_cost_scale",3,0.04211262,0.04203841,0.04297362
"base","constant","random_01",500,5000,"hungarian","hk01","no_cost_scale",3,0.3582207,0.3507821,0.36332855
"base","constant","random_05",500,1500,"hungarian","hk01","no_cost_scale",3,0.1892797,0.18883155,0.1893659
"base","constant","random_05",500,500,"hungarian","hk01","no_cost_scale",3,0.05773185,0.057703705,0.05787902
"base","constant","random_05",500,5000,"hungarian","hk01","no_cost_scale",3,0.652526,0.6520662,0.6537387
"base","constant","random_25",500,1500,"hungarian","hk01","no_cost_scale",3,0.1963674,0.19624015,0.1967842
"base","constant","random_25",500,500,"hungarian","hk01","no_cost_scale",3,0.06070157,0.06036266,0.06107395
"base","constant","random_25",500,5000,"hungarian","hk01","no_cost_scale",3,0.6764249,0.67625815,0.6765448
"base","constant","random_60",500,1500,"hungarian","hk01","no_cost_scale",3,0.1961886,0.1960654,0.1966198
"base","constant","random_60",500,500,"hungarian","hk01","no_cost_scale",3,0.06010157,0.05993265,0.060298145
"base","constant","random_60",500,5000,"hungarian","hk01","no_cost_scale",3,0.6761998,0.67614305,0.6763564
"base","dbl_uniform","block_4",500,1500,"hungarian","jv","default",3,0.003769868,0.003760766,0.003812344
"base","dbl_uniform","block_4",500,500,"hungarian","jv","default",3,0.003642891,0.0035814935,0.003678192
"base","dbl_uniform","block_4",500,5000,"hungarian","jv","default",3,0.01181505,0.011779465,0.011819745
"base","dbl_uniform","none",500,1500,"hungarian","jv","default",3,0.004041534,0.003943052,0.0041047765
"base","dbl_uniform","none",500,500,"hungarian","jv","default",3,0.007583155,0.0075294245,0.0078532425
"base","dbl_uniform","none",500,5000,"hungarian","jv","default",3,0.01140489,0.011273195,0.011407635
"base","dbl_uniform","random_01",500,1500,"hungarian","jv","default",3,0.003688647,0.0036814105,0.0036898565
"base","dbl_uniform","random_01",500,500,"hungarian","jv","default",3,0.005816629,0.005534918,0.0058511305
"base","dbl_uniform","random_01",500,5000,"hungarian","jv","default",3,0.01199332,0.011981145,0.012002545
"base","dbl_uniform","random_05",500,1500,"hungarian","jv","default",3,0.004102665,0.004092907,0.004121771
"base","dbl_uniform","random_05",500,500,"hungarian","jv","default",3,0.00680108,0.0065254165,0.007046998
"base","dbl_uniform","random_05",500,5000,"hungarian","jv","default",3,0.01322471,0.01322297,0.013230145
"base","dbl_uniform","random_25",500,1500,"hungarian","jv","default",3,0.006223513,0.006206949,0.0062308315
"base","dbl_uniform","random_25",500,500,"hungarian","jv","default",3,0.008430338,0.008099878,0.008933408
"base","dbl_uniform","random_25",500,5000,"hungarian","jv","default",3,0.01949669,0.01944497,0.01953435
"base","dbl_uniform","random_60",500,1500,"hungarian","jv","default",3,0.007929441,0.0078812045,0.008033663
"base","dbl_uniform","random_60",500,500,"hungarian","jv","default",3,0.008856779,0.008500571,0.0095295895
"base","dbl_uniform","random_60",500,5000,"hungarian","jv","default",3,0.0243984,0.0243565,0.024488665
"base","heavy_tailed","block_4",500,1500,"hungarian","jv","default",3,0.003754329,0.003743956,0.0037677155
"base","heavy_tailed","block_4",500,500,"hungarian","jv","default",3,0.004202951,0.0039232285,0.0043025195
"base","heavy_tailed","block_4",500,5000,"hungarian","jv","default",3,0.01184092,0.011791455,0.011899735
"base","heavy_tailed","none",500,1500,"hungarian","jv","default",3,0.003842274,0.0038366365,0.003887497
"base","heavy_tailed","none",500,500,"hungarian","jv","default",3,0.008000207,0.00753334,0.008572813
"base","heavy_tailed","none",500,5000,"hungarian","jv","default",3,0.0111809,0.011145725,0.011205255
"base","heavy_tailed","random_01",500,1500,"hungarian","jv","default",3,0.003707343,0.003700414,0.003719725
"base","heavy_tailed","random_01",500,500,"hungarian","jv","default",3,0.007172499,0.0070853535,0.0076279885
"base","heavy_tailed","random_01",500,5000,"hungarian","jv","default",3,0.01195941,0.0119556,0.012000065
"base","heavy_tailed","random_05",500,1500,"hungarian","jv","default",3,0.004085896,0.0040797255,0.004092702
"base","heavy_tailed","random_05",500,500,"hungarian","jv","default",3,0.007411816,0.007244126,0.008456988
"base","heavy_tailed","random_05",500,5000,"hungarian","jv","default",3,0.01318589,0.013170085,0.01319954
"base","heavy_tailed","random_25",500,1500,"hungarian","jv","default",3,0.006296124,0.0062757265,0.0063320605
"base","heavy_tailed","random_25",500,500,"hungarian","jv","default",3,0.009969765,0.0086424105,0.0100163425
"base","heavy_tailed","random_25",500,5000,"hungarian","jv","default",3,0.01953908,0.019494125,0.019544475
"base","heavy_tailed","random_60",500,1500,"hungarian","jv","default",3,0.007928703,0.0078715695,0.007978559
"base","heavy_tailed","random_60",500,500,"hungarian","jv","default",3,0.008483023,0.008443581,0.0090785685
"base","heavy_tailed","random_60",500,5000,"hungarian","jv","default",3,0.02460586,0.024599385,0.024611415
"base","int_uniform","block_4",500,1500,"hungarian","jv","default",3,0.003825956,0.003742234,0.003833582
"base","int_uniform","block_4",500,500,"hungarian","jv","default",3,0.003745063,0.0037271665,0.0038924785
"base","int_uniform","block_4",500,5000,"hungarian","jv","default",3,0.01187122,0.011854125,0.011923045
"base","int_uniform","none",500,1500,"hungarian","jv","default",3,0.004252192,0.0042202735,0.004292659
"base","int_uniform","none",500,500,"hungarian","jv","default",3,0.008355103,0.0082871455,0.008552067
"base","int_uniform","none",500,5000,"hungarian","jv","default",3,0.01176163,0.011710705,0.011781555
"base","int_uniform","random_01",500,1500,"hungarian","jv","default",3,0.003668967,0.0036508245,0.003670812
"base","int_uniform","random_01",500,500,"hungarian","jv","default",3,0.004978712,0.0048258845,0.0054184165
"base","int_uniform","random_01",500,5000,"hungarian","jv","default",3,0.01200984,0.01197872,0.01201915
"base","int_uniform","random_05",500,1500,"hungarian","jv","default",3,0.004071669,0.004059533,0.0041008405
"base","int_uniform","random_05",500,500,"hungarian","jv","default",3,0.006530521,0.0063949955,0.006899152
"base","int_uniform","random_05",500,5000,"hungarian","jv","default",3,0.01316153,0.013146035,0.01323732
"base","int_uniform","random_25",500,1500,"hungarian","jv","default",3,0.006228802,0.0062046735,0.006291655
"base","int_uniform","random_25",500,500,"hungarian","jv","default",3,0.006705345,0.0066947875,0.007684753
"base","int_uniform","random_25",500,5000,"hungarian","jv","default",3,0.01948472,0.01945155,0.019497735
"base","int_uniform","random_60",500,1500,"hungarian","jv","default",3,0.008098074,0.0080372505,0.0081922305
"base","int_uniform","random_60",500,500,"hungarian","jv","default",3,0.008793229,0.00874161,0.0088784475
"base","int_uniform","random_60",500,5000,"hungarian","jv","default",3,0.02470143,0.024619165,0.0248117
"base","metric_clustered","block_4",500,1500,"hungarian","jv","default",3,0.003941781,0.0039119945,0.003977533
"base","metric_clustered","block_4",500,500,"hungarian","jv","default",3,0.005031438,0.0047564715,0.0050471205
"base","metric_clustered","block_4",500,5000,"hungarian","jv","default",3,0.01190874,0.01190429,0.01192469
"base","metric_clustered","none",500,1500,"hungarian","jv","default",3,0.004015622,0.0039812845,0.004032063
"base","metric_clustered","none",500,500,"hungarian","jv","default",3,0.009719255,0.0093236665,0.0111765175
"base","metric_clustered","none",500,5000,"hungarian","jv","default",3,0.01100104,0.010979905,0.01104872
"base","metric_clustered","random_01",500,1500,"hungarian","jv","default",3,0.003699471,0.0036924805,0.003731492
"base","metric_clustered","random_01",500,500,"hungarian","jv","default",3,0.005272887,0.0050993545,0.0055300595
"base","metric_clustered","random_01",500,5000,"hungarian","jv","default",3,0.01205921,0.012055685,0.012088935
"base","metric_clustered","random_05",500,1500,"hungarian","jv","default",3,0.004198687,0.004193521,0.0042436025
"base","metric_clustered","random_05",500,500,"hungarian","jv","default",3,0.008449731,0.007717061,0.0097719805
"base","metric_clustered","random_05",500,5000,"hungarian","jv","default",3,0.01338736,0.013378565,0.0134456
"base","metric_clustered","random_25",500,1500,"hungarian","jv","default",3,0.006630479,0.0066086055,0.006694234
"base","metric_clustered","random_25",500,500,"hungarian","jv","default",3,0.0134111,0.01271293,0.01392639
"base","metric_clustered","random_25",500,5000,"hungarian","jv","default",3,0.01967713,0.01964548,0.01978705
"base","metric_clustered","random_60",500,1500,"hungarian","jv","default",3,0.008520046,0.0084903825,0.008604916
"base","metric_clustered","random_60",500,500,"hungarian","jv","default",3,0.01347215,0.01198145,0.013845375
"base","metric_clustered","random_60",500,5000,"hungarian","jv","default",3,0.02467573,0.024642395,0.024788235
"base","metric_uniform","block_4",500,1500,"hungarian","jv","default",3,0.003722144,0.003674133,0.003757568
"base","metric_uniform","block_4",500,500,"hungarian","jv","default",3,0.004160516,0.004149323,0.004298932
"base","metric_uniform","block_4",500,5000,"hungarian","jv","default",3,0.01180948,0.011808475,0.011824935
"base","metric_uniform","none",500,1500,"hungarian","jv","default",3,0.00380603,0.00378143,0.0039301575
"base","metric_uniform","none",500,500,"hungarian","jv","default",3,0.009305442,0.008388354,0.009721286
"base","metric_uniform","none",500,5000,"hungarian","jv","default",3,0.01095286,0.010874365,0.0109938
"base","metric_uniform","random_01",500,1500,"hungarian","jv","default",3,0.003711279,0.003705539,0.003741496
"base","metric_uniform","random_01",500,500,"hungarian","jv","default",3,0.004940131,0.004886544,0.0050249805
"base","metric_uniform","random_01",500,5000,"hungarian","jv","default",3,0.01199783,0.01199039,0.012054145
"base","metric_uniform","random_05",500,1500,"hungarian","jv","default",3,0.004205124,0.004179499,0.0042129345
"base","metric_uniform","random_05",500,500,"hungarian","jv","default",3,0.007566837,0.006321298,0.0080252375
"base","metric_uniform","random_05",500,5000,"hungarian","jv","default",3,0.01328404,0.013260015,0.013308335
"base","metric_uniform","random_25",500,1500,"hungarian","jv","default",3,0.006311786,0.006307809,0.0063129545
"base","metric_uniform","random_25",500,500,"hungarian","jv","default",3,0.01047726,0.0095324165,0.010732345
"base","metric_uniform","random_25",500,5000,"hungarian","jv","default",3,0.0196627,0.01965212,0.01969726
"base","metric_uniform","random_60",500,1500,"hungarian","jv","default",3,0.008011523,0.0079577925,0.0080768975
"base","metric_uniform","random_60",500,500,"hungarian","jv","default",3,0.009906748,0.009291215,0.010268264
"base","metric_uniform","random_60",500,5000,"hungarian","jv","default",3,0.02447278,0.024436575,0.02463022
"base","tied","block_4",500,1500,"hungarian","jv","default",3,0.05273412,0.052687625,0.052803205
"base","tied","block_4",500,500,"hungarian","jv","default",3,0.0173366,0.01732414,0.01739392
"base","tied","block_4",500,5000,"hungarian","jv","default",3,0.1762178,0.17603175,0.17668395
"base","tied","none",500,1500,"hungarian","jv","default",3,0.1969792,0.1968728,0.1971453
"base","tied","none",500,500,"hungarian","jv","default",3,0.06072895,0.06062303,0.06079318
"base","tied","none",500,5000,"hungarian","jv","default",3,0.6798924,0.67977935,0.68081485
"base","tied","random_01",500,1500,"hungarian","jv","default",3,0.003917755,0.003905537,0.003926078
"base","tied","random_01",500,500,"hungarian","jv","default",3,0.00417462,0.0039568075,0.004385114
"base","tied","random_01",500,5000,"hungarian","jv","default",3,0.01293337,0.012926235,0.013153685
"base","tied","random_05",500,1500,"hungarian","jv","default",3,0.1105519,0.10973195,0.11471885
"base","tied","random_05",500,500,"hungarian","jv","default",3,0.04032924,0.040121,0.040963345
"base","tied","random_05",500,5000,"hungarian","jv","default",3,0.3760042,0.36434235,0.3793956
"base","tied","random_25",500,1500,"hungarian","jv","default",3,0.1974574,0.19745025,0.19753995
"base","tied","random_25",500,500,"hungarian","jv","default",3,0.06112752,0.060856035,0.061334525
"base","tied","random_25",500,5000,"hungarian","jv","default",3,0.6833036,0.68254125,0.68475245
"base","tied","random_60",500,1500,"hungarian","jv","default",3,0.2025898,0.20249625,0.2027969
"base","tied","random_60",500,500,"hungarian","jv","default",3,0.06199298,0.06183501,0.062086235
"base","tied","random_60",500,5000,"hungarian","jv","default",3,0.6970422,0.6967997,0.69749715
"base","binary","block_4",500,1500,"jv","hk01","no_cost_scale",3,0.05220669,0.052180615,0.05225052
"base","binary","block_4",500,500,"jv","hk01","no_cost_scale",3,0.01731328,0.01729364,0.017315575
"base","binary","block_4",500,5000,"jv","hk01","no_cost_scale",3,0.1750727,0.17506895,0.17511545
"base","binary","none",500,1500,"jv","hk01","no_cost_scale",3,0.1920951,0.1915932,0.19225475
"base","binary","none",500,500,"jv","hk01","no_cost_scale",3,0.05790414,0.05748807,0.058447675
"base","binary","none",500,5000,"jv","hk01","no_cost_scale",3,0.6637105,0.6632838,0.6645137
"base","binary","random_01",500,1500,"jv","hk01","no_cost_scale",3,0.01042474,0.0095081245,0.01147432
"base","binary","random_01",500,500,"jv","hk01","no_cost_scale",3,0.01046242,0.009683441,0.012612995
"base","binary","random_01",500,5000,"jv","hk01","no_cost_scale",3,0.04041173,0.039929715,0.04547966
"base","binary","random_05",500,1500,"jv","hk01","no_cost_scale",3,0.1806361,0.18042945,0.1819873
"base","binary","random_05",500,500,"jv","hk01","no_cost_scale",3,0.05613749,0.055997165,0.056264115
"base","binary","random_05",500,5000,"jv","hk01","no_cost_scale",3,0.6182975,0.6151573,0.62082105
"base","binary","random_25",500,1500,"jv","hk01","no_cost_scale",3,0.1976299,0.1974283,0.19786655
"base","binary","random_25",500,500,"jv","hk01","no_cost_scale",3,0.06081317,0.060532235,0.060898325
"base","binary","random_25",500,5000,"jv","hk01","no_cost_scale",3,0.6828304,0.6824096,0.6833417
"base","binary","random_60",500,1500,"jv","hk01","no_cost_scale",3,0.2000037,0.19956515,0.20028645
"base","binary","random_60",500,500,"jv","hk01","no_cost_scale",3,0.06137183,0.06075716,0.06151939
"base","binary","random_60",500,5000,"jv","hk01","no_cost_scale",3,0.6872332,0.68699285,0.6877085
"base","constant","block_4",500,1500,"jv","hk01","no_cost_scale",3,0.05123094,0.05120033,0.051270155
"base","constant","block_4",500,500,"jv","hk01","no_cost_scale",3,0.01683624,0.01683085,0.016855655
"base","constant","block_4",500,5000,"jv","hk01","no_cost_scale",3,0.1724443,0.17243055,0.1724512
"base","constant","none",500,1500,"jv","hk01","no_cost_scale",3,0.1883675,0.18816275,0.1884433
"base","constant","none",500,500,"jv","hk01","no_cost_scale",3,0.05592256,0.055916555,0.055937015
"base","constant","none",500,5000,"jv","hk01","no_cost_scale",3,0.6534992,0.6533696,0.6535976
"base","constant","random_01",500,1500,"jv","hk01","no_cost_scale",3,0.1193568,0.1141805,0.1210447
"base","constant","random_01",500,500,"jv","hk01","no_cost_scale",3,0.0420535,0.04198802,0.042980405
"base","constant","random_01",500,5000,"jv","hk01","no_cost_scale",3,0.3579416,0.3503568,0.36347075
"base","constant","random_05",500,1500,"jv","hk01","no_cost_scale",3,0.1893375,0.18878735,0.18939105
"base","constant","random_05",500,500,"jv","hk01","no_cost_scale",3,0.0577467,0.057682635,0.05780385
"base","constant","random_05",500,5000,"jv","hk01","no_cost_scale",3,0.6518201,0.65124225,0.653307
"base","constant","random_25",500,1500,"jv","hk01","no_cost_scale",3,0.1966871,0.19662975,0.1968508
"base","constant","random_25",500,500,"jv","hk01","no_cost_scale",3,0.05978087,0.059654365,0.060127055
"base","constant","random_25",500,5000,"jv","hk01","no_cost_scale",3,0.6760079,0.67596205,0.6766083
"base","constant","random_60",500,1500,"jv","hk01","no_cost_scale",3,0.1962249,0.1960851,0.19643655
"base","constant","random_60",500,500,"jv","hk01","no_cost_scale",3,0.0606531,0.0605513,0.06080603
"base","constant","random_60",500,5000,"jv","hk01","no_cost_scale",3,0.675879,0.67570975,0.67595845
"base","dbl_uniform","block_4",500,1500,"jv","jv","default",3,0.003692624,0.003684629,0.003736125
"base","dbl_uniform","block_4",500,500,"jv","jv","default",3,0.003615872,0.003536824,0.00365884
"base","dbl_uniform","block_4",500,5000,"jv","jv","default",3,0.0117456,0.011728235,0.01176173
"base","dbl_uniform","none",500,1500,"jv","jv","default",3,0.003957894,0.003856296,0.00401759
"base","dbl_uniform","none",500,500,"jv","jv","default",3,0.003146504,0.0031100755,0.0033311475
"base","dbl_uniform","none",500,5000,"jv","jv","default",3,0.01132924,0.011189245,0.01134568
"base","dbl_uniform","random_01",500,1500,"jv","jv","default",3,0.003679012,0.0036715705,0.003690943
"base","dbl_uniform","random_01",500,500,"jv","jv","default",3,0.005814087,0.005534303,0.0058604375
"base","dbl_uniform","random_01",500,5000,"jv","jv","default",3,0.0119841,0.011976265,0.011989815
"base","dbl_uniform","random_05",500,1500,"jv","jv","default",3,0.004077081,0.004070603,0.004095531
"base","dbl_uniform","random_05",500,500,"jv","jv","default",3,0.006829206,0.006546962,0.00706553
"base","dbl_uniform","random_05",500,5000,"jv","jv","default",3,0.01320344,0.01320116,0.013224635
"base","dbl_uniform","random_25",500,1500,"jv","jv","default",3,0.006196453,0.0061828,0.006202152
"base","dbl_uniform","random_25",500,500,"jv","jv","default",3,0.00845051,0.008116073,0.008941034
"base","dbl_uniform","random_25",500,5000,"jv","jv","default",3,0.01945401,0.019411595,0.019489865
"base","dbl_uniform","random_60",500,1500,"jv","jv","default",3,0.007818167,0.007762243,0.0078967845
"base","dbl_uniform","random_60",500,500,"jv","jv","default",3,0.00885272,0.0084888655,0.009515115
"base","dbl_uniform","random_60",500,5000,"jv","jv","default",3,0.02441411,0.02434531,0.024453385
"base","heavy_tailed","block_4",500,1500,"jv","jv","default",3,0.00367811,0.0036718985,0.0036885445
"base","heavy_tailed","block_4",500,500,"jv","jv","default",3,0.004173636,0.0038904285,0.0042849305
"base","heavy_tailed","block_4",500,5000,"jv","jv","default",3,0.01177401,0.01176546,0.011789365
"base","heavy_tailed","none",500,1500,"jv","jv","default",3,0.003746047,0.0037283145,0.0037870675
"base","heavy_tailed","none",500,500,"jv","jv","default",3,0.003576184,0.0035636995,0.0037641895
"base","heavy_tailed","none",500,5000,"jv","jv","default",3,0.0110365,0.01100489,0.011071435
"base","heavy_tailed","random_01",500,1500,"jv","jv","default",3,0.003699594,0.003697626,0.0037058465
"base","heavy_tailed","random_01",500,500,"jv","jv","default",3,0.007185537,0.0071002775,0.0076459875
"base","heavy_tailed","random_01",500,5000,"jv","jv","default",3,0.01197011,0.011934605,0.011971465
"base","heavy_tailed","random_05",500,1500,"jv","jv","default",3,0.004077942,0.0040643505,0.0040830465
"base","heavy_tailed","random_05",500,500,"jv","jv","default",3,0.007392751,0.007233097,0.008476053
"base","heavy_tailed","random_05",500,5000,"jv","jv","default",3,0.01320971,0.01317088,0.013211515
"base","heavy_tailed","random_25",500,1500,"jv","jv","default",3,0.006272836,0.006256928,0.006313385
"base","heavy_tailed","random_25",500,500,"jv","jv","default",3,0.009953734,0.008637716,0.010006437
"base","heavy_tailed","random_25",500,5000,"jv","jv","default",3,0.01943134,0.01942937,0.019481175
"base","heavy_tailed","random_60",500,1500,"jv","jv","default",3,0.00779697,0.007765564,0.0078455345
"base","heavy_tailed","random_60",500,500,"jv","jv","default",3,0.008504794,0.008463876,0.0090883265
"base","heavy_tailed","random_60",500,5000,"jv","jv","default",3,0.02456093,0.02448272,0.024567735
"base","int_uniform","block_4",500,1500,"jv","jv","default",3,0.003772451,0.0036906355,0.003775444
"base","int_uniform","block_4",500,500,"jv","jv","default",3,0.003687622,0.003676019,0.003854451
"base","int_uniform","block_4",500,5000,"jv","jv","default",3,0.01180685,0.011777415,0.01181954
"base","int_uniform","none",500,1500,"jv","jv","default",3,0.004135014,0.0040972735,0.0041854235
"base","int_uniform","none",500,500,"jv","jv","default",3,0.004356619,0.00396921,0.0044019855
"base","int_uniform","none",500,5000,"jv","jv","default",3,0.01168775,0.011680265,0.011705295
"base","int_uniform","random_01",500,1500,"jv","jv","default",3,0.003656175,0.003640554,0.0036594755
"base","int_uniform","random_01",500,500,"jv","jv","default",3,0.005007494,0.0048480655,0.0054631885
"base","int_uniform","random_01",500,5000,"jv","jv","default",3,0.01193301,0.01192563,0.011987395
"base","int_uniform","random_05",500,1500,"jv","jv","default",3,0.004053711,0.0040370035,0.0040897705
"base","int_uniform","random_05",500,500,"jv","jv","default",3,0.006560123,0.0064084435,0.0069181145
"base","int_uniform","random_05",500,5000,"jv","jv","default",3,0.01312443,0.013121905,0.01323031
"base","int_uniform","random_25",500,1500,"jv","jv","default",3,0.006224907,0.0061877405,0.0062782275
"base","int_uniform","random_25",500,500,"jv","jv","default",3,0.006689847,0.006677055,0.007683974
"base","int_uniform","random_25",500,5000,"jv","jv","default",3,0.01946561,0.01941764,0.019476455
"base","int_uniform","random_60",500,1500,"jv","jv","default",3,0.007956747,0.007910745,0.0080855485
"base","int_uniform","random_60",500,500,"jv","jv","default",3,0.008741159,0.0086838,0.0088713545
"base","int_uniform","random_60",500,5000,"jv","jv","default",3,0.02460922,0.024541755,0.02474145
"base","metric_clustered","block_4",500,1500,"jv","jv","default",3,0.003861462,0.003822307,0.003898198
"base","metric_clustered","block_4",500,500,"jv","jv","default",3,0.005017129,0.004731482,0.005033529
"base","metric_clustered","block_4",500,5000,"jv","jv","default",3,0.01185093,0.011849635,0.01185509
"base","metric_clustered","none",500,1500,"jv","jv","default",3,0.003874172,0.003788482,0.0038941185
"base","metric_clustered","none",500,500,"jv","jv","default",3,0.006195428,0.0059815105,0.0069802705
"base","metric_clustered","none",500,5000,"jv","jv","default",3,0.01084971,0.010849505,0.010885585
"base","metric_clustered","random_01",500,1500,"jv","jv","default",3,0.003698569,0.0036983025,0.00372772
"base","metric_clustered","random_01",500,500,"jv","jv","default",3,0.005286458,0.005112987,0.005538485
"base","metric_clustered","random_01",500,5000,"jv","jv","default",3,0.01199098,0.01198075,0.01202745
"base","metric_clustered","random_05",500,1500,"jv","jv","default",3,0.004170233,0.0041654565,0.0042052265
"base","metric_clustered","random_05",500,500,"jv","jv","default",3,0.008464122,0.0077308575,0.009777701
"base","metric_clustered","random_05",500,5000,"jv","jv","default",3,0.01337662,0.01334548,0.01342986
"base","metric_clustered","random_25",500,1500,"jv","jv","default",3,0.006603624,0.006583001,0.006663935
"base","metric_clustered","random_25",500,500,"jv","jv","default",3,0.01342615,0.012712585,0.013945925
"base","metric_clustered","random_25",500,5000,"jv","jv","default",3,0.01960542,0.019558475,0.019716265
"base","metric_clustered","random_60",500,1500,"jv","jv","default",3,0.008423696,0.0084008385,0.0084868155
"base","metric_clustered","random_60",500,500,"jv","jv","default",3,0.01348162,0.011970155,0.013848385
"base","metric_clustered","random_60",500,5000,"jv","jv","default",3,0.02460168,0.024498995,0.02460537
"base","metric_uniform","block_4",500,1500,"jv","jv","default",3,0.003666343,0.003651952,0.0036895285
"base","metric_uniform","block_4",500,500,"jv","jv","default",3,0.004149528,0.0041357315,0.00428081
"base","metric_uniform","block_4",500,5000,"jv","jv","default",3,0.01178418,0.0117474,0.0118048
"base","metric_uniform","none",500,1500,"jv","jv","default",3,0.003704063,0.003678192,0.0038298305
"base","metric_uniform","none",500,500,"jv","jv","default",3,0.005641969,0.0049516725,0.0058667925
"base","metric_uniform","none",500,5000,"jv","jv","default",3,0.01079255,0.010742775,0.01089331
"base","metric_uniform","random_01",500,1500,"jv","jv","default",3,0.003704145,0.0037028125,0.003721939
"base","metric_uniform","random_01",500,500,"jv","jv","default",3,0.004956654,0.0049050555,0.0050517125
"base","metric_uniform","random_01",500,5000,"jv","jv","default",3,0.01203063,0.011987025,0.012058795
"base","metric_uniform","random_05",500,1500,"jv","jv","default",3,0.004166625,0.0041529515,0.0041866535
"base","metric_uniform","random_05",500,500,"jv","jv","default",3,0.007589551,0.006330072,0.008043093
"base","metric_uniform","random_05",500,5000,"jv","jv","default",3,0.01326473,0.013232035,0.01331766
"base","metric_uniform","random_25",500,1500,"jv","jv","default",3,0.006286407,0.006285792,0.0062883545
"base","metric_uniform","random_25",500,500,"jv","jv","default",3,0.01048591,0.009530571,0.01072615
"base","metric_uniform","random_25",500,5000,"jv","jv","default",3,0.01962744,0.019614195,0.01963701
"base","metric_uniform","random_60",500,1500,"jv","jv","default",3,0.007900003,0.007818413,0.0079511095
"base","metric_uniform","random_60",500,500,"jv","jv","default",3,0.009891619,0.0092696285,0.0102524595
"base","metric_uniform","random_60",500,5000,"jv","jv","default",3,0.02445638,0.024322655,0.02468842
"base","tied","block_4",500,1500,"jv","jv","default",3,0.05254904,0.05253508,0.052589835
"base","tied","block_4",500,500,"jv","jv","default",3,0.01737642,0.017354175,0.01739163
"base","tied","block_4",500,5000,"jv","jv","default",3,0.1765651,0.17618735,0.1768437
"base","tied","none",500,1500,"jv","jv","default",3,0.1973168,0.19714165,0.19796435
"base","tied","none",500,500,"jv","jv","default",3,0.05447367,0.05443683,0.054574445
"base","tied","none",500,5000,"jv","jv","default",3,0.6798171,0.67969555,0.6798182
"base","tied","random_01",500,1500,"jv","jv","default",3,0.003904143,0.003891269,0.003923003
"base","tied","random_01",500,500,"jv","jv","default",3,0.004188232,0.0039666065,0.00438987
"base","tied","random_01",500,5000,"jv","jv","default",3,0.01293845,0.012906535,0.013168255
"base","tied","random_05",500,1500,"jv","jv","default",3,0.1104064,0.10966435,0.114618
"base","tied","random_05",500,500,"jv","jv","default",3,0.04030911,0.04009913,0.040957485
"base","tied","random_05",500,5000,"jv","jv","default",3,0.3767443,0.3646326,0.37994825
"base","tied","random_25",500,1500,"jv","jv","default",3,0.197348,0.19733625,0.1973667
"base","tied","random_25",500,500,"jv","jv","default",3,0.06144752,0.061004085,0.06148694
"base","tied","random_25",500,5000,"jv","jv","default",3,0.6825023,0.6818938,0.68407915
"base","tied","random_60",500,1500,"jv","jv","default",3,0.2024175,0.20223925,0.2025574
"base","tied","random_60",500,500,"jv","jv","default",3,0.0616852,0.06131257,0.06176279
"base","tied","random_60",500,5000,"jv","jv","default",3,0.6966394,0.69632725,0.69666795
"large","binary","none",1000,10000,"jv","hk01","no_cost_scale",2,5.2866575,5.28586125,5.28745375
"large","binary","none",1500,1500,"jv","hk01","no_cost_scale",2,1.478653,1.477192,1.480114
"large","binary","none",1500,4500,"jv","hk01","no_cost_scale",2,5.123976,5.1224625,5.1254895
"large","binary","random_01",1000,10000,"jv","hk01","no_cost_scale",2,2.9739955,2.96638375,2.98160725
"large","binary","random_01",1500,1500,"jv","hk01","no_cost_scale",2,1.229065,1.223164,1.234966
"large","binary","random_01",1500,4500,"jv","hk01","no_cost_scale",2,4.094614,4.077742,4.111486
"large","binary","random_25",1000,10000,"jv","hk01","no_cost_scale",2,5.352365,5.3517115,5.3530185
"large","binary","random_25",1500,1500,"jv","hk01","no_cost_scale",2,1.503479,1.5030435,1.5039145
"large","binary","random_25",1500,4500,"jv","hk01","no_cost_scale",2,5.196875,5.1938125,5.1999375
"large","dbl_uniform","none",1000,10000,"jv","jv","default",2,0.066745565,0.0665236425,0.0669674875
"large","dbl_uniform","none",1500,1500,"jv","jv","default",2,0.04585774,0.045776365,0.045939115
"large","dbl_uniform","none",1500,4500,"jv","jv","default",2,0.052721265,0.0525983575,0.0528441725
"large","dbl_uniform","random_01",1000,10000,"jv","jv","default",2,0.07049548,0.070334945,0.070656015
"large","dbl_uniform","random_01",1500,1500,"jv","jv","default",2,0.07690138,0.074400595,0.079402165
"large","dbl_uniform","random_01",1500,4500,"jv","jv","default",2,0.050390435,0.0503247925,0.0504560775
"large","dbl_uniform","random_25",1000,10000,"jv","jv","default",2,0.100312,0.10020815,0.10041585
"large","dbl_uniform","random_25",1500,1500,"jv","jv","default",2,0.093894015,0.0884564725,0.0993315575
"large","dbl_uniform","random_25",1500,4500,"jv","jv","default",2,0.073433335,0.0732715275,0.0735951425
"large","heavy_tailed","none",1000,10000,"jv","jv","default",2,0.066277545,0.0661774725,0.0663776175
"large","heavy_tailed","none",1500,1500,"jv","jv","default",2,0.044014115,0.0429452225,0.0450830075
"large","heavy_tailed","none",1500,4500,"jv","jv","default",2,0.052915335,0.0527460875,0.0530845825
"large","heavy_tailed","random_01",1000,10000,"jv","jv","default",2,0.07022736,0.070177105,0.070277615
"large","heavy_tailed","random_01",1500,1500,"jv","jv","default",2,0.104919775,0.0986543625,0.1111851875
"large","heavy_tailed","random_01",1500,4500,"jv","jv","default",2,0.050363805,0.0502786575,0.0504489525
"large","heavy_tailed","random_25",1000,10000,"jv","jv","default",2,0.1003563,0.1003486,0.100364
"large","heavy_tailed","random_25",1500,1500,"jv","jv","default",2,0.092929945,0.0927128275,0.0931470625
"large","heavy_tailed","random_25",1500,4500,"jv","jv","default",2,0.07249858,0.072467585,0.072529575
"large","int_uniform","none",1000,10000,"jv","jv","default",2,0.069211545,0.0689652475,0.0694578425
"large","int_uniform","none",1500,1500,"jv","jv","default",2,0.039865185,0.0394653425,0.0402650275
"large","int_uniform","none",1500,4500,"jv","jv","default",2,0.055266545,0.0548548125,0.0556782775
"large","int_uniform","random_01",1000,10000,"jv","jv","default",2,0.07021098,0.07019089,0.07023107
"large","int_uniform","random_01",1500,1500,"jv","jv","default",2,0.081788975,0.0809118225,0.0826661275
"large","int_uniform","random_01",1500,4500,"jv","jv","default",2,0.05036944,0.050261405,0.050477475
"large","int_uniform","random_25",1000,10000,"jv","jv","default",2,0.1004313,0.1003885,0.1004741
"large","int_uniform","random_25",1500,1500,"jv","jv","default",2,0.09300774,0.09246866,0.09354682
"large","int_uniform","random_25",1500,4500,"jv","jv","default",2,0.07285844,0.0728281,0.07288878
"large","metric_clustered","none",1000,10000,"jv","jv","default",2,0.065742475,0.0655226325,0.0659623175
"large","metric_clustered","none",1500,1500,"jv","jv","default",2,0.14869495,0.135806475,0.161583425
"large","metric_clustered","none",1500,4500,"jv","jv","default",2,0.05266206,0.052129685,0.053194435
"large","metric_clustered","random_01",1000,10000,"jv","jv","default",2,0.07032254,0.07019872,0.07044636
"large","metric_clustered","random_01",1500,1500,"jv","jv","default",2,0.0867625,0.08452957,0.08899543
"large","metric_clustered","random_01",1500,4500,"jv","jv","default",2,0.05115461,0.051044945,0.051264275
"large","metric_clustered","random_25",1000,10000,"jv","jv","default",2,0.10114065,0.100898825,0.101382475
"large","metric_clustered","random_25",1500,1500,"jv","jv","default",2,0.1447268,0.13913065,0.15032295
"large","metric_clustered","random_25",1500,4500,"jv","jv","default",2,0.07547692,0.07537367,0.07558017
"base","binary","block_4",500,1500,"lapmod","hk01","no_cost_scale",3,0.05712661,0.057090615,0.05713637
"base","binary","block_4",500,500,"lapmod","hk01","no_cost_scale",3,0.01896734,0.018841,0.019044275
"base","binary","block_4",500,5000,"lapmod","hk01","no_cost_scale",3,0.1896071,0.18958235,0.18973305
"base","binary","none",500,1500,"lapmod","hk01","no_cost_scale",3,0.2952212,0.2945129,0.29535365
"base","binary","none",500,500,"lapmod","hk01","no_cost_scale",3,0.09561856,0.095596975,0.0956842
"base","binary","none",500,5000,"lapmod","hk01","no_cost_scale",3,1.008331,1.006081,1.0135505
"base","binary","random_01",500,1500,"lapmod","hk01","no_cost_scale",3,0.01057902,0.00967282,0.01158746
"base","binary","random_01",500,500,"lapmod","hk01","no_cost_scale",3,0.0102131,0.0094567115,0.01248292
"base","binary","random_01",500,5000,"lapmod","hk01","no_cost_scale",3,0.04109947,0.040633645,0.04599001
"base","binary","random_05",500,1500,"lapmod","hk01","no_cost_scale",3,0.1853135,0.18510835,0.18687285
"base","binary","random_05",500,500,"lapmod","hk01","no_cost_scale",3,0.06119791,0.06108141,0.061245535
"base","binary","random_05",500,5000,"lapmod","hk01","no_cost_scale",3,0.6164295,0.61345945,0.61773465
"base","binary","random_25",500,1500,"lapmod","hk01","no_cost_scale",3,0.2204144,0.22036355,0.22080615
"base","binary","random_25",500,500,"lapmod","hk01","no_cost_scale",3,0.0716026,0.07146728,0.07168454
"base","binary","random_25",500,5000,"lapmod","hk01","no_cost_scale",3,0.7410248,0.7407715,0.74176135
"base","binary","random_60",500,1500,"lapmod","hk01","no_cost_scale",3,0.2594664,0.25904655,0.2596697
"base","binary","random_60",500,500,"lapmod","hk01","no_cost_scale",3,0.08412204,0.084047765,0.084431795
"base","binary","random_60",500,5000,"lapmod","hk01","no_cost_scale",3,0.8754016,0.87407555,0.87676105
"base","constant","block_4",500,1500,"lapmod","hk01","no_cost_scale",3,0.05581924,0.05577324,0.05586014
"base","constant","block_4",500,500,"lapmod","hk01","no_cost_scale",3,0.01775767,0.01773008,0.017786945
"base","constant","block_4",500,5000,"lapmod","hk01","no_cost_scale",3,0.1862142,0.18610945,0.18647395
"base","constant","none",500,1500,"lapmod","hk01","no_cost_scale",3,0.2895996,0.2890485,0.2902669
"base","constant","none",500,500,"lapmod","hk01","no_cost_scale",3,0.09284003,0.09277064,0.093052
"base","constant","none",500,5000,"lapmod","hk01","no_cost_scale",3,1.007398,1.0067275,1.008214
"base","constant","random_01",500,1500,"lapmod","hk01","no_cost_scale",3,0.1198074,0.11462935,0.12154565
"base","constant","random_01",500,500,"lapmod","hk01","no_cost_scale",3,0.04520439,0.04517747,0.04611582
"base","constant","random_01",500,5000,"lapmod","hk01","no_cost_scale",3,0.3489364,0.34160755,0.35448025
"base","constant","random_05",500,1500,"lapmod","hk01","no_cost_scale",3,0.1923285,0.19221075,0.1926282
"base","constant","random_05",500,500,"lapmod","hk01","no_cost_scale",3,0.06249167,0.06237492,0.06262375
"base","constant","random_05",500,5000,"lapmod","hk01","no_cost_scale",3,0.6457458,0.64528575,0.6473921
"base","constant","random_25",500,1500,"lapmod","hk01","no_cost_scale",3,0.2184772,0.21835465,0.2185432
"base","constant","random_25",500,500,"lapmod","hk01","no_cost_scale",3,0.07033816,0.070297985,0.07077754
"base","constant","random_25",500,5000,"lapmod","hk01","no_cost_scale",3,0.7333787,0.73285485,0.73356555
"base","constant","random_60",500,1500,"lapmod","hk01","no_cost_scale",3,0.2552585,0.25508955,0.25544575
"base","constant","random_60",500,500,"lapmod","hk01","no_cost_scale",3,0.08265018,0.0823838,0.082996505
"base","constant","random_60",500,5000,"lapmod","hk01","no_cost_scale",3,0.8643349,0.8637364,0.86547365
"base","dbl_uniform","block_4",500,1500,"lapmod","jv","default",3,0.004257645,0.004254406,0.0043203955
"base","dbl_uniform","block_4",500,500,"lapmod","jv","default",3,0.004220048,0.004138171,0.004249404
"base","dbl_uniform","block_4",500,5000,"lapmod","jv","default",3,0.01338113,0.01335868,0.013391095
"base","dbl_uniform","none",500,1500,"lapmod","jv","default",3,0.005355789,0.0052624525,0.005362267
"base","dbl_uniform","none",500,500,"lapmod","jv","default",3,0.0105846,0.01055139,0.01104206
"base","dbl_uniform","none",500,5000,"lapmod","jv","default",3,0.01643911,0.01631761,0.016471295
"base","dbl_uniform","random_01",500,1500,"lapmod","jv","default",3,0.004084256,0.004076507,0.00408442
"base","dbl_uniform","random_01",500,500,"lapmod","jv","default",3,0.005714129,0.005435821,0.005750209
"base","dbl_uniform","random_01",500,5000,"lapmod","jv","default",3,0.0140468,0.01401603,0.01411343
"base","dbl_uniform","random_05",500,1500,"lapmod","jv","default",3,0.00457437,0.0045686095,0.0045890275
"base","dbl_uniform","random_05",500,500,"lapmod","jv","default",3,0.006769879,0.006481649,0.0069946615
"base","dbl_uniform","random_05",500,5000,"lapmod","jv","default",3,0.01492224,0.014907005,0.01492685
"base","dbl_uniform","random_25",500,1500,"lapmod","jv","default",3,0.007096198,0.0070821145,0.007103988
"base","dbl_uniform","random_25",500,500,"lapmod","jv","default",3,0.01015898,0.0096487145,0.01076506
"base","dbl_uniform","random_25",500,5000,"lapmod","jv","default",3,0.02307554,0.02305709,0.02309241
"base","dbl_uniform","random_60",500,1500,"lapmod","jv","default",3,0.009454764,0.00944476,0.0095748325
"base","dbl_uniform","random_60",500,500,"lapmod","jv","default",3,0.01239336,0.01184478,0.013860995
"base","dbl_uniform","random_60",500,5000,"lapmod","jv","default",3,0.0305548,0.03050021,0.030589895
"base","heavy_tailed","block_4",500,1500,"lapmod","jv","default",3,0.00424473,0.004231569,0.0042542625
"base","heavy_tailed","block_4",500,500,"lapmod","jv","default",3,0.004882198,0.0045556125,0.005001016
"base","heavy_tailed","block_4",500,5000,"lapmod","jv","default",3,0.01343869,0.013398655,0.01344767
"base","heavy_tailed","none",500,1500,"lapmod","jv","default",3,0.005163212,0.0051533925,0.0052259625
"base","heavy_tailed","none",500,500,"lapmod","jv","default",3,0.01140833,0.0106175435,0.01226808
"base","heavy_tailed","none",500,5000,"lapmod","jv","default",3,0.01624231,0.01619459,0.016355635
"base","heavy_tailed","random_01",500,1500,"lapmod","jv","default",3,0.004099918,0.004093604,0.0041094505
"base","heavy_tailed","random_01",500,500,"lapmod","jv","default",3,0.007058109,0.0069635835,0.0074801835
"base","heavy_tailed","random_01",500,5000,"lapmod","jv","default",3,0.01411745,0.01407071,0.01413709
"base","heavy_tailed","random_05",500,1500,"lapmod","jv","default",3,0.004557724,0.004548089,0.004565801
"base","heavy_tailed","random_05",500,500,"lapmod","jv","default",3,0.007394965,0.0072309855,0.008507828
"base","heavy_tailed","random_05",500,5000,"lapmod","jv","default",3,0.01489678,0.01486621,0.014899445
"base","heavy_tailed","random_25",500,1500,"lapmod","jv","default",3,0.007150687,0.0071495595,0.007183118
"base","heavy_tailed","random_25",500,500,"lapmod","jv","default",3,0.01206364,0.0102800965,0.012176285
"base","heavy_tailed","random_25",500,5000,"lapmod","jv","default",3,0.0231422,0.02310885,0.023160405
"base","heavy_tailed","random_60",500,1500,"lapmod","jv","default",3,0.009511631,0.009468212,0.009534919
"base","heavy_tailed","random_60",500,500,"lapmod","jv","default",3,0.01220787,0.01209299,0.01332625
"base","heavy_tailed","random_60",500,5000,"lapmod","jv","default",3,0.0307042,0.03064094,0.030750245
"base","int_uniform","block_4",500,1500,"lapmod","jv","default",3,0.004326238,0.004253586,0.0043263815
"base","int_uniform","block_4",500,500,"lapmod","jv","default",3,0.004345754,0.0043224455,0.0045206395
"base","int_uniform","block_4",500,5000,"lapmod","jv","default",3,0.01352861,0.01350376,0.013578915
"base","int_uniform","none",500,1500,"lapmod","jv","default",3,0.00556042,0.0055105025,0.0056023835
"base","int_uniform","none",500,500,"lapmod","jv","default",3,0.0119073,0.01171052,0.012226775
"base","int_uniform","none",500,5000,"lapmod","jv","default",3,0.01687888,0.0168747,0.01689237
"base","int_uniform","random_01",500,1500,"lapmod","jv","default",3,0.004065068,0.0040520505,0.0040661135
"base","int_uniform","random_01",500,500,"lapmod","jv","default",3,0.004893883,0.004736402,0.005372312
"base","int_uniform","random_01",500,5000,"lapmod","jv","default",3,0.01405451,0.01402173,0.01410111
"base","int_uniform","random_05",500,1500,"lapmod","jv","default",3,0.004552353,0.0045515125,0.0045721355
"base","int_uniform","random_05",500,500,"lapmod","jv","default",3,0.006506946,0.0063802765,0.006901243
"base","int_uniform","random_05",500,5000,"lapmod","jv","default",3,0.014911,0.01484378,0.01492201
"base","int_uniform","random_25",500,1500,"lapmod","jv","default",3,0.007144127,0.0071127005,0.007155525
"base","int_uniform","random_25",500,500,"lapmod","jv","default",3,0.007723867,0.0076512765,0.0090642585
"base","int_uniform","random_25",500,5000,"lapmod","jv","default",3,0.02309575,0.02308626,0.02310145
"base","int_uniform","random_60",500,1500,"lapmod","jv","default",3,0.009641191,0.009589572,0.0097178815
"base","int_uniform","random_60",500,500,"lapmod","jv","default",3,0.01262374,0.01217333,0.01278046
"base","int_uniform","random_60",500,5000,"lapmod","jv","default",3,0.03067538,0.030647335,0.03068969
"base","metric_clustered","block_4",500,1500,"lapmod","jv","default",3,0.004466581,0.004444974,0.004496921
"base","metric_clustered","block_4",500,500,"lapmod","jv","default",3,0.005857834,0.0055367835,0.005883131
"base","metric_clustered","block_4",500,5000,"lapmod","jv","default",3,0.01350064,0.013467495,0.01350499
"base","metric_clustered","none",500,1500,"lapmod","jv","default",3,0.00545177,0.005371451,0.005480347
"base","metric_clustered","none",500,500,"lapmod","jv","default",3,0.01390064,0.01336795,0.016462485
"base","metric_clustered","none",500,5000,"lapmod","jv","default",3,0.01585195,0.015826185,0.01602446
"base","metric_clustered","random_01",500,1500,"lapmod","jv","default",3,0.004091964,0.0040850555,0.0041263425
"base","metric_clustered","random_01",500,500,"lapmod","jv","default",3,0.005143737,0.0049838575,0.0054032055
"base","metric_clustered","random_01",500,5000,"lapmod","jv","default",3,0.01412856,0.014101745,0.01418231
"base","metric_clustered","random_05",500,1500,"lapmod","jv","default",3,0.004647719,0.0046404415,0.004683061
"base","metric_clustered","random_05",500,500,"lapmod","jv","default",3,0.008244567,0.0075335245,0.0095571185
"base","metric_clustered","random_05",500,5000,"lapmod","jv","default",3,0.01505139,0.015047555,0.01506012
"base","metric_clustered","random_25",500,1500,"lapmod","jv","default",3,0.007407265,0.0073827265,0.007443796
"base","metric_clustered","random_25",500,500,"lapmod","jv","default",3,0.016121,0.015268095,0.016759265
"base","metric_clustered","random_25",500,5000,"lapmod","jv","default",3,0.02317353,0.02317271,0.023268135
"base","metric_clustered","random_60",500,1500,"lapmod","jv","default",3,0.009947297,0.009916137,0.0100057435
"base","metric_clustered","random_60",500,500,"lapmod","jv","default",3,0.02076199,0.01777194,0.02116785
"base","metric_clustered","random_60",500,5000,"lapmod","jv","default",3,0.0304393,0.030410725,0.030498835
"base","metric_uniform","block_4",500,1500,"lapmod","jv","default",3,0.004212299,0.0042042425,0.0042513925
"base","metric_uniform","block_4",500,500,"lapmod","jv","default",3,0.00482119,0.004819058,0.0049882035
"base","metric_uniform","block_4",500,5000,"lapmod","jv","default",3,0.0134095,0.01336805,0.013445025
"base","metric_uniform","none",500,1500,"lapmod","jv","default",3,0.005146976,0.005128444,0.0052913985
"base","metric_uniform","none",500,500,"lapmod","jv","default",3,0.01323726,0.01175431,0.013971365
"base","metric_uniform","none",500,5000,"lapmod","jv","default",3,0.01586499,0.01581415,0.015900535
"base","metric_uniform","random_01",500,1500,"lapmod","jv","default",3,0.004107298,0.0041039565,0.0041224475
"base","metric_uniform","random_01",500,500,"lapmod","jv","default",3,0.004821026,0.004774983,0.0049316235
"base","metric_uniform","random_01",500,5000,"lapmod","jv","default",3,0.01411499,0.01408795,0.014155375
"base","metric_uniform","random_05",500,1500,"lapmod","jv","default",3,0.004658297,0.00464284,0.0046623765
"base","metric_uniform","random_05",500,500,"lapmod","jv","default",3,0.007631658,0.0063305845,0.0080449585
"base","metric_uniform","random_05",500,5000,"lapmod","jv","default",3,0.01494089,0.014926295,0.014951755
"base","metric_uniform","random_25",500,1500,"lapmod","jv","default",3,0.007175082,0.007174713,0.0071874025
"base","metric_uniform","random_25",500,500,"lapmod","jv","default",3,0.01250426,0.01118853,0.0129888
"base","metric_uniform","random_25",500,5000,"lapmod","jv","default",3,0.02323093,0.02321791,0.023263665
"base","metric_uniform","random_60",500,1500,"lapmod","jv","default",3,0.009489081,0.0094473635,0.0095555215
"base","metric_uniform","random_60",500,500,"lapmod","jv","default",3,0.0144518,0.013218215,0.01506916
"base","metric_uniform","random_60",500,5000,"lapmod","jv","default",3,0.03050515,0.03042479,0.03067374
"base","tied","block_4",500,1500,"lapmod","jv","default",3,0.05774981,0.05771088,0.05775672
"base","tied","block_4",500,500,"lapmod","jv","default",3,0.01893183,0.018867645,0.018967215
"base","tied","block_4",500,5000,"lapmod","jv","default",3,0.1910716,0.19084235,0.1915905
"base","tied","none",500,1500,"lapmod","jv","default",3,0.2987597,0.29845245,0.29908245
"base","tied","none",500,500,"lapmod","jv","default",3,0.09785048,0.097819975,0.09804644
"base","tied","none",500,5000,"lapmod","jv","default",3,1.019496,1.017959,1.0297485
"base","tied","random_01",500,1500,"lapmod","jv","default",3,0.004280687,0.0042745165,0.004301228
"base","tied","random_01",500,500,"lapmod","jv","default",3,0.004123739,0.0038934625,0.0043262585
"base","tied","random_01",500,5000,"lapmod","jv","default",3,0.01498607,0.014971435,0.01524435
"base","tied","random_05",500,1500,"lapmod","jv","default",3,0.1145856,0.11356385,0.1188
"base","tied","random_05",500,500,"lapmod","jv","default",3,0.04388082,0.04370573,0.04459295
"base","tied","random_05",500,5000,"lapmod","jv","default",3,0.379628,0.36750775,0.3829787
"base","tied","random_25",500,1500,"lapmod","jv","default",3,0.2218253,0.2216972,0.22185555
"base","tied","random_25",500,500,"lapmod","jv","default",3,0.07308123,0.07306112,0.07328535
"base","tied","random_25",500,5000,"lapmod","jv","default",3,0.745442,0.74493325,0.74727335
"base","tied","random_60",500,1500,"lapmod","jv","default",3,0.2626445,0.2626286,0.2626686
"base","tied","random_60",500,500,"lapmod","jv","default",3,0.08545491,0.08536145,0.08570093
"base","tied","random_60",500,5000,"lapmod","jv","default",3,0.8864322,0.886353,0.88826415
"large","binary","none",1000,10000,"lapmod","hk01","no_cost_scale",2,7.9582465,7.95660525,7.95988775
"large","binary","none",1500,1500,"lapmod","hk01","no_cost_scale",2,2.5674215,2.56639475,2.56844825
"large","binary","none",1500,4500,"lapmod","hk01","no_cost_scale",2,7.9319525,7.93107725,7.93282775
"large","binary","random_01",1000,10000,"lapmod","hk01","no_cost_scale",2,2.868217,2.8602045,2.8762295
"large","binary","random_01",1500,1500,"lapmod","hk01","no_cost_scale",2,1.366448,1.359824,1.373072
"large","binary","random_01",1500,4500,"lapmod","hk01","no_cost_scale",2,4.053625,4.0355365,4.0717135
"large","binary","random_25",1000,10000,"lapmod","hk01","no_cost_scale",2,5.9536685,5.95315725,5.95417975
"large","binary","random_25",1500,1500,"lapmod","hk01","no_cost_scale",2,1.8920135,1.88951475,1.89451225
"large","binary","random_25",1500,4500,"lapmod","hk01","no_cost_scale",2,5.7944415,5.79291825,5.79596475
"large","dbl_uniform","none",1000,10000,"lapmod","jv","default",2,0.08859887,0.088498175,0.088699565
"large","dbl_uniform","none",1500,1500,"lapmod","jv","default",2,0.1591693,0.15774615,0.16059245
"large","dbl_uniform","none",1500,4500,"lapmod","jv","default",2,0.06686618,0.066764325,0.066968035
"large","dbl_uniform","random_01",1000,10000,"lapmod","jv","default",2,0.081039695,0.0809041075,0.0811752825
"large","dbl_uniform","random_01",1500,1500,"lapmod","jv","default",2,0.076071015,0.0738122325,0.0783297975
"large","dbl_uniform","random_01",1500,4500,"lapmod","jv","default",2,0.0564276,0.056410155,0.056445045
"large","dbl_uniform","random_25",1000,10000,"lapmod","jv","default",2,0.1149227,0.11477485,0.11507055
"large","dbl_uniform","random_25",1500,1500,"lapmod","jv","default",2,0.116815,0.10864775,0.12498225
"large","dbl_uniform","random_25",1500,4500,"lapmod","jv","default",2,0.08093283,0.080880995,0.080984665
"large","heavy_tailed","none",1000,10000,"lapmod","jv","default",2,0.088307625,0.0882336075,0.0883816425
"large","heavy_tailed","none",1500,1500,"lapmod","jv","default",2,0.1378568,0.1368153,0.1388983
"large","heavy_tailed","none",1500,4500,"lapmod","jv","default",2,0.06568073,0.065627205,0.065734255
"large","heavy_tailed","random_01",1000,10000,"lapmod","jv","default",2,0.081184755,0.0811339975,0.0812355125
"large","heavy_tailed","random_01",1500,1500,"lapmod","jv","default",2,0.103456765,0.0971294475,0.1097840825
"large","heavy_tailed","random_01",1500,4500,"lapmod","jv","default",2,0.05655101,0.05648621,0.05661581
"large","heavy_tailed","random_25",1000,10000,"lapmod","jv","default",2,0.1151079,0.11507535,0.11514045
"large","heavy_tailed","random_25",1500,1500,"lapmod","jv","default",2,0.11587795,0.115384525,0.116371375
"large","heavy_tailed","random_25",1500,4500,"lapmod","jv","default",2,0.080503295,0.0804947875,0.0805118025
"large","int_uniform","none",1000,10000,"lapmod","jv","default",2,0.091748895,0.0913867825,0.0921110075
"large","int_uniform","none",1500,1500,"lapmod","jv","default",2,0.1256658,0.12411015,0.12722145
"large","int_uniform","none",1500,4500,"lapmod","jv","default",2,0.068681885,0.0681460775,0.0692176925
"large","int_uniform","random_01",1000,10000,"lapmod","jv","default",2,0.08069495,0.080679975,0.080709925
"large","int_uniform","random_01",1500,1500,"lapmod","jv","default",2,0.080791155,0.0799792325,0.0816030775
"large","int_uniform","random_01",1500,4500,"lapmod","jv","default",2,0.056266535,0.0562651925,0.0562678775
"large","int_uniform","random_25",1000,10000,"lapmod","jv","default",2,0.1150237,0.11495475,0.11509265
"large","int_uniform","random_25",1500,1500,"lapmod","jv","default",2,0.11715225,0.116209675,0.118094825
"large","int_uniform","random_25",1500,4500,"lapmod","jv","default",2,0.080363135,0.0803593925,0.0803668775
"large","metric_clustered","none",1000,10000,"lapmod","jv","default",2,0.086657765,0.0866317075,0.0866838225
"large","metric_clustered","none",1500,1500,"lapmod","jv","default",2,0.3014878,0.2810232,0.3219524
"large","metric_clustered","none",1500,4500,"lapmod","jv","default",2,0.066665465,0.0661805575,0.0671503725
"large","metric_clustered","random_01",1000,10000,"lapmod","jv","default",2,0.081003905,0.0809321775,0.0810756325
"large","metric_clustered","random_01",1500,1500,"lapmod","jv","default",2,0.08574457,0.083599185,0.087889955
"large","metric_clustered","random_01",1500,4500,"lapmod","jv","default",2,0.05676122,0.05667545,0.05684699
"large","metric_clustered","random_25",1000,10000,"lapmod","jv","default",2,0.1155838,0.11552155,0.11564605
"large","metric_clustered","random_25",1500,1500,"lapmod","jv","default",2,0.1782312,0.17068745,0.18577495
"large","metric_clustered","random_25",1500,4500,"lapmod","jv","default",2,0.0825027,0.08242855,0.08257685
"base","binary","block_4",500,1500,"network_simplex","hk01","no_cost_scale",3,0.02990413,0.02816581,0.0304867
"base","binary","block_4",500,500,"network_simplex","hk01","no_cost_scale",3,0.004570967,0.004333864,0.0047913215
"base","binary","block_4",500,5000,"network_simplex","hk01","no_cost_scale",3,0.16195,0.16101355,0.1706453
"base","binary","none",500,1500,"network_simplex","hk01","no_cost_scale",3,0.02233438,0.02093466,0.027252905
"base","binary","none",500,500,"network_simplex","hk01","no_cost_scale",3,0.003808285,0.003049416,0.0038153985
"base","binary","none",500,5000,"network_simplex","hk01","no_cost_scale",3,0.09725684,0.08931678,0.10233342
"base","binary","random_01",500,1500,"network_simplex","hk01","no_cost_scale",3,0.02733474,0.0272609,0.0278668
"base","binary","random_01",500,500,"network_simplex","hk01","no_cost_scale",3,0.02217432,0.01977496,0.023646425
"base","binary","random_01",500,5000,"network_simplex","hk01","no_cost_scale",3,0.1893334,0.1871979,0.19340615
"base","binary","random_05",500,1500,"network_simplex","hk01","no_cost_scale",3,0.02747144,0.027155245,0.0276625
"base","binary","random_05",500,500,"network_simplex","hk01","no_cost_scale",3,0.008740257,0.0082121565,0.0091852915
"base","binary","random_05",500,5000,"network_simplex","hk01","no_cost_scale",3,0.192178,0.19168095,0.1964169
"base","binary","random_25",500,1500,"network_simplex","hk01","no_cost_scale",3,0.02932107,0.028959775,0.029653925
"base","binary","random_25",500,500,"network_simplex","hk01","no_cost_scale",3,0.006233804,0.0060280455,0.006289195
"base","binary","random_25",500,5000,"network_simplex","hk01","no_cost_scale",3,0.1694213,0.16694995,0.1742984
"base","binary","random_60",500,1500,"network_simplex","hk01","no_cost_scale",3,0.03553011,0.03367334,0.03744559
"base","binary","random_60",500,500,"network_simplex","hk01","no_cost_scale",3,0.006022572,0.005902073,0.006129254
"base","binary","random_60",500,5000,"network_simplex","hk01","no_cost_scale",3,0.1683096,0.16438325,0.17146895
"base","constant","block_4",500,1500,"network_simplex","hk01","no_cost_scale",3,0.01648573,0.016461645,0.016490755
"base","constant","block_4",500,500,"network_simplex","hk01","no_cost_scale",3,0.002462788,0.002460082,0.002535235
"base","constant","block_4",500,5000,"network_simplex","hk01","no_cost_scale",3,0.09333416,0.092764015,0.09342258
"base","constant","none",500,1500,"network_simplex","hk01","no_cost_scale",3,0.007841168,0.0077701355,0.007896436
"base","constant","none",500,500,"network_simplex","hk01","no_cost_scale",3,0.002359181,0.0023495665,0.002384519
"base","constant","none",500,5000,"network_simplex","hk01","no_cost_scale",3,0.02743904,0.02737383,0.027592425
"base","constant","random_01",500,1500,"network_simplex","hk01","no_cost_scale",3,0.02112869,0.021061145,0.021317865
"base","constant","random_01",500,500,"network_simplex","hk01","no_cost_scale",3,0.003021085,0.00300981,0.003053721
"base","constant","random_01",500,5000,"network_simplex","hk01","no_cost_scale",3,0.1324318,0.1320234,0.13268655
"base","constant","random_05",500,1500,"network_simplex","hk01","no_cost_scale",3,0.02112488,0.02101215,0.02164628
"base","constant","random_05",500,500,"network_simplex","hk01","no_cost_scale",3,0.002814568,0.0028101605,0.0028227475
"base","constant","random_05",500,5000,"network_simplex","hk01","no_cost_scale",3,0.1292968,0.12868335,0.1300695
"base","constant","random_25",500,1500,"network_simplex","hk01","no_cost_scale",3,0.02320432,0.02275291,0.02424984
"base","constant","random_25",500,500,"network_simplex","hk01","no_cost_scale",3,0.003581391,0.0035567295,0.003590698
"base","constant","random_25",500,5000,"network_simplex","hk01","no_cost_scale",3,0.1151749,0.11511385,0.11561475
"base","constant","random_60",500,1500,"network_simplex","hk01","no_cost_scale",3,0.02737455,0.024861865,0.0274298
"base","constant","random_60",500,500,"network_simplex","hk01","no_cost_scale",3,0.004200819,0.004189216,0.0042539755
"base","constant","random_60",500,5000,"network_simplex","hk01","no_cost_scale",3,0.1027231,0.098968495,0.1090926
"base","dbl_uniform","block_4",500,1500,"network_simplex","jv","default",3,0.0925019,0.090980165,0.09490602
"base","dbl_uniform","block_4",500,500,"network_simplex","jv","default",3,0.0277194,0.027193475,0.028190265
"base","dbl_uniform","block_4",500,5000,"network_simplex","jv","default",3,0.5377301,0.52843755,0.5437606
"base","dbl_uniform","none",500,1500,"network_simplex","jv","default",3,0.09466785,0.093791825,0.119860925
"base","dbl_uniform","none",500,500,"network_simplex","jv","default",3,0.09190002,0.084864895,0.09786586
"base","dbl_uniform","none",500,5000,"network_simplex","jv","default",3,0.5551209,0.5543003,0.57940995
"base","dbl_uniform","random_01",500,1500,"network_simplex","jv","default",3,0.06672639,0.06411744,0.07122524
"base","dbl_uniform","random_01",500,500,"network_simplex","jv","default",3,0.04266784,0.041904255,0.0450968
"base","dbl_uniform","random_01",500,5000,"network_simplex","jv","default",3,0.3055199,0.3016601,0.30917675
"base","dbl_uniform","random_05",500,1500,"network_simplex","jv","default",3,0.09701682,0.094839785,0.10707291
"base","dbl_uniform","random_05",500,500,"network_simplex","jv","default",3,0.0871225,0.08547727,0.08962309
"base","dbl_uniform","random_05",500,5000,"network_simplex","jv","default",3,0.4622412,0.4607425,0.5475982
"base","dbl_uniform","random_25",500,1500,"network_simplex","jv","default",3,0.1086051,0.10418356,0.1534245
"base","dbl_uniform","random_25",500,500,"network_simplex","jv","default",3,0.08664801,0.08215984,0.091578915
"base","dbl_uniform","random_25",500,5000,"network_simplex","jv","default",3,0.5872726,0.5858782,0.60906795
"base","dbl_uniform","random_60",500,1500,"network_simplex","jv","default",3,0.116549,0.1155555,0.12878815
"base","dbl_uniform","random_60",500,500,"network_simplex","jv","default",3,0.0989722,0.087035275,0.09946756
"base","dbl_uniform","random_60",500,5000,"network_simplex","jv","default",3,0.699603,0.65825805,0.7115705
"base","heavy_tailed","block_4",500,1500,"network_simplex","jv","default",3,0.1086908,0.10228967,0.11076985
"base","heavy_tailed","block_4",500,500,"network_simplex","jv","default",3,0.02870275,0.02708134,0.029907285
"base","heavy_tailed","block_4",500,5000,"network_simplex","jv","default",3,0.6452721,0.63189945,0.6595397
"base","heavy_tailed","none",500,1500,"network_simplex","jv","default",3,0.1121026,0.1080895,0.13024625
"base","heavy_tailed","none",500,500,"network_simplex","jv","default",3,0.08803003,0.086589025,0.092346735
"base","heavy_tailed","none",500,5000,"network_simplex","jv","default",3,0.7751629,0.726917,0.79632535
"base","heavy_tailed","random_01",500,1500,"network_simplex","jv","default",3,0.07966316,0.071752315,0.08720989
"base","heavy_tailed","random_01",500,500,"network_simplex","jv","default",3,0.03755338,0.037107175,0.03842645
"base","heavy_tailed","random_01",500,5000,"network_simplex","jv","default",3,0.3075854,0.30461735,0.31027115
"base","heavy_tailed","random_05",500,1500,"network_simplex","jv","default",3,0.1027483,0.09337215,0.10530865
"base","heavy_tailed","random_05",500,500,"network_simplex","jv","default",3,0.06995092,0.069801965,0.07114613
"base","heavy_tailed","random_05",500,5000,"network_simplex","jv","default",3,0.5142724,0.512711,0.5546504
"base","heavy_tailed","random_25",500,1500,"network_simplex","jv","default",3,0.1316792,0.1269869,0.1469435
"base","heavy_tailed","random_25",500,500,"network_simplex","jv","default",3,0.09417073,0.089440785,0.095455075
"base","heavy_tailed","random_25",500,5000,"network_simplex","jv","default",3,0.6809689,0.67299465,0.7344168
"base","heavy_tailed","random_60",500,1500,"network_simplex","jv","default",3,0.1686276,0.16116755,0.1855003
"base","heavy_tailed","random_60",500,500,"network_simplex","jv","default",3,0.08518086,0.084550385,0.0871841
"base","heavy_tailed","random_60",500,5000,"network_simplex","jv","default",3,0.7291684,0.7132037,0.7386783
"base","int_uniform","block_4",500,1500,"network_simplex","jv","default",3,0.0887509,0.088621275,0.08893802
"base","int_uniform","block_4",500,500,"network_simplex","jv","default",3,0.0283688,0.027464095,0.029337835
"base","int_uniform","block_4",500,5000,"network_simplex","jv","default",3,0.5157931,0.5156305,0.52974875
"base","int_uniform","none",500,1500,"network_simplex","jv","default",3,0.08723205,0.085788995,0.092895235
"base","int_uniform","none",500,500,"network_simplex","jv","default",3,0.09562246,0.089391215,0.09647948
"base","int_uniform","none",500,5000,"network_simplex","jv","default",3,0.5573411,0.5528767,0.6469912
"base","int_uniform","random_01",500,1500,"network_simplex","jv","default",3,0.06341433,0.059042335,0.073530035
"base","int_uniform","random_01",500,500,"network_simplex","jv","default",3,0.04552365,0.044256995,0.04761289
"base","int_uniform","random_01",500,5000,"network_simplex","jv","default",3,0.2972826,0.2964514,0.29765215
"base","int_uniform","random_05",500,1500,"network_simplex","jv","default",3,0.1051764,0.098553175,0.1121232
"base","int_uniform","random_05",500,500,"network_simplex","jv","default",3,0.08548106,0.08349732,0.09795503
"base","int_uniform","random_05",500,5000,"network_simplex","jv","default",3,0.4581351,0.452777,0.4812967
"base","int_uniform","random_25",500,1500,"network_simplex","jv","default",3,0.1016533,0.1012725,0.1289397
"base","int_uniform","random_25",500,500,"network_simplex","jv","default",3,0.1025371,0.09765261,0.1035171
"base","int_uniform","random_25",500,5000,"network_simplex","jv","default",3,0.6091392,0.5963809,0.61942455
"base","int_uniform","random_60",500,1500,"network_simplex","jv","default",3,0.1299324,0.124181,0.1443823
"base","int_uniform","random_60",500,500,"network_simplex","jv","default",3,0.08647109,0.085587745,0.095425995
"base","int_uniform","random_60",500,5000,"network_simplex","jv","default",3,0.6420235,0.6389067,0.6986453
"base","metric_clustered","block_4",500,1500,"network_simplex","jv","default",3,0.08348051,0.081347135,0.089857855
"base","metric_clustered","block_4",500,500,"network_simplex","jv","default",3,0.01957205,0.0193421,0.020566915
"base","metric_clustered","block_4",500,5000,"network_simplex","jv","default",3,0.574269,0.57150125,0.57653115
"base","metric_clustered","none",500,1500,"network_simplex","jv","default",3,0.1001201,0.10003825,0.1044043
"base","metric_clustered","none",500,500,"network_simplex","jv","default",3,0.03455566,0.03375501,0.035957245
"base","metric_clustered","none",500,5000,"network_simplex","jv","default",3,0.5915303,0.58472305,0.62188845
"base","metric_clustered","random_01",500,1500,"network_simplex","jv","default",3,0.08645219,0.086242145,0.135340745
"base","metric_clustered","random_01",500,500,"network_simplex","jv","default",3,0.05075862,0.045152995,0.05202443
"base","metric_clustered","random_01",500,5000,"network_simplex","jv","default",3,0.3043929,0.302453,0.3076999
"base","metric_clustered","random_05",500,1500,"network_simplex","jv","default",3,0.08990644,0.086039155,0.09873037
"base","metric_clustered","random_05",500,500,"network_simplex","jv","default",3,0.06878632,0.06577499,0.07212548
"base","metric_clustered","random_05",500,5000,"network_simplex","jv","default",3,0.4808963,0.46924905,0.5015407
"base","metric_clustered","random_25",500,1500,"network_simplex","jv","default",3,0.1123844,0.10938365,0.11389845
"base","metric_clustered","random_25",500,500,"network_simplex","jv","default",3,0.05231038,0.05096429,0.05246032
"base","metric_clustered","random_25",500,5000,"network_simplex","jv","default",3,0.6497506,0.6451278,0.65057555
"base","metric_clustered","random_60",500,1500,"network_simplex","jv","default",3,0.117285,0.11678025,0.1176507
"base","metric_clustered","random_60",500,500,"network_simplex","jv","default",3,0.03719344,0.03560934,0.03728321
"base","metric_clustered","random_60",500,5000,"network_simplex","jv","default",3,0.6493652,0.64306515,0.65062215
"base","metric_uniform","block_4",500,1500,"network_simplex","jv","default",3,0.09092045,0.08632185,0.091087075
"base","metric_uniform","block_4",500,500,"network_simplex","jv","default",3,0.02540569,0.024179665,0.025695375
"base","metric_uniform","block_4",500,5000,"network_simplex","jv","default",3,0.4879899,0.48637695,0.4921345
"base","metric_uniform","none",500,1500,"network_simplex","jv","default",3,0.1136815,0.1027422,0.1785593
"base","metric_uniform","none",500,500,"network_simplex","jv","default",3,0.06718022,0.06519986,0.07916604
"base","metric_uniform","none",500,5000,"network_simplex","jv","default",3,0.5620332,0.53576885,0.59285815
"base","metric_uniform","random_01",500,1500,"network_simplex","jv","default",3,0.1012544,0.09939828,0.1032603
"base","metric_uniform","random_01",500,500,"network_simplex","jv","default",3,0.05541355,0.051450695,0.05892114
"base","metric_uniform","random_01",500,5000,"network_simplex","jv","default",3,0.323936,0.3170961,0.3266946
"base","metric_uniform","random_05",500,1500,"network_simplex","jv","default",3,0.263156,0.177177115,0.2947865
"base","metric_uniform","random_05",500,500,"network_simplex","jv","default",3,0.09290637,0.091686335,0.094270665
"base","metric_uniform","random_05",500,5000,"network_simplex","jv","default",3,0.5051152,0.4881841,0.52773925
"base","metric_uniform","random_25",500,1500,"network_simplex","jv","default",3,0.1343882,0.12580995,0.16635045
"base","metric_uniform","random_25",500,500,"network_simplex","jv","default",3,0.08499259,0.084228495,0.089360875
"base","metric_uniform","random_25",500,5000,"network_simplex","jv","default",3,0.6203536,0.61328445,0.66403645
"base","metric_uniform","random_60",500,1500,"network_simplex","jv","default",3,0.2178031,0.1807149,0.24876225
"base","metric_uniform","random_60",500,500,"network_simplex","jv","default",3,0.07751907,0.07643513,0.0788922
"base","metric_uniform","random_60",500,5000,"network_simplex","jv","default",3,0.6007325,0.59204855,0.6391488
"base","tied","block_4",500,1500,"network_simplex","jv","default",3,0.02960508,0.02902181,0.02994429
"base","tied","block_4",500,500,"network_simplex","jv","default",3,0.005235823,0.005143573,0.005387974
"base","tied","block_4",500,5000,"network_simplex","jv","default",3,0.1966257,0.1924703,0.1983763
"base","tied","none",500,1500,"network_simplex","jv","default",3,0.02007372,0.02002782,0.02058782
"base","tied","none",500,500,"network_simplex","jv","default",3,0.005328934,0.0049554445,0.0054772925
"base","tied","none",500,5000,"network_simplex","jv","default",3,0.1180996,0.1160345,0.12082565
"base","tied","random_01",500,1500,"network_simplex","jv","default",3,0.03601497,0.035781085,0.037551875
"base","tied","random_01",500,500,"network_simplex","jv","default",3,0.03081523,0.030801045,0.03323511
"base","tied","random_01",500,5000,"network_simplex","jv","default",3,0.219624,0.2188499,0.22281915
"base","tied","random_05",500,1500,"network_simplex","jv","default",3,0.03663887,0.036600615,0.036969595
"base","tied","random_05",500,500,"network_simplex","jv","default",3,0.02674984,0.02634107,0.02759532
"base","tied","random_05",500,5000,"network_simplex","jv","default",3,0.2663073,0.26174045,0.27514665
"base","tied","random_25",500,1500,"network_simplex","jv","default",3,0.03419597,0.033963845,0.034713985
"base","tied","random_25",500,500,"network_simplex","jv","default",3,0.008385812,0.0082578305,0.0086569245
"base","tied","random_25",500,5000,"network_simplex","jv","default",3,0.2226502,0.2178463,0.22353025
"base","tied","random_60",500,1500,"network_simplex","jv","default",3,0.03509608,0.03437977,0.035796525
"base","tied","random_60",500,500,"network_simplex","jv","default",3,0.007443714,0.00725577,0.007637685
"base","tied","random_60",500,5000,"network_simplex","jv","default",3,0.1841733,0.1821071,0.18441995
"base","binary","block_4",500,1500,"ramshaw_tarjan","hk01","no_cost_scale",3,0.0393213,0.03932007,0.03935543
"base","binary","block_4",500,500,"ramshaw_tarjan","hk01","no_cost_scale",3,0.01387948,0.013845495,0.013895515
"base","binary","block_4",500,5000,"ramshaw_tarjan","hk01","no_cost_scale",3,0.1270499,0.1269383,0.127061
"base","binary","none",500,1500,"ramshaw_tarjan","hk01","no_cost_scale",3,0.210904,0.2107906,0.2110204
"base","binary","none",500,500,"ramshaw_tarjan","hk01","no_cost_scale",3,0.0631361,0.063080385,0.06314387
"base","binary","none",500,5000,"ramshaw_tarjan","hk01","no_cost_scale",3,0.7457669,0.7452046,0.75152495
"base","binary","random_01",500,1500,"ramshaw_tarjan","hk01","no_cost_scale",3,0.01103281,0.0102506135,0.01181663
"base","binary","random_01",500,500,"ramshaw_tarjan","hk01","no_cost_scale",3,0.01067816,0.009902257,0.012845995
"base","binary","random_01",500,5000,"ramshaw_tarjan","hk01","no_cost_scale",3,0.03924971,0.03894682,0.04310824
"base","binary","random_05",500,1500,"ramshaw_tarjan","hk01","no_cost_scale",3,0.1748686,0.1748576,0.17694375
"base","binary","random_05",500,500,"ramshaw_tarjan","hk01","no_cost_scale",3,0.05762484,0.057505325,0.057857475
"base","binary","random_05",500,5000,"ramshaw_tarjan","hk01","no_cost_scale",3,0.5715245,0.5672865,0.57254335
"base","binary","random_25",500,1500,"ramshaw_tarjan","hk01","no_cost_scale",3,0.3847681,0.38462455,0.38554865
"base","binary","random_25",500,500,"ramshaw_tarjan","hk01","no_cost_scale",3,0.09894727,0.09894606,0.09925854
"base","binary","random_25",500,5000,"ramshaw_tarjan","hk01","no_cost_scale",3,1.366998,1.3666155,1.3681185
"base","binary","random_60",500,1500,"ramshaw_tarjan","hk01","no_cost_scale",3,0.5405593,0.5395667,0.54142695
"base","binary","random_60",500,500,"ramshaw_tarjan","hk01","no_cost_scale",3,0.1392658,0.13884495,0.13927605
"base","binary","random_60",500,5000,"ramshaw_tarjan","hk01","no_cost_scale",3,1.936447,1.9353135,1.941578
"base","constant","block_4",500,1500,"ramshaw_tarjan","hk01","no_cost_scale",3,0.036439,0.03642918,0.036449205
"base","constant","block_4",500,500,"ramshaw_tarjan","hk01","no_cost_scale",3,0.01255896,0.01251228,0.01255939
"base","constant","block_4",500,5000,"ramshaw_tarjan","hk01","no_cost_scale",3,0.1187298,0.11867985,0.11877445
"base","constant","none",500,1500,"ramshaw_tarjan","hk01","no_cost_scale",3,0.2015787,0.20150955,0.2015879
"base","constant","none",500,500,"ramshaw_tarjan","hk01","no_cost_scale",3,0.05878806,0.058711,0.058852675
"base","constant","none",500,5000,"ramshaw_tarjan","hk01","no_cost_scale",3,0.7297939,0.72970095,0.73227825
"base","constant","random_01",500,1500,"ramshaw_tarjan","hk01","no_cost_scale",3,0.08537684,0.082121195,0.08686305
"base","constant","random_01",500,500,"ramshaw_tarjan","hk01","no_cost_scale",3,0.03484324,0.034722925,0.0353328
"base","constant","random_01",500,5000,"ramshaw_tarjan","hk01","no_cost_scale",3,0.2398867,0.23478385,0.24347565
"base","constant","random_05",500,1500,"ramshaw_tarjan","hk01","no_cost_scale",3,0.1700011,0.169929,0.1702176
"base","constant","random_05",500,500,"ramshaw_tarjan","hk01","no_cost_scale",3,0.05267385,0.052661895,0.052807775
"base","constant","random_05",500,5000,"ramshaw_tarjan","hk01","no_cost_scale",3,0.5671735,0.5670274,0.5686901
"base","constant","random_25",500,1500,"ramshaw_tarjan","hk01","no_cost_scale",3,0.3717937,0.37171125,0.3729365
"base","constant","random_25",500,500,"ramshaw_tarjan","hk01","no_cost_scale",3,0.09332826,0.09311217,0.093517125
"base","constant","random_25",500,5000,"ramshaw_tarjan","hk01","no_cost_scale",3,1.334476,1.333004,1.3346235
"base","constant","random_60",500,1500,"ramshaw_tarjan","hk01","no_cost_scale",3,0.5316326,0.52970505,0.53230655
"base","constant","random_60",500,500,"ramshaw_tarjan","hk01","no_cost_scale",3,0.1321833,0.13206525,0.1324081
"base","constant","random_60",500,5000,"ramshaw_tarjan","hk01","no_cost_scale",3,1.904285,1.9042035,1.905744
"base","dbl_uniform","block_4",500,1500,"ramshaw_tarjan","jv","default",3,0.007604475,0.0075744015,0.007604557
"base","dbl_uniform","block_4",500,500,"ramshaw_tarjan","jv","default",3,0.004995645,0.0049224805,0.005018933
"base","dbl_uniform","block_4",500,5000,"ramshaw_tarjan","jv","default",3,0.02360436,0.023570165,0.0237341
"base","dbl_uniform","none",500,1500,"ramshaw_tarjan","jv","default",3,0.01426402,0.014096515,0.01434014
"base","dbl_uniform","none",500,500,"ramshaw_tarjan","jv","default",3,0.01367129,0.0135045,0.01388777
"base","dbl_uniform","none",500,5000,"ramshaw_tarjan","jv","default",3,0.04565662,0.04559899,0.045969325
"base","dbl_uniform","random_01",500,1500,"ramshaw_tarjan","jv","default",3,0.005667717,0.0056672865,0.005675999
"base","dbl_uniform","random_01",500,500,"ramshaw_tarjan","jv","default",3,0.006374639,0.0060819605,0.00639682
"base","dbl_uniform","random_01",500,5000,"ramshaw_tarjan","jv","default",3,0.01909792,0.019082545,0.019122235
"base","dbl_uniform","random_05",500,1500,"ramshaw_tarjan","jv","default",3,0.006660778,0.006654054,0.006676932
"base","dbl_uniform","random_05",500,500,"ramshaw_tarjan","jv","default",3,0.009601503,0.009225123,0.0099552315
"base","dbl_uniform","random_05",500,5000,"ramshaw_tarjan","jv","default",3,0.02139314,0.02138769,0.0214325
"base","dbl_uniform","random_25",500,1500,"ramshaw_tarjan","jv","default",3,0.01143334,0.011396975,0.011451875
"base","dbl_uniform","random_25",500,500,"ramshaw_tarjan","jv","default",3,0.01768113,0.016840155,0.018844095
"base","dbl_uniform","random_25",500,5000,"ramshaw_tarjan","jv","default",3,0.03584368,0.03568681,0.03585153
"base","dbl_uniform","random_60",500,1500,"ramshaw_tarjan","jv","default",3,0.01740634,0.01737262,0.01761739
"base","dbl_uniform","random_60",500,500,"ramshaw_tarjan","jv","default",3,0.02199896,0.021008175,0.02384312
"base","dbl_uniform","random_60",500,5000,"ramshaw_tarjan","jv","default",3,0.05479576,0.05476081,0.05512704
"base","heavy_tailed","block_4",500,1500,"ramshaw_tarjan","jv","default",3,0.007536046,0.0075315975,0.007548141
"base","heavy_tailed","block_4",500,500,"ramshaw_tarjan","jv","default",3,0.00561372,0.005305195,0.0057008245
"base","heavy_tailed","block_4",500,5000,"ramshaw_tarjan","jv","default",3,0.02407996,0.023738365,0.02419193
"base","heavy_tailed","none",500,1500,"ramshaw_tarjan","jv","default",3,0.01393434,0.013881575,0.013996335
"base","heavy_tailed","none",500,500,"ramshaw_tarjan","jv","default",3,0.01385497,0.013279305,0.014563815
"base","heavy_tailed","none",500,5000,"ramshaw_tarjan","jv","default",3,0.04583201,0.04568798,0.04603943
"base","heavy_tailed","random_01",500,1500,"ramshaw_tarjan","jv","default",3,0.005695597,0.0056838505,0.0057047195
"base","heavy_tailed","random_01",500,500,"ramshaw_tarjan","jv","default",3,0.007659292,0.0075819455,0.008163305
"base","heavy_tailed","random_01",500,5000,"ramshaw_tarjan","jv","default",3,0.01892224,0.018915105,0.01916164
"base","heavy_tailed","random_05",500,1500,"ramshaw_tarjan","jv","default",3,0.006646633,0.0066384125,0.006670044
"base","heavy_tailed","random_05",500,500,"ramshaw_tarjan","jv","default",3,0.01039563,0.0101838045,0.011890555
"base","heavy_tailed","random_05",500,5000,"ramshaw_tarjan","jv","default",3,0.02132836,0.02132082,0.021479385
"base","heavy_tailed","random_25",500,1500,"ramshaw_tarjan","jv","default",3,0.01154736,0.01153914,0.01158754
"base","heavy_tailed","random_25",500,500,"ramshaw_tarjan","jv","default",3,0.02110159,0.01798135,0.02112414
"base","heavy_tailed","random_25",500,5000,"ramshaw_tarjan","jv","default",3,0.0357472,0.035698165,0.0359062
"base","heavy_tailed","random_60",500,1500,"ramshaw_tarjan","jv","default",3,0.01733037,0.017285495,0.01751243
"base","heavy_tailed","random_60",500,500,"ramshaw_tarjan","jv","default",3,0.02089713,0.020737535,0.0226262
"base","heavy_tailed","random_60",500,5000,"ramshaw_tarjan","jv","default",3,0.05527411,0.05522292,0.055288605
"base","int_uniform","block_4",500,1500,"ramshaw_tarjan","jv","default",3,0.007615709,0.0075049885,0.007622228
"base","int_uniform","block_4",500,500,"ramshaw_tarjan","jv","default",3,0.005196832,0.005172109,0.0053274375
"base","int_uniform","block_4",500,5000,"ramshaw_tarjan","jv","default",3,0.02352277,0.023515305,0.023712575
"base","int_uniform","none",500,1500,"ramshaw_tarjan","jv","default",3,0.01443134,0.014399955,0.014484355
"base","int_uniform","none",500,500,"ramshaw_tarjan","jv","default",3,0.01426661,0.014219005,0.01453475
"base","int_uniform","none",500,5000,"ramshaw_tarjan","jv","default",3,0.04703094,0.04653088,0.04718104
"base","int_uniform","random_01",500,1500,"ramshaw_tarjan","jv","default",3,0.005681985,0.0056478115,0.0056922145
"base","int_uniform","random_01",500,500,"ramshaw_tarjan","jv","default",3,0.005457797,0.0053019355,0.0059432985
"base","int_uniform","random_01",500,5000,"ramshaw_tarjan","jv","default",3,0.01893241,0.018919595,0.018957785
"base","int_uniform","random_05",500,1500,"ramshaw_tarjan","jv","default",3,0.006621295,0.006620024,0.00665758
"base","int_uniform","random_05",500,500,"ramshaw_tarjan","jv","default",3,0.00927092,0.0090915245,0.00974033
"base","int_uniform","random_05",500,5000,"ramshaw_tarjan","jv","default",3,0.02127486,0.021242285,0.02146391
"base","int_uniform","random_25",500,1500,"ramshaw_tarjan","jv","default",3,0.0114547,0.01140132,0.01152932
"base","int_uniform","random_25",500,500,"ramshaw_tarjan","jv","default",3,0.01369097,0.013666245,0.016004925
"base","int_uniform","random_25",500,5000,"ramshaw_tarjan","jv","default",3,0.0360709,0.03594501,0.03610706
"base","int_uniform","random_60",500,1500,"ramshaw_tarjan","jv","default",3,0.01768994,0.017616735,0.017944715
"base","int_uniform","random_60",500,500,"ramshaw_tarjan","jv","default",3,0.02174337,0.021589025,0.02209476
"base","int_uniform","random_60",500,5000,"ramshaw_tarjan","jv","default",3,0.05535279,0.055263615,0.055419805
"base","metric_clustered","block_4",500,1500,"ramshaw_tarjan","jv","default",3,0.007370939,0.007343674,0.0074590275
"base","metric_clustered","block_4",500,500,"ramshaw_tarjan","jv","default",3,0.006497434,0.006304488,0.0065544855
"base","metric_clustered","block_4",500,5000,"ramshaw_tarjan","jv","default",3,0.02305258,0.02288331,0.0231739
"base","metric_clustered","none",500,1500,"ramshaw_tarjan","jv","default",3,0.01336522,0.01330895,0.013452695
"base","metric_clustered","none",500,500,"ramshaw_tarjan","jv","default",3,0.01757785,0.01682382,0.019261965
"base","metric_clustered","none",500,5000,"ramshaw_tarjan","jv","default",3,0.04401494,0.043940995,0.044072275
"base","metric_clustered","random_01",500,1500,"ramshaw_tarjan","jv","default",3,0.005664109,0.0056545765,0.00569654
"base","metric_clustered","random_01",500,500,"ramshaw_tarjan","jv","default",3,0.005805149,0.0056238675,0.006037414
"base","metric_clustered","random_01",500,5000,"ramshaw_tarjan","jv","default",3,0.01918804,0.019081275,0.0192076
"base","metric_clustered","random_05",500,1500,"ramshaw_tarjan","jv","default",3,0.006754135,0.006753356,0.0068149585
"base","metric_clustered","random_05",500,500,"ramshaw_tarjan","jv","default",3,0.01180681,0.01081951,0.013651505
"base","metric_clustered","random_05",500,5000,"ramshaw_tarjan","jv","default",3,0.0216318,0.021556445,0.021636435
"base","metric_clustered","random_25",500,1500,"ramshaw_tarjan","jv","default",3,0.01211181,0.012095635,0.012226875
"base","metric_clustered","random_25",500,500,"ramshaw_tarjan","jv","default",3,0.0288761,0.02750184,0.030205565
"base","metric_clustered","random_25",500,5000,"ramshaw_tarjan","jv","default",3,0.03641677,0.0363908,0.036444425
"base","metric_clustered","random_60",500,1500,"ramshaw_tarjan","jv","default",3,0.01855713,0.0185181,0.018767545
"base","metric_clustered","random_60",500,500,"ramshaw_tarjan","jv","default",3,0.03442057,0.030183135,0.035441385
"base","metric_clustered","random_60",500,5000,"ramshaw_tarjan","jv","default",3,0.05518739,0.055023125,0.05526515
"base","metric_uniform","block_4",500,1500,"ramshaw_tarjan","jv","default",3,0.007507018,0.0074920325,0.007551831
"base","metric_uniform","block_4",500,500,"ramshaw_tarjan","jv","default",3,0.005600846,0.005592072,0.0057056625
"base","metric_uniform","block_4",500,5000,"ramshaw_tarjan","jv","default",3,0.02350218,0.02340245,0.023787255
"base","metric_uniform","none",500,1500,"ramshaw_tarjan","jv","default",3,0.01404332,0.01400074,0.014398505
"base","metric_uniform","none",500,500,"ramshaw_tarjan","jv","default",3,0.01605781,0.014928285,0.016453605
"base","metric_uniform","none",500,5000,"ramshaw_tarjan","jv","default",3,0.0452911,0.04523087,0.045488145
"base","metric_uniform","random_01",500,1500,"ramshaw_tarjan","jv","default",3,0.005709619,0.0057008245,0.0057171835
"base","metric_uniform","random_01",500,500,"ramshaw_tarjan","jv","default",3,0.005419462,0.0053637225,0.005506095
"base","metric_uniform","random_01",500,5000,"ramshaw_tarjan","jv","default",3,0.01908165,0.019054915,0.019113975
"base","metric_uniform","random_05",500,1500,"ramshaw_tarjan","jv","default",3,0.006744008,0.006721212,0.00677033
"base","metric_uniform","random_05",500,500,"ramshaw_tarjan","jv","default",3,0.01062134,0.0088942135,0.011236255
"base","metric_uniform","random_05",500,5000,"ramshaw_tarjan","jv","default",3,0.02134194,0.021335315,0.02137156
"base","metric_uniform","random_25",500,1500,"ramshaw_tarjan","jv","default",3,0.01158053,0.011555665,0.011592605
"base","metric_uniform","random_25",500,500,"ramshaw_tarjan","jv","default",3,0.02213688,0.019919315,0.02271767
"base","metric_uniform","random_25",500,5000,"ramshaw_tarjan","jv","default",3,0.03647598,0.03630593,0.03649648
"base","metric_uniform","random_60",500,1500,"ramshaw_tarjan","jv","default",3,0.01755214,0.017417415,0.01769517
"base","metric_uniform","random_60",500,500,"ramshaw_tarjan","jv","default",3,0.02449627,0.022896965,0.025588715
"base","metric_uniform","random_60",500,5000,"ramshaw_tarjan","jv","default",3,0.05498235,0.054718805,0.055226935
"base","tied","block_4",500,1500,"ramshaw_tarjan","jv","default",3,0.04280642,0.04277682,0.04290125
"base","tied","block_4",500,500,"ramshaw_tarjan","jv","default",3,0.01530456,0.015261225,0.01536161
"base","tied","block_4",500,5000,"ramshaw_tarjan","jv","default",3,0.1378647,0.13769595,0.13820775
"base","tied","none",500,1500,"ramshaw_tarjan","jv","default",3,0.225323,0.22523645,0.22536525
"base","tied","none",500,500,"ramshaw_tarjan","jv","default",3,0.06961907,0.069505355,0.069627635
"base","tied","none",500,5000,"ramshaw_tarjan","jv","default",3,0.8065641,0.80626705,0.807273
"base","tied","random_01",500,1500,"ramshaw_tarjan","jv","default",3,0.005860007,0.0058566245,0.0058782725
"base","tied","random_01",500,500,"ramshaw_tarjan","jv","default",3,0.004809997,0.004598806,0.005016924
"base","tied","random_01",500,5000,"ramshaw_tarjan","jv","default",3,0.01979615,0.019773395,0.02000263
"base","tied","random_05",500,1500,"ramshaw_tarjan","jv","default",3,0.1225318,0.1218419,0.12712415
"base","tied","random_05",500,500,"ramshaw_tarjan","jv","default",3,0.05094266,0.05090574,0.051555385
"base","tied","random_05",500,5000,"ramshaw_tarjan","jv","default",3,0.3823175,0.3717529,0.3857068
"base","tied","random_25",500,1500,"ramshaw_tarjan","jv","default",3,0.3949147,0.3949065,0.3951462
"base","tied","random_25",500,500,"ramshaw_tarjan","jv","default",3,0.1072366,0.10701525,0.1073899
"base","tied","random_25",500,5000,"ramshaw_tarjan","jv","default",3,1.390913,1.3667535,1.3972695
"base","tied","random_60",500,1500,"ramshaw_tarjan","jv","default",3,0.5569234,0.5569057,0.5586525
"base","tied","random_60",500,500,"ramshaw_tarjan","jv","default",3,0.1471929,0.14704205,0.14746555
"base","tied","random_60",500,5000,"ramshaw_tarjan","jv","default",3,1.987213,1.9857335,1.9915475
"large","binary","none",1000,10000,"ramshaw_tarjan","hk01","no_cost_scale",2,5.853397,5.852329,5.854465
"large","binary","none",1500,1500,"ramshaw_tarjan","hk01","no_cost_scale",2,1.505436,1.5051765,1.5056955
"large","binary","none",1500,4500,"ramshaw_tarjan","hk01","no_cost_scale",2,5.4466305,5.44483875,5.44842225
"large","binary","random_01",1000,10000,"ramshaw_tarjan","hk01","no_cost_scale",2,2.023737,2.0197895,2.0276845
"large","binary","random_01",1500,1500,"ramshaw_tarjan","hk01","no_cost_scale",2,0.9479848,0.94422175,0.95174785
"large","binary","random_01",1500,4500,"ramshaw_tarjan","hk01","no_cost_scale",2,2.7077305,2.69590225,2.71955875
"large","binary","random_25",1000,10000,"ramshaw_tarjan","hk01","no_cost_scale",2,10.366385,10.3384325,10.3943375
"large","binary","random_25",1500,1500,"ramshaw_tarjan","hk01","no_cost_scale",2,2.653556,2.6528865,2.6542255
"large","binary","random_25",1500,4500,"ramshaw_tarjan","hk01","no_cost_scale",2,9.933715,9.9319605,9.9354695
"large","dbl_uniform","none",1000,10000,"ramshaw_tarjan","jv","default",2,0.2197792,0.21822535,0.22133305
"large","dbl_uniform","none",1500,1500,"ramshaw_tarjan","jv","default",2,0.1548376,0.1534486,0.1562266
"large","dbl_uniform","none",1500,4500,"ramshaw_tarjan","jv","default",2,0.1523063,0.15207795,0.15253465
"large","dbl_uniform","random_01",1000,10000,"ramshaw_tarjan","jv","default",2,0.11114275,0.111058825,0.111226675
"large","dbl_uniform","random_01",1500,1500,"ramshaw_tarjan","jv","default",2,0.07991923,0.077438965,0.082399495
"large","dbl_uniform","random_01",1500,4500,"ramshaw_tarjan","jv","default",2,0.070308765,0.0701768675,0.0704406625
"large","dbl_uniform","random_25",1000,10000,"ramshaw_tarjan","jv","default",2,0.17682765,0.176733175,0.176922125
"large","dbl_uniform","random_25",1500,1500,"ramshaw_tarjan","jv","default",2,0.2084792,0.19432195,0.22263645
"large","dbl_uniform","random_25",1500,4500,"ramshaw_tarjan","jv","default",2,0.11968365,0.119571775,0.119795525
"large","heavy_tailed","none",1000,10000,"ramshaw_tarjan","jv","default",2,0.21913485,0.218574675,0.219695025
"large","heavy_tailed","none",1500,1500,"ramshaw_tarjan","jv","default",2,0.14183955,0.141167675,0.142511425
"large","heavy_tailed","none",1500,4500,"ramshaw_tarjan","jv","default",2,0.15300615,0.152762875,0.153249425
"large","heavy_tailed","random_01",1000,10000,"ramshaw_tarjan","jv","default",2,0.1109475,0.11086465,0.11103035
"large","heavy_tailed","random_01",1500,1500,"ramshaw_tarjan","jv","default",2,0.10741661,0.101195815,0.113637405
"large","heavy_tailed","random_01",1500,4500,"ramshaw_tarjan","jv","default",2,0.070503395,0.0704502775,0.0705565125
"large","heavy_tailed","random_25",1000,10000,"ramshaw_tarjan","jv","default",2,0.1755005,0.1752465,0.1757545
"large","heavy_tailed","random_25",1500,1500,"ramshaw_tarjan","jv","default",2,0.20698935,0.205536325,0.208442375
"large","heavy_tailed","random_25",1500,4500,"ramshaw_tarjan","jv","default",2,0.11968885,0.119469975,0.119907725
"large","int_uniform","none",1000,10000,"ramshaw_tarjan","jv","default",2,0.2184278,0.21737855,0.21947705
"large","int_uniform","none",1500,1500,"ramshaw_tarjan","jv","default",2,0.134816,0.13298035,0.13665165
"large","int_uniform","none",1500,4500,"ramshaw_tarjan","jv","default",2,0.1552922,0.1552417,0.1553427
"large","int_uniform","random_01",1000,10000,"ramshaw_tarjan","jv","default",2,0.11065565,0.110637275,0.110674025
"large","int_uniform","random_01",1500,1500,"ramshaw_tarjan","jv","default",2,0.08448148,0.08357825,0.08538471
"large","int_uniform","random_01",1500,4500,"ramshaw_tarjan","jv","default",2,0.069889215,0.0697523775,0.0700260525
"large","int_uniform","random_25",1000,10000,"ramshaw_tarjan","jv","default",2,0.17721815,0.176993325,0.177442975
"large","int_uniform","random_25",1500,1500,"ramshaw_tarjan","jv","default",2,0.20949855,0.208220525,0.210776575
"large","int_uniform","random_25",1500,4500,"ramshaw_tarjan","jv","default",2,0.12001315,0.120008025,0.120018275
"large","metric_clustered","none",1000,10000,"ramshaw_tarjan","jv","default",2,0.21433625,0.214028575,0.214643925
"large","metric_clustered","none",1500,1500,"ramshaw_tarjan","jv","default",2,0.27229465,0.257257975,0.287331325
"large","metric_clustered","none",1500,4500,"ramshaw_tarjan","jv","default",2,0.15254215,0.151998475,0.153085825
"large","metric_clustered","random_01",1000,10000,"ramshaw_tarjan","jv","default",2,0.1113054,0.1112154,0.1113954
"large","metric_clustered","random_01",1500,1500,"ramshaw_tarjan","jv","default",2,0.089085435,0.0868831525,0.0912877175
"large","metric_clustered","random_01",1500,4500,"ramshaw_tarjan","jv","default",2,0.07055575,0.070542795,0.070568705
"large","metric_clustered","random_25",1000,10000,"ramshaw_tarjan","jv","default",2,0.1763386,0.17629195,0.17638525
"large","metric_clustered","random_25",1500,1500,"ramshaw_tarjan","jv","default",2,0.3306122,0.31712285,0.34410155
"large","metric_clustered","random_25",1500,4500,"ramshaw_tarjan","jv","default",2,0.12433885,0.124266825,0.124410875
"base","binary","block_4",500,1500,"sap","hk01","no_cost_scale",3,0.02526305,0.02526297,0.025369775
"base","binary","block_4",500,500,"sap","hk01","no_cost_scale",3,0.01094249,0.010934185,0.01095565
"base","binary","block_4",500,5000,"sap","hk01","no_cost_scale",3,0.07491651,0.074773095,0.075026595
"base","binary","none",500,1500,"sap","hk01","no_cost_scale",3,0.2417956,0.24178975,0.24187785
"base","binary","none",500,500,"sap","hk01","no_cost_scale",3,0.1036532,0.10357405,0.10377885
"base","binary","none",500,5000,"sap","hk01","no_cost_scale",3,0.7747354,0.76466595,0.7771601
"base","binary","random_01",500,1500,"sap","hk01","no_cost_scale",3,0.005390967,0.005194577,0.005596254
"base","binary","random_01",500,500,"sap","hk01","no_cost_scale",3,0.004057401,0.003864209,0.004771006
"base","binary","random_01",500,5000,"sap","hk01","no_cost_scale",3,0.01855906,0.018499305,0.01938611
"base","binary","random_05",500,1500,"sap","hk01","no_cost_scale",3,0.04804958,0.04796561,0.048810235
"base","binary","random_05",500,500,"sap","hk01","no_cost_scale",3,0.02447151,0.02442657,0.024649285
"base","binary","random_05",500,5000,"sap","hk01","no_cost_scale",3,0.1282485,0.1274732,0.12889415
"base","binary","random_25",500,1500,"sap","hk01","no_cost_scale",3,0.09696816,0.09668542,0.09706658
"base","binary","random_25",500,500,"sap","hk01","no_cost_scale",3,0.0443253,0.04410296,0.04434447
"base","binary","random_25",500,5000,"sap","hk01","no_cost_scale",3,0.2852978,0.28500605,0.2854268
"base","binary","random_60",500,1500,"sap","hk01","no_cost_scale",3,0.1694827,0.16930255,0.1694932
"base","binary","random_60",500,500,"sap","hk01","no_cost_scale",3,0.0733695,0.073324255,0.07352737
"base","binary","random_60",500,5000,"sap","hk01","no_cost_scale",3,0.5345728,0.5296125,0.5357014
"base","constant","block_4",500,1500,"sap","hk01","no_cost_scale",3,0.02093747,0.02092064,0.02095008
"base","constant","block_4",500,500,"sap","hk01","no_cost_scale",3,0.008318367,0.0082680395,0.008318572
"base","constant","block_4",500,5000,"sap","hk01","no_cost_scale",3,0.06326066,0.06324547,0.063426935
"base","constant","none",500,1500,"sap","hk01","no_cost_scale",3,0.2242746,0.2240206,0.2243166
"base","constant","none",500,500,"sap","hk01","no_cost_scale",3,0.09467474,0.09467072,0.09485967
"base","constant","none",500,5000,"sap","hk01","no_cost_scale",3,0.7302185,0.7299612,0.74119965
"base","constant","random_01",500,1500,"sap","hk01","no_cost_scale",3,0.01772557,0.017110675,0.01795353
"base","constant","random_01",500,500,"sap","hk01","no_cost_scale",3,0.009967018,0.009961401,0.010170439
"base","constant","random_01",500,5000,"sap","hk01","no_cost_scale",3,0.04034654,0.039459955,0.04111035
"base","constant","random_05",500,1500,"sap","hk01","no_cost_scale",3,0.03586106,0.03579306,0.03602967
"base","constant","random_05",500,500,"sap","hk01","no_cost_scale",3,0.01813418,0.018072965,0.01819164
"base","constant","random_05",500,5000,"sap","hk01","no_cost_scale",3,0.09420808,0.094100965,0.09464344
"base","constant","random_25",500,1500,"sap","hk01","no_cost_scale",3,0.07905554,0.07901889,0.079333295
"base","constant","random_25",500,500,"sap","hk01","no_cost_scale",3,0.03596573,0.035948695,0.03598377
"base","constant","random_25",500,5000,"sap","hk01","no_cost_scale",3,0.2360204,0.23586425,0.23715035
"base","constant","random_60",500,1500,"sap","hk01","no_cost_scale",3,0.151725,0.1516449,0.15202105
"base","constant","random_60",500,500,"sap","hk01","no_cost_scale",3,0.06624132,0.066070165,0.066329655
"base","constant","random_60",500,5000,"sap","hk01","no_cost_scale",3,0.4890573,0.48901195,0.4925967
"base","dbl_uniform","block_4",500,1500,"sap","jv","default",3,0.009528236,0.009487072,0.009644471
"base","dbl_uniform","block_4",500,500,"sap","jv","default",3,0.005097284,0.005095603,0.0051637655
"base","dbl_uniform","block_4",500,5000,"sap","jv","default",3,0.03105402,0.03094104,0.03135336
"base","dbl_uniform","none",500,1500,"sap","jv","default",3,0.02715881,0.026808055,0.027388655
"base","dbl_uniform","none",500,500,"sap","jv","default",3,0.01949312,0.01939749,0.019808205
"base","dbl_uniform","none",500,5000,"sap","jv","default",3,0.1018251,0.10028926,0.1025188
"base","dbl_uniform","random_01",500,1500,"sap","jv","default",3,0.003960313,0.0039595545,0.003961379
"base","dbl_uniform","random_01",500,500,"sap","jv","default",3,0.002897839,0.0028109805,0.002904891
"base","dbl_uniform","random_01",500,5000,"sap","jv","default",3,0.01382565,0.013822595,0.01385113
"base","dbl_uniform","random_05",500,1500,"sap","jv","default",3,0.005365793,0.005343571,0.0053958255
"base","dbl_uniform","random_05",500,500,"sap","jv","default",3,0.004818771,0.0047325275,0.004948249
"base","dbl_uniform","random_05",500,5000,"sap","jv","default",3,0.01768195,0.017673525,0.017814235
"base","dbl_uniform","random_25",500,1500,"sap","jv","default",3,0.01250324,0.01240416,0.012547335
"base","dbl_uniform","random_25",500,500,"sap","jv","default",3,0.009734958,0.009628645,0.010293644
"base","dbl_uniform","random_25",500,5000,"sap","jv","default",3,0.04172611,0.041622955,0.041969425
"base","dbl_uniform","random_60",500,1500,"sap","jv","default",3,0.02313954,0.02308181,0.02357816
"base","dbl_uniform","random_60",500,500,"sap","jv","default",3,0.01603744,0.015613725,0.01671066
"base","dbl_uniform","random_60",500,5000,"sap","jv","default",3,0.07557751,0.075224255,0.075632205
"base","heavy_tailed","block_4",500,1500,"sap","jv","default",3,0.009716098,0.00969076,0.009738033
"base","heavy_tailed","block_4",500,500,"sap","jv","default",3,0.005420159,0.0052202635,0.005531474
"base","heavy_tailed","block_4",500,5000,"sap","jv","default",3,0.0313313,0.03123304,0.031580455
"base","heavy_tailed","none",500,1500,"sap","jv","default",3,0.02631651,0.02622317,0.02656175
"base","heavy_tailed","none",500,500,"sap","jv","default",3,0.01943121,0.019018095,0.020210845
"base","heavy_tailed","none",500,5000,"sap","jv","default",3,0.1020795,0.10125185,0.102625
"base","heavy_tailed","random_01",500,1500,"sap","jv","default",3,0.003969866,0.003969169,0.0039769385
"base","heavy_tailed","random_01",500,500,"sap","jv","default",3,0.003289225,0.003264174,0.003437563
"base","heavy_tailed","random_01",500,5000,"sap","jv","default",3,0.01397382,0.013896925,0.01400027
"base","heavy_tailed","random_05",500,1500,"sap","jv","default",3,0.005384735,0.0053802455,0.0053882815
"base","heavy_tailed","random_05",500,500,"sap","jv","default",3,0.005023115,0.0049270315,0.0053933655
"base","heavy_tailed","random_05",500,5000,"sap","jv","default",3,0.01764984,0.017635595,0.017689735
"base","heavy_tailed","random_25",500,1500,"sap","jv","default",3,0.01271586,0.012650875,0.012731935
"base","heavy_tailed","random_25",500,500,"sap","jv","default",3,0.01077451,0.010092948,0.01099378
"base","heavy_tailed","random_25",500,5000,"sap","jv","default",3,0.04182398,0.041703705,0.04195573
"base","heavy_tailed","random_60",500,1500,"sap","jv","default",3,0.02316771,0.022768755,0.02319571
"base","heavy_tailed","random_60",500,500,"sap","jv","default",3,0.01575015,0.015747915,0.016477775
"base","heavy_tailed","random_60",500,5000,"sap","jv","default",3,0.07633622,0.075776875,0.07637066
"base","int_uniform","block_4",500,1500,"sap","jv","default",3,0.009569892,0.0095616715,0.0095982845
"base","int_uniform","block_4",500,500,"sap","jv","default",3,0.005227459,0.0051787715,0.005314256
"base","int_uniform","block_4",500,5000,"sap","jv","default",3,0.03163556,0.03127855,0.031828425
"base","int_uniform","none",500,1500,"sap","jv","default",3,0.02702454,0.02700213,0.02733622
"base","int_uniform","none",500,500,"sap","jv","default",3,0.02060787,0.020565375,0.020865125
"base","int_uniform","none",500,5000,"sap","jv","default",3,0.1025773,0.10209775,0.1035133
"base","int_uniform","random_01",500,1500,"sap","jv","default",3,0.003948423,0.003944856,0.003954327
"base","int_uniform","random_01",500,500,"sap","jv","default",3,0.002617112,0.002573816,0.002756676
"base","int_uniform","random_01",500,5000,"sap","jv","default",3,0.01382483,0.013818765,0.01386745
"base","int_uniform","random_05",500,1500,"sap","jv","default",3,0.005399003,0.005346523,0.005405973
"base","int_uniform","random_05",500,500,"sap","jv","default",3,0.00477404,0.0046509375,0.004877032
"base","int_uniform","random_05",500,5000,"sap","jv","default",3,0.01773127,0.01764837,0.01783047
"base","int_uniform","random_25",500,1500,"sap","jv","default",3,0.01269163,0.012609345,0.01283718
"base","int_uniform","random_25",500,500,"sap","jv","default",3,0.009174529,0.009058663,0.0097183945
"base","int_uniform","random_25",500,5000,"sap","jv","default",3,0.0419298,0.04187609,0.04206512
"base","int_uniform","random_60",500,1500,"sap","jv","default",3,0.02332781,0.023270125,0.023484985
"base","int_uniform","random_60",500,500,"sap","jv","default",3,0.01651517,0.01631878,0.01655457
"base","int_uniform","random_60",500,5000,"sap","jv","default",3,0.07518518,0.074813335,0.07599083
"base","metric_clustered","block_4",500,1500,"sap","jv","default",3,0.009030824,0.0089970195,0.0091774195
"base","metric_clustered","block_4",500,500,"sap","jv","default",3,0.00626603,0.006098791,0.0063661725
"base","metric_clustered","block_4",500,5000,"sap","jv","default",3,0.03107255,0.030344575,0.031091775
"base","metric_clustered","none",500,1500,"sap","jv","default",3,0.02609392,0.025939985,0.02627188
"base","metric_clustered","none",500,500,"sap","jv","default",3,0.02373707,0.022809445,0.02575169
"base","metric_clustered","none",500,5000,"sap","jv","default",3,0.09803703,0.09777711,0.0982179
"base","metric_clustered","random_01",500,1500,"sap","jv","default",3,0.003964536,0.0039608255,0.003979378
"base","metric_clustered","random_01",500,500,"sap","jv","default",3,0.002734085,0.0026789195,0.002800669
"base","metric_clustered","random_01",500,5000,"sap","jv","default",3,0.01388338,0.013861115,0.013943875
"base","metric_clustered","random_05",500,1500,"sap","jv","default",3,0.005449105,0.0054296095,0.0054787685
"base","metric_clustered","random_05",500,500,"sap","jv","default",3,0.005764682,0.00538494,0.0062825735
"base","metric_clustered","random_05",500,5000,"sap","jv","default",3,0.01780778,0.01779304,0.01788201
"base","metric_clustered","random_25",500,1500,"sap","jv","default",3,0.01328265,0.01327369,0.013331605
"base","metric_clustered","random_25",500,500,"sap","jv","default",3,0.01449518,0.013938115,0.014763525
"base","metric_clustered","random_25",500,5000,"sap","jv","default",3,0.04164924,0.041538005,0.042109915
"base","metric_clustered","random_60",500,1500,"sap","jv","default",3,0.02429344,0.02423727,0.02436179
"base","metric_clustered","random_60",500,500,"sap","jv","default",3,0.02183279,0.020123315,0.022225505
"base","metric_clustered","random_60",500,5000,"sap","jv","default",3,0.07608161,0.075795325,0.07683076
"base","metric_uniform","block_4",500,1500,"sap","jv","default",3,0.009653737,0.0096084525,0.009719337
"base","metric_uniform","block_4",500,500,"sap","jv","default",3,0.005614294,0.0055957005,0.0056462945
"base","metric_uniform","block_4",500,5000,"sap","jv","default",3,0.03159136,0.03142933,0.031700685
"base","metric_uniform","none",500,1500,"sap","jv","default",3,0.02683159,0.02677265,0.026993825
"base","metric_uniform","none",500,500,"sap","jv","default",3,0.02191249,0.020827835,0.0226959
"base","metric_uniform","none",500,5000,"sap","jv","default",3,0.09964017,0.098389915,0.100228785
"base","metric_uniform","random_01",500,1500,"sap","jv","default",3,0.003965643,0.003956377,0.0039790705
"base","metric_uniform","random_01",500,500,"sap","jv","default",3,0.002634414,0.0026107775,0.002643885
"base","metric_uniform","random_01",500,5000,"sap","jv","default",3,0.01388522,0.01386583,0.01397823
"base","metric_uniform","random_05",500,1500,"sap","jv","default",3,0.00544767,0.0054298965,0.0054628195
"base","metric_uniform","random_05",500,500,"sap","jv","default",3,0.005151609,0.0046207,0.0052953755
"base","metric_uniform","random_05",500,5000,"sap","jv","default",3,0.01784004,0.01774814,0.01786571
"base","metric_uniform","random_25",500,1500,"sap","jv","default",3,0.01283648,0.012786235,0.01295782
"base","metric_uniform","random_25",500,500,"sap","jv","default",3,0.01183186,0.01112418,0.01191712
"base","metric_uniform","random_25",500,5000,"sap","jv","default",3,0.04210593,0.041796485,0.042184305
"base","metric_uniform","random_60",500,1500,"sap","jv","default",3,0.02303134,0.022866375,0.02314089
"base","metric_uniform","random_60",500,500,"sap","jv","default",3,0.01773972,0.01689274,0.01787504
"base","metric_uniform","random_60",500,5000,"sap","jv","default",3,0.07646238,0.075482865,0.076884165
"base","tied","block_4",500,1500,"sap","jv","default",3,0.02983115,0.02974464,0.02997182
"base","tied","block_4",500,500,"sap","jv","default",3,0.0129685,0.01293935,0.012983795
"base","tied","block_4",500,5000,"sap","jv","default",3,0.08807497,0.088006395,0.088739885
"base","tied","none",500,1500,"sap","jv","default",3,0.2610626,0.2610048,0.26108145
"base","tied","none",500,500,"sap","jv","default",3,0.1116778,0.11151095,0.11188015
"base","tied","none",500,5000,"sap","jv","default",3,0.8232278,0.82298455,0.8512613
"base","tied","random_01",500,1500,"sap","jv","default",3,0.004076999,0.0040679585,0.0040773065
"base","tied","random_01",500,500,"sap","jv","default",3,0.002444994,0.0023929445,0.002514284
"base","tied","random_01",500,5000,"sap","jv","default",3,0.0141368,0.01410804,0.014146475
"base","tied","random_05",500,1500,"sap","jv","default",3,0.03908222,0.03899692,0.040716155
"base","tied","random_05",500,500,"sap","jv","default",3,0.02073304,0.020701225,0.02107039
"base","tied","random_05",500,5000,"sap","jv","default",3,0.1115882,0.10929465,0.1124487
"base","tied","random_25",500,1500,"sap","jv","default",3,0.1117456,0.1116193,0.1119828
"base","tied","random_25",500,500,"sap","jv","default",3,0.05116624,0.051102215,0.051348935
"base","tied","random_25",500,5000,"sap","jv","default",3,0.3363019,0.33494215,0.33725455
"base","tied","random_60",500,1500,"sap","jv","default",3,0.1880854,0.18794335,0.18821245
"base","tied","random_60",500,500,"sap","jv","default",3,0.08181378,0.08165099,0.08181878
"base","tied","random_60",500,5000,"sap","jv","default",3,0.5851703,0.58346065,0.5854353
"large","binary","none",1000,10000,"sap","hk01","no_cost_scale",2,5.557449,5.555831,5.559067
"large","binary","none",1500,1500,"sap","hk01","no_cost_scale",2,2.373981,2.373868,2.374094
"large","binary","none",1500,4500,"sap","hk01","no_cost_scale",2,6.087991,6.080454,6.095528
"large","binary","random_01",1000,10000,"sap","hk01","no_cost_scale",2,0.303459,0.3025923,0.3043257
"large","binary","random_01",1500,1500,"sap","hk01","no_cost_scale",2,0.18950425,0.188412025,0.190596475
"large","binary","random_01",1500,4500,"sap","hk01","no_cost_scale",2,0.36654745,0.365610575,0.367484325
"large","binary","random_25",1000,10000,"sap","hk01","no_cost_scale",2,1.937966,1.9367765,1.9391555
"large","binary","random_25",1500,1500,"sap","hk01","no_cost_scale",2,0.79252575,0.791773925,0.793277575
"large","binary","random_25",1500,4500,"sap","hk01","no_cost_scale",2,1.9102085,1.90996975,1.91044725
"large","dbl_uniform","none",1000,10000,"sap","jv","default",2,0.4337422,0.43357675,0.43390765
"large","dbl_uniform","none",1500,1500,"sap","jv","default",2,0.2400521,0.2380464,0.2420578
"large","dbl_uniform","none",1500,4500,"sap","jv","default",2,0.29741855,0.297019825,0.297817275
"large","dbl_uniform","random_01",1000,10000,"sap","jv","default",2,0.079758305,0.0796343925,0.0798822175
"large","dbl_uniform","random_01",1500,1500,"sap","jv","default",2,0.025426765,0.0250364875,0.0258170425
"large","dbl_uniform","random_01",1500,4500,"sap","jv","default",2,0.05592234,0.0558761,0.05596858
"large","dbl_uniform","random_25",1000,10000,"sap","jv","default",2,0.1965164,0.1958243,0.1972085
"large","dbl_uniform","random_25",1500,1500,"sap","jv","default",2,0.09914335,0.096377625,0.101909075
"large","dbl_uniform","random_25",1500,4500,"sap","jv","default",2,0.1364801,0.1363874,0.1365728
"large","heavy_tailed","none",1000,10000,"sap","jv","default",2,0.4377246,0.4353131,0.4401361
"large","heavy_tailed","none",1500,1500,"sap","jv","default",2,0.22072305,0.219548975,0.221897125
"large","heavy_tailed","none",1500,4500,"sap","jv","default",2,0.299805,0.2986118,0.3009982
"large","heavy_tailed","random_01",1000,10000,"sap","jv","default",2,0.079673905,0.0795268575,0.0798209525
"large","heavy_tailed","random_01",1500,1500,"sap","jv","default",2,0.030122085,0.0291158625,0.0311283075
"large","heavy_tailed","random_01",1500,4500,"sap","jv","default",2,0.05589774,0.05589121,0.05590427
"large","heavy_tailed","random_25",1000,10000,"sap","jv","default",2,0.1949524,0.1945237,0.1953811
"large","heavy_tailed","random_25",1500,1500,"sap","jv","default",2,0.097684445,0.0976304375,0.0977384525
"large","heavy_tailed","random_25",1500,4500,"sap","jv","default",2,0.13505925,0.134756325,0.135362175
"large","int_uniform","none",1000,10000,"sap","jv","default",2,0.43696885,0.434635925,0.439301775
"large","int_uniform","none",1500,1500,"sap","jv","default",2,0.210374,0.2077437,0.2130043
"large","int_uniform","none",1500,4500,"sap","jv","default",2,0.3000789,0.29837075,0.30178705
"large","int_uniform","random_01",1000,10000,"sap","jv","default",2,0.07940925,0.079359085,0.079459415
"large","int_uniform","random_01",1500,1500,"sap","jv","default",2,0.026185615,0.0260095725,0.0263616575
"large","int_uniform","random_01",1500,4500,"sap","jv","default",2,0.05558682,0.0555409,0.05563274
"large","int_uniform","random_25",1000,10000,"sap","jv","default",2,0.197899,0.1972393,0.1985587
"large","int_uniform","random_25",1500,1500,"sap","jv","default",2,0.099368605,0.0991752375,0.0995619725
"large","int_uniform","random_25",1500,4500,"sap","jv","default",2,0.13445435,0.134006725,0.134901975
"large","metric_clustered","none",1000,10000,"sap","jv","default",2,0.42921115,0.428707825,0.429714475
"large","metric_clustered","none",1500,1500,"sap","jv","default",2,0.39064295,0.371158475,0.410127425
"large","metric_clustered","none",1500,4500,"sap","jv","default",2,0.2979054,0.2950146,0.3007962
"large","metric_clustered","random_01",1000,10000,"sap","jv","default",2,0.07956029,0.079506785,0.079613795
"large","metric_clustered","random_01",1500,1500,"sap","jv","default",2,0.026813405,0.0263927975,0.0272340125
"large","metric_clustered","random_01",1500,4500,"sap","jv","default",2,0.055634685,0.0556045825,0.0556647875
"large","metric_clustered","random_25",1000,10000,"sap","jv","default",2,0.1946359,0.19428175,0.19499005
"large","metric_clustered","random_25",1500,1500,"sap","jv","default",2,0.13628555,0.133041775,0.139529325
"large","metric_clustered","random_25",1500,4500,"sap","jv","default",2,0.14025025,0.140048175,0.140452325
"base","binary","block_4",500,1500,"sap_dense","hk01","no_cost_scale",3,0.07474403,0.0746593,0.074758195
"base","binary","block_4",500,500,"sap_dense","hk01","no_cost_scale",3,0.02490504,0.02485752,0.02492093
"base","binary","block_4",500,5000,"sap_dense","hk01","no_cost_scale",3,0.2498631,0.24983115,0.2503054
"base","binary","none",500,1500,"sap_dense","hk01","no_cost_scale",3,0.2814025,0.2813558,0.28172645
"base","binary","none",500,500,"sap_dense","hk01","no_cost_scale",3,0.08703164,0.08694538,0.08725882
"base","binary","none",500,5000,"sap_dense","hk01","no_cost_scale",3,0.9650617,0.96369025,0.96562625
"base","binary","random_01",500,1500,"sap_dense","hk01","no_cost_scale",3,0.01610386,0.01472788,0.017641195
"base","binary","random_01",500,500,"sap_dense","hk01","no_cost_scale",3,0.0156939,0.01452542,0.01909774
"base","binary","random_01",500,5000,"sap_dense","hk01","no_cost_scale",3,0.06176548,0.060860935,0.069832945
"base","binary","random_05",500,1500,"sap_dense","hk01","no_cost_scale",3,0.2988208,0.29859175,0.3014482
"base","binary","random_05",500,500,"sap_dense","hk01","no_cost_scale",3,0.09333429,0.09322607,0.093356655
"base","binary","random_05",500,5000,"sap_dense","hk01","no_cost_scale",3,1.018559,1.0126285,1.021766
"base","binary","random_25",500,1500,"sap_dense","hk01","no_cost_scale",3,0.4720579,0.47194445,0.4729496
"base","binary","random_25",500,500,"sap_dense","hk01","no_cost_scale",3,0.1243073,0.1242149,0.12436765
"base","binary","random_25",500,5000,"sap_dense","hk01","no_cost_scale",3,1.698952,1.697357,1.699531
"base","binary","random_60",500,1500,"sap_dense","hk01","no_cost_scale",3,0.575139,0.57400715,0.5752218
"base","binary","random_60",500,500,"sap_dense","hk01","no_cost_scale",3,0.1273308,0.1270679,0.12769025
"base","binary","random_60",500,5000,"sap_dense","hk01","no_cost_scale",3,2.131434,2.131163,2.1318545
"base","constant","block_4",500,1500,"sap_dense","hk01","no_cost_scale",3,0.07381759,0.07379873,0.073830465
"base","constant","block_4",500,500,"sap_dense","hk01","no_cost_scale",3,0.02442932,0.024366525,0.02444363
"base","constant","block_4",500,5000,"sap_dense","hk01","no_cost_scale",3,0.2468529,0.2467529,0.2475422
"base","constant","none",500,1500,"sap_dense","hk01","no_cost_scale",3,0.2778496,0.2770654,0.27790275
"base","constant","none",500,500,"sap_dense","hk01","no_cost_scale",3,0.08524503,0.085173935,0.08538447
"base","constant","none",500,5000,"sap_dense","hk01","no_cost_scale",3,0.9527964,0.95233105,0.95410485
"base","constant","random_01",500,1500,"sap_dense","hk01","no_cost_scale",3,0.1807782,0.17322935,0.1831648
"base","constant","random_01",500,500,"sap_dense","hk01","no_cost_scale",3,0.06620836,0.066012995,0.06730956
"base","constant","random_01",500,5000,"sap_dense","hk01","no_cost_scale",3,0.533323,0.52236535,0.54224795
"base","constant","random_05",500,1500,"sap_dense","hk01","no_cost_scale",3,0.3120806,0.31160065,0.312366
"base","constant","random_05",500,500,"sap_dense","hk01","no_cost_scale",3,0.09544005,0.095292815,0.09557217
"base","constant","random_05",500,5000,"sap_dense","hk01","no_cost_scale",3,1.069979,1.069432,1.0728845
"base","constant","random_25",500,1500,"sap_dense","hk01","no_cost_scale",3,0.4699539,0.46934715,0.4703625
"base","constant","random_25",500,500,"sap_dense","hk01","no_cost_scale",3,0.1227766,0.122539,0.12278545
"base","constant","random_25",500,5000,"sap_dense","hk01","no_cost_scale",3,1.691519,1.6896655,1.692523
"base","constant","random_60",500,1500,"sap_dense","hk01","no_cost_scale",3,0.57125,0.5711862,0.57125765
"base","constant","random_60",500,500,"sap_dense","hk01","no_cost_scale",3,0.1252575,0.12524005,0.12550445
"base","constant","random_60",500,5000,"sap_dense","hk01","no_cost_scale",3,2.120788,2.1201575,2.121968
"base","dbl_uniform","block_4",500,1500,"sap_dense","jv","default",3,0.006047828,0.0060350155,0.006135773
"base","dbl_uniform","block_4",500,500,"sap_dense","jv","default",3,0.005412041,0.0053323575,0.005460749
"base","dbl_uniform","block_4",500,5000,"sap_dense","jv","default",3,0.01887841,0.01887521,0.01951922
"base","dbl_uniform","none",500,1500,"sap_dense","jv","default",3,0.006022736,0.0060109075,0.006073125
"base","dbl_uniform","none",500,500,"sap_dense","jv","default",3,0.01024578,0.01020679,0.010660145
"base","dbl_uniform","none",500,5000,"sap_dense","jv","default",3,0.01836349,0.0179072,0.018384625
"base","dbl_uniform","random_01",500,1500,"sap_dense","jv","default",3,0.006089156,0.0060792545,0.006123432
"base","dbl_uniform","random_01",500,500,"sap_dense","jv","default",3,0.008796017,0.0083818145,0.008835172
"base","dbl_uniform","random_01",500,5000,"sap_dense","jv","default",3,0.02009685,0.01997594,0.020466585
"base","dbl_uniform","random_05",500,1500,"sap_dense","jv","default",3,0.006773692,0.0067680545,0.007470938
"base","dbl_uniform","random_05",500,500,"sap_dense","jv","default",3,0.01108132,0.010606085,0.011471905
"base","dbl_uniform","random_05",500,5000,"sap_dense","jv","default",3,0.02177227,0.02164308,0.022285405
"base","dbl_uniform","random_25",500,1500,"sap_dense","jv","default",3,0.009945329,0.0099349355,0.0105709295
"base","dbl_uniform","random_25",500,500,"sap_dense","jv","default",3,0.0174332,0.016566665,0.01854176
"base","dbl_uniform","random_25",500,5000,"sap_dense","jv","default",3,0.03166516,0.0316349,0.0316921
"base","dbl_uniform","random_60",500,1500,"sap_dense","jv","default",3,0.01295243,0.012908605,0.01302789
"base","dbl_uniform","random_60",500,500,"sap_dense","jv","default",3,0.01924388,0.01830785,0.0211463
"base","dbl_uniform","random_60",500,5000,"sap_dense","jv","default",3,0.04017397,0.04016946,0.040880175
"base","heavy_tailed","block_4",500,1500,"sap_dense","jv","default",3,0.005996168,0.005981121,0.006027902
"base","heavy_tailed","block_4",500,500,"sap_dense","jv","default",3,0.006181037,0.0057953295,0.0063316505
"base","heavy_tailed","block_4",500,5000,"sap_dense","jv","default",3,0.01899899,0.018986975,0.019622315
"base","heavy_tailed","none",500,1500,"sap_dense","jv","default",3,0.005663535,0.005653203,0.005795719
"base","heavy_tailed","none",500,500,"sap_dense","jv","default",3,0.01094528,0.0102751955,0.01172434
"base","heavy_tailed","none",500,5000,"sap_dense","jv","default",3,0.01755284,0.017440765,0.01800355
"base","heavy_tailed","random_01",500,1500,"sap_dense","jv","default",3,0.006153608,0.006145531,0.006158077
"base","heavy_tailed","random_01",500,500,"sap_dense","jv","default",3,0.01078825,0.01063503,0.011447675
"base","heavy_tailed","random_01",500,5000,"sap_dense","jv","default",3,0.01970124,0.01964919,0.01991768
"base","heavy_tailed","random_05",500,1500,"sap_dense","jv","default",3,0.00667931,0.006665411,0.0066958535
"base","heavy_tailed","random_05",500,500,"sap_dense","jv","default",3,0.01213895,0.01184982,0.013970895
"base","heavy_tailed","random_05",500,5000,"sap_dense","jv","default",3,0.0226869,0.02211175,0.022710495
"base","heavy_tailed","random_25",500,1500,"sap_dense","jv","default",3,0.01008178,0.01005312,0.010124645
"base","heavy_tailed","random_25",500,500,"sap_dense","jv","default",3,0.02095723,0.01772551,0.021049645
"base","heavy_tailed","random_25",500,5000,"sap_dense","jv","default",3,0.03290512,0.032384135,0.03290635
"base","heavy_tailed","random_60",500,1500,"sap_dense","jv","default",3,0.01285973,0.012807355,0.012922935
"base","heavy_tailed","random_60",500,500,"sap_dense","jv","default",3,0.01840388,0.018229135,0.01999058
"base","heavy_tailed","random_60",500,5000,"sap_dense","jv","default",3,0.04058073,0.040521445,0.04102142
"base","int_uniform","block_4",500,1500,"sap_dense","jv","default",3,0.006194526,0.006145736,0.006371687
"base","int_uniform","block_4",500,500,"sap_dense","jv","default",3,0.005582396,0.005544635,0.005791332
"base","int_uniform","block_4",500,5000,"sap_dense","jv","default",3,0.02006684,0.019587425,0.020167125
"base","int_uniform","none",500,1500,"sap_dense","jv","default",3,0.005912118,0.005862385,0.0059406335
"base","int_uniform","none",500,500,"sap_dense","jv","default",3,0.01132309,0.0111127,0.011579935
"base","int_uniform","none",500,5000,"sap_dense","jv","default",3,0.01800175,0.01739421,0.018043055
"base","int_uniform","random_01",500,1500,"sap_dense","jv","default",3,0.006094158,0.006072141,0.006685665
"base","int_uniform","random_01",500,500,"sap_dense","jv","default",3,0.007536497,0.007312801,0.0083245375
"base","int_uniform","random_01",500,5000,"sap_dense","jv","default",3,0.02091652,0.020394385,0.02098345
"base","int_uniform","random_05",500,1500,"sap_dense","jv","default",3,0.006863031,0.006790461,0.0073898195
"base","int_uniform","random_05",500,500,"sap_dense","jv","default",3,0.01073032,0.01049842,0.01135735
"base","int_uniform","random_05",500,5000,"sap_dense","jv","default",3,0.02280067,0.022198135,0.022807865
"base","int_uniform","random_25",500,1500,"sap_dense","jv","default",3,0.01007936,0.010022738,0.01020818
"base","int_uniform","random_25",500,500,"sap_dense","jv","default",3,0.01308433,0.013075065,0.015586375
"base","int_uniform","random_25",500,5000,"sap_dense","jv","default",3,0.03184757,0.03177613,0.032426245
"base","int_uniform","random_60",500,1500,"sap_dense","jv","default",3,0.01323201,0.013085335,0.01329511
"base","int_uniform","random_60",500,500,"sap_dense","jv","default",3,0.01922088,0.018824535,0.01939095
"base","int_uniform","random_60",500,5000,"sap_dense","jv","default",3,0.04147904,0.04098575,0.041764545
"base","metric_clustered","block_4",500,1500,"sap_dense","jv","default",3,0.006348317,0.0063081575,0.006361642
"base","metric_clustered","block_4",500,500,"sap_dense","jv","default",3,0.007467494,0.00708234,0.007477088
"base","metric_clustered","block_4",500,5000,"sap_dense","jv","default",3,0.01925704,0.0191446,0.01980095
"base","metric_clustered","none",500,1500,"sap_dense","jv","default",3,0.0059286,0.0059039385,0.005969108
"base","metric_clustered","none",500,500,"sap_dense","jv","default",3,0.01321766,0.012736465,0.01540015
"base","metric_clustered","none",500,5000,"sap_dense","jv","default",3,0.01703513,0.017020865,0.0171019
"base","metric_clustered","random_01",500,1500,"sap_dense","jv","default",3,0.006199159,0.006140447,0.0062226725
"base","metric_clustered","random_01",500,500,"sap_dense","jv","default",3,0.007915009,0.0076680865,0.008329519
"base","metric_clustered","random_01",500,5000,"sap_dense","jv","default",3,0.02023621,0.01996085,0.02061341
"base","metric_clustered","random_05",500,1500,"sap_dense","jv","default",3,0.006889681,0.0068834285,0.006945154
"base","metric_clustered","random_05",500,500,"sap_dense","jv","default",3,0.01371315,0.01249588,0.015908985
"base","metric_clustered","random_05",500,5000,"sap_dense","jv","default",3,0.02178482,0.02172664,0.02229496
"base","metric_clustered","random_25",500,1500,"sap_dense","jv","default",3,0.01051675,0.010502295,0.01052872
"base","metric_clustered","random_25",500,500,"sap_dense","jv","default",3,0.02823211,0.026802275,0.02962906
"base","metric_clustered","random_25",500,5000,"sap_dense","jv","default",3,0.03223908,0.032044635,0.032683705
"base","metric_clustered","random_60",500,1500,"sap_dense","jv","default",3,0.01356477,0.013521045,0.013631515
"base","metric_clustered","random_60",500,500,"sap_dense","jv","default",3,0.03052979,0.02638914,0.031398705
"base","metric_clustered","random_60",500,5000,"sap_dense","jv","default",3,0.04132267,0.040913715,0.04139518
"base","metric_uniform","block_4",500,1500,"sap_dense","jv","default",3,0.006013101,0.0059913505,0.0060443225
"base","metric_uniform","block_4",500,500,"sap_dense","jv","default",3,0.00618034,0.006176035,0.006427119
"base","metric_uniform","block_4",500,5000,"sap_dense","jv","default",3,0.01890846,0.018857845,0.019558575
"base","metric_uniform","none",500,1500,"sap_dense","jv","default",3,0.005757589,0.0056946335,0.0058977885
"base","metric_uniform","none",500,500,"sap_dense","jv","default",3,0.01265272,0.01133162,0.01326684
"base","metric_uniform","none",500,5000,"sap_dense","jv","default",3,0.01708712,0.01703597,0.017496545
"base","metric_uniform","random_01",500,1500,"sap_dense","jv","default",3,0.006151886,0.006150328,0.006161849
"base","metric_uniform","random_01",500,500,"sap_dense","jv","default",3,0.007460237,0.00736852,0.0075974025
"base","metric_uniform","random_01",500,5000,"sap_dense","jv","default",3,0.02014076,0.019912555,0.02057864
"base","metric_uniform","random_05",500,1500,"sap_dense","jv","default",3,0.006916741,0.0068497265,0.006919898
"base","metric_uniform","random_05",500,500,"sap_dense","jv","default",3,0.01240594,0.010337,0.013144005
"base","metric_uniform","random_05",500,5000,"sap_dense","jv","default",3,0.02209933,0.02189232,0.022440225
"base","metric_uniform","random_25",500,1500,"sap_dense","jv","default",3,0.01009945,0.010095105,0.01011425
"base","metric_uniform","random_25",500,500,"sap_dense","jv","default",3,0.02171266,0.019469505,0.02244859
"base","metric_uniform","random_25",500,5000,"sap_dense","jv","default",3,0.03213724,0.03207627,0.03259822
"base","metric_uniform","random_60",500,1500,"sap_dense","jv","default",3,0.01287867,0.012829105,0.01293355
"base","metric_uniform","random_60",500,500,"sap_dense","jv","default",3,0.0216519,0.020037705,0.022722365
"base","metric_uniform","random_60",500,5000,"sap_dense","jv","default",3,0.04098139,0.040822985,0.041008675
"base","tied","block_4",500,1500,"sap_dense","jv","default",3,0.07541007,0.07522877,0.075454105
"base","tied","block_4",500,500,"sap_dense","jv","default",3,0.02497466,0.02486365,0.025057295
"base","tied","block_4",500,5000,"sap_dense","jv","default",3,0.2527936,0.25170035,0.25291225
"base","tied","none",500,1500,"sap_dense","jv","default",3,0.286204,0.28571615,0.28657425
"base","tied","none",500,500,"sap_dense","jv","default",3,0.09044846,0.089859415,0.0906043
"base","tied","none",500,5000,"sap_dense","jv","default",3,0.9795344,0.9787642,0.98113965
"base","tied","random_01",500,1500,"sap_dense","jv","default",3,0.006448316,0.006399895,0.0064938875
"base","tied","random_01",500,500,"sap_dense","jv","default",3,0.006397107,0.0060576475,0.006746509
"base","tied","random_01",500,5000,"sap_dense","jv","default",3,0.02243028,0.02240156,0.02281121
"base","tied","random_05",500,1500,"sap_dense","jv","default",3,0.1861268,0.18456345,0.1929367
"base","tied","random_05",500,500,"sap_dense","jv","default",3,0.06872457,0.068600195,0.069730625
"base","tied","random_05",500,5000,"sap_dense","jv","default",3,0.6256115,0.6059505,0.63084255
"base","tied","random_25",500,1500,"sap_dense","jv","default",3,0.4711911,0.4711427,0.47163425
"base","tied","random_25",500,500,"sap_dense","jv","default",3,0.1268374,0.1267243,0.12707235
"base","tied","random_25",500,5000,"sap_dense","jv","default",3,1.690766,1.6880575,1.6964295
"base","tied","random_60",500,1500,"sap_dense","jv","default",3,0.5816361,0.580503,0.58180565
"base","tied","random_60",500,500,"sap_dense","jv","default",3,0.1310831,0.13100545,0.1313658
"base","tied","random_60",500,5000,"sap_dense","jv","default",3,2.143398,2.1429705,2.144149
