"tier","regime","pattern","n_rows","n_cols","method","auto_method","auto_rule","instances","median_s","q25_s","q75_s"
"base","binary","block_4",500,1500,"auction_scaled","hk01","no_cost_scale",3,0.1624416,0.1605113,0.16391025
"base","binary","block_4",500,500,"auction_scaled","hk01","no_cost_scale",3,0.004954727,0.0049451535,0.005120285
"base","binary","block_4",500,5000,"auction_scaled","hk01","no_cost_scale",3,2.080511,2.0801895,2.156475
"base","binary","none",500,1500,"auction_scaled","hk01","no_cost_scale",3,0.1289083,0.12842375,0.1289978
"base","binary","none",500,500,"auction_scaled","hk01","no_cost_scale",3,0.01453138,0.01439809,0.014536485
"base","binary","none",500,5000,"auction_scaled","hk01","no_cost_scale",3,1.688903,1.6883545,1.7411805
"base","binary","random_01",500,1500,"auction_scaled","hk01","no_cost_scale",3,0.1979735,0.19553655,0.20239645
"base","binary","random_01",500,500,"auction_scaled","hk01","no_cost_scale",3,0.003091892,0.0027286115,0.003235228
"base","binary","random_01",500,5000,"auction_scaled","hk01","no_cost_scale",3,2.48025,2.480007,2.50248
"base","binary","random_05",500,1500,"auction_scaled","hk01","no_cost_scale",3,0.1336823,0.1272578,0.13483
"base","binary","random_05",500,500,"auction_scaled","hk01","no_cost_scale",3,0.003928989,0.0033065885,0.004076548
"base","binary","random_05",500,5000,"auction_scaled","hk01","no_cost_scale",3,1.832478,1.8219725,1.898929
"base","binary","random_25",500,1500,"auction_scaled","hk01","no_cost_scale",3,0.1120203,0.10861685,0.117461
"base","binary","random_25",500,500,"auction_scaled","hk01","no_cost_scale",3,0.007263396,0.006909156,0.0072822765
"base","binary","random_25",500,5000,"auction_scaled","hk01","no_cost_scale",3,1.66954,1.6346775,1.6909255
"base","binary","random_60",500,1500,"auction_scaled","hk01","no_cost_scale",3,0.1257858,0.1246635,0.13832555
"base","binary","random_60",500,500,"auction_scaled","hk01","no_cost_scale",3,0.01135241,0.01129058,0.011422805
"base","binary","random_60",500,5000,"auction_scaled","hk01","no_cost_scale",3,1.655425,1.592767,1.6637095
"base","constant","block_4",500,1500,"auction_scaled","hk01","no_cost_scale",3,0.1489769,0.14883645,0.14986095
"base","constant","block_4",500,500,"auction_scaled","hk01","no_cost_scale",3,0.003473971,0.0034523435,0.0036323335
"base","constant","block_4",500,5000,"auction_scaled","hk01","no_cost_scale",3,2.463852,2.4631865,2.4640095
"base","constant","none",500,1500,"auction_scaled","hk01","no_cost_scale",3,0.1846813,0.18450595,0.1858784
"base","constant","none",500,500,"auction_scaled","hk01","no_cost_scale",3,0.009119712,0.009112291,0.0091554435
"base","constant","none",500,5000,"auction_scaled","hk01","no_cost_scale",3,2.316461,2.3153145,2.316783
"base","constant","random_01",500,1500,"auction_scaled","hk01","no_cost_scale",3,0.1581305,0.1526286,0.1587553
"base","constant","random_01",500,500,"auction_scaled","hk01","no_cost_scale",3,0.002702433,0.0025982725,0.003000216
"base","constant","random_01",500,5000,"auction_scaled","hk01","no_cost_scale",3,2.505645,2.3510345,2.520609
"base","constant","random_05",500,1500,"auction_scaled","hk01","no_cost_scale",3,0.1411936,0.1389648,0.14427575
"base","constant","random_05",500,500,"auction_scaled","hk01","no_cost_scale",3,0.002991688,0.002975493,0.0034379935
"base","constant","random_05",500,5000,"auction_scaled","hk01","no_cost_scale",3,2.070127,2.017067,2.124827
"base","constant","random_25",500,1500,"auction_scaled","hk01","no_cost_scale",3,0.12833,0.12630895,0.1331502
"base","constant","random_25",500,500,"auction_scaled","hk01","no_cost_scale",3,0.005920482,0.005479568,0.006284849
"base","constant","random_25",500,5000,"auction_scaled","hk01","no_cost_scale",3,1.874377,1.8728215,2.022504
"base","constant","random_60",500,1500,"auction_scaled","hk01","no_cost_scale",3,0.1664979,0.1392553,0.17385735
"base","constant","random_60",500,500,"auction_scaled","hk01","no_cost_scale",3,0.009141524,0.0086266665,0.0094538005
"base","constant","random_60",500,5000,"auction_scaled","hk01","no_cost_scale",3,2.151076,2.043349,2.2467195
"base","dbl_uniform","block_4",500,1500,"auction_scaled","jv","default",3,0.2828784,0.26943345,0.28674675
"base","dbl_uniform","block_4",500,500,"auction_scaled","jv","default",3,0.003804267,0.003203289,0.003811606
"base","dbl_uniform","block_4",500,5000,"auction_scaled","jv","default",3,3.742137,3.686269,3.7682635
"base","dbl_uniform","none",500,1500,"auction_scaled","jv","default",3,0.2669366,0.2510021,0.27453555
"base","dbl_uniform","none",500,500,"auction_scaled","jv","default",3,0.009007782,0.008957926,0.009024264
"base","dbl_uniform","none",500,5000,"auction_scaled","jv","default",3,3.222485,3.213539,3.2589715
"base","dbl_uniform","random_01",500,1500,"auction_scaled","jv","default",3,0.3179042,0.31058295,0.32198715
"base","dbl_uniform","random_01",500,500,"auction_scaled","jv","default",3,0.002647452,0.0026448485,0.002652454
"base","dbl_uniform","random_01",500,5000,"auction_scaled","jv","default",3,4.460904,4.161826,4.705652
"base","dbl_uniform","random_05",500,1500,"auction_scaled","jv","default",3,0.273446,0.2604474,0.27828215
"base","dbl_uniform","random_05",500,500,"auction_scaled","jv","default",3,0.002339665,0.0023090175,0.002786565
"base","dbl_uniform","random_05",500,5000,"auction_scaled","jv","default",3,4.106914,3.799321,4.135859
"base","dbl_uniform","random_25",500,1500,"auction_scaled","jv","default",3,0.2438461,0.24140325,0.2457333
"base","dbl_uniform","random_25",500,500,"auction_scaled","jv","default",3,0.005022746,0.0048087875,0.005165139
"base","dbl_uniform","random_25",500,5000,"auction_scaled","jv","default",3,3.403637,3.3909045,3.435745
"base","dbl_uniform","random_60",500,1500,"auction_scaled","jv","default",3,0.2731234,0.26904315,0.2866651
"base","dbl_uniform","random_60",500,500,"auction_scaled","jv","default",3,0.007811771,0.007647689,0.0081037525
"base","dbl_uniform","random_60",500,5000,"auction_scaled","jv","default",3,3.186562,2.989098,3.323176
"base","heavy_tailed","block_4",500,1500,"auction_scaled","jv","default",1,0.2642957,0.2642957,0.2642957
"base","heavy_tailed","block_4",500,500,"auction_scaled","jv","default",3,0.006160988,0.0060699475,0.0065821195
"base","heavy_tailed","none",500,1500,"auction_scaled","jv","default",1,0.2587597,0.2587597,0.2587597
"base","heavy_tailed","none",500,500,"auction_scaled","jv","default",3,0.02041164,0.02040996,0.02082408
"base","heavy_tailed","random_01",500,1500,"auction_scaled","jv","default",3,0.3706914,0.36227985,0.390284
"base","heavy_tailed","random_01",500,500,"auction_scaled","jv","default",3,0.002974673,0.002767254,0.003113253
"base","heavy_tailed","random_05",500,1500,"auction_scaled","jv","default",2,0.28568825,0.281401475,0.289975025
"base","heavy_tailed","random_05",500,500,"auction_scaled","jv","default",3,0.003312759,0.003169546,0.0039020315
"base","heavy_tailed","random_25",500,1500,"auction_scaled","jv","default",3,0.2353405,0.23088595,0.25244895
"base","heavy_tailed","random_25",500,500,"auction_scaled","jv","default",3,0.008202911,0.0079545945,0.008386058
"base","heavy_tailed","random_60",500,500,"auction_scaled","jv","default",3,0.01502285,0.01472767,0.01511381
"base","int_uniform","block_4",500,1500,"auction_scaled","jv","default",3,0.5234202,0.4565015,0.53593595
"base","int_uniform","block_4",500,500,"auction_scaled","jv","default",3,0.003311652,0.003086029,0.00374822
"base","int_uniform","block_4",500,5000,"auction_scaled","jv","default",3,6.102191,6.0619845,6.9474095
"base","int_uniform","none",500,1500,"auction_scaled","jv","default",3,0.5324601,0.5127535,0.59353095
"base","int_uniform","none",500,500,"auction_scaled","jv","default",3,0.01007727,0.01003922,0.0101712
"base","int_uniform","none",500,5000,"auction_scaled","jv","default",3,4.760416,4.4761195,5.2607685
"base","int_uniform","random_01",500,1500,"auction_scaled","jv","default",3,0.5102082,0.50733185,0.6208571
"base","int_uniform","random_01",500,500,"auction_scaled","jv","default",3,0.00182491,0.001792151,0.002237083
"base","int_uniform","random_01",500,5000,"auction_scaled","jv","default",3,8.196196,7.242758,9.045579
"base","int_uniform","random_05",500,1500,"auction_scaled","jv","default",3,0.4680628,0.46430005,0.4708968
"base","int_uniform","random_05",500,500,"auction_scaled","jv","default",3,0.003276884,0.002768566,0.003280451
"base","int_uniform","random_05",500,5000,"auction_scaled","jv","default",3,6.125315,5.8727585,8.2126475
"base","int_uniform","random_25",500,1500,"auction_scaled","jv","default",3,0.3676827,0.3550234,0.45583785
"base","int_uniform","random_25",500,500,"auction_scaled","jv","default",3,0.004846159,0.0046479445,0.005337216
"base","int_uniform","random_25",500,5000,"auction_scaled","jv","default",3,5.492051,5.4130505,6.2428205
"base","int_uniform","random_60",500,1500,"auction_scaled","jv","default",3,0.4455191,0.41623045,0.45209645
"base","int_uniform","random_60",500,500,"auction_scaled","jv","default",3,0.009013522,0.008988184,0.0090951735
"base","int_uniform","random_60",500,5000,"auction_scaled","jv","default",3,5.390817,5.1678045,5.6112575
"base","metric_clustered","block_4",500,1500,"auction_scaled","jv","default",3,0.3559475,0.35189465,0.37124185
"base","metric_clustered","block_4",500,500,"auction_scaled","jv","default",3,0.003877985,0.003329446,0.003890244
"base","metric_clustered","block_4",500,5000,"auction_scaled","jv","default",3,4.598069,4.4793545,4.625755
"base","metric_clustered","none",500,1500,"auction_scaled","jv","default",3,0.3519435,0.3425471,0.37877965
"base","metric_clustered","none",500,500,"auction_scaled","jv","default",3,0.007630838,0.007461385,0.008263345
"base","metric_clustered","none",500,5000,"auction_scaled","jv","default",3,4.088056,4.0823065,4.528346
"base","metric_clustered","random_01",500,1500,"auction_scaled","jv","default",3,0.4894635,0.44517955,0.50830985
"base","metric_clustered","random_01",500,500,"auction_scaled","jv","default",3,0.001699573,0.0015023015,0.002177674
"base","metric_clustered","random_01",500,5000,"auction_scaled","jv","default",3,5.692497,5.2807435,5.751354
"base","metric_clustered","random_05",500,1500,"auction_scaled","jv","default",3,0.4045265,0.3700201,0.46994685
"base","metric_clustered","random_05",500,500,"auction_scaled","jv","default",3,0.003368601,0.003296359,0.003384878
"base","metric_clustered","random_05",500,5000,"auction_scaled","jv","default",3,4.631077,4.5188275,5.0913705
"base","metric_clustered","random_25",500,1500,"auction_scaled","jv","default",3,0.3424138,0.33055415,0.3581379
"base","metric_clustered","random_25",500,500,"auction_scaled","jv","default",3,0.005755088,0.0054050915,0.0057555595
"base","metric_clustered","random_25",500,5000,"auction_scaled","jv","default",3,4.125036,4.0611915,4.943727
"base","metric_clustered","random_60",500,1500,"auction_scaled","jv","default",3,0.3504361,0.34513955,0.3769627
"base","metric_clustered","random_60",500,500,"auction_scaled","jv","default",3,0.008393643,0.0081099845,0.0084616825
"base","metric_clustered","random_60",500,5000,"auction_scaled","jv","default",3,4.244484,4.113632,4.2928485
"base","metric_uniform","block_4",500,1500,"auction_scaled","jv","default",3,0.323839,0.30698525,0.3334046
"base","metric_uniform","block_4",500,500,"auction_scaled","jv","default",3,0.003050523,0.002763728,0.0030513635
"base","metric_uniform","block_4",500,5000,"auction_scaled","jv","default",3,4.261152,4.141419,4.734297
"base","metric_uniform","none",500,1500,"auction_scaled","jv","default",3,0.3284656,0.30930345,0.3515863
"base","metric_uniform","none",500,500,"auction_scaled","jv","default",3,0.007076887,0.006993042,0.007326044
"base","metric_uniform","none",500,5000,"auction_scaled","jv","default",3,3.963356,3.9513685,4.0891705
"base","metric_uniform","random_01",500,1500,"auction_scaled","jv","default",3,0.3408738,0.3322459,0.34768275
"base","metric_uniform","random_01",500,500,"auction_scaled","jv","default",3,0.0027388,0.0027352125,0.002761555
"base","metric_uniform","random_01",500,5000,"auction_scaled","jv","default",3,4.502518,4.4514175,4.790829
"base","metric_uniform","random_05",500,1500,"auction_scaled","jv","default",3,0.2913307,0.2894201,0.2987591
"base","metric_uniform","random_05",500,500,"auction_scaled","jv","default",3,0.003151424,0.003138099,0.003155073
"base","metric_uniform","random_05",500,5000,"auction_scaled","jv","default",3,4.056272,3.8943105,4.356196
"base","metric_uniform","random_25",500,1500,"auction_scaled","jv","default",3,0.2987065,0.2985721,0.30367395
"base","metric_uniform","random_25",500,500,"auction_scaled","jv","default",3,0.005134758,0.0045724635,0.0052112845
"base","metric_uniform","random_25",500,5000,"auction_scaled","jv","default",3,3.989323,3.885799,4.1822905
"base","metric_uniform","random_60",500,1500,"auction_scaled","jv","default",3,0.2813414,0.2735243,0.30278845
"base","metric_uniform","random_60",500,500,"auction_scaled","jv","default",3,0.007456629,0.007360443,0.0076600095
"base","metric_uniform","random_60",500,5000,"auction_scaled","jv","default",3,3.526266,3.500874,3.7856615
"base","tied","block_4",500,1500,"auction_scaled","jv","default",3,0.1680854,0.166426,0.17113615
"base","tied","block_4",500,500,"auction_scaled","jv","default",3,0.004056253,0.0040493855,0.004259367
"base","tied","block_4",500,5000,"auction_scaled","jv","default",3,2.666837,2.596572,2.738309
"base","tied","none",500,1500,"auction_scaled","jv","default",3,0.149718,0.146834,0.15190325
"base","tied","none",500,500,"auction_scaled","jv","default",3,0.01384857,0.01361901,0.01448194
"base","tied","none",500,5000,"auction_scaled","jv","default",3,1.81583,1.815087,1.8767
"base","tied","random_01",500,1500,"auction_scaled","jv","default",3,0.2917215,0.28971965,0.3032935
"base","tied","random_01",500,500,"auction_scaled","jv","default",3,0.002630437,0.0023461225,0.002748968
"base","tied","random_01",500,5000,"auction_scaled","jv","default",3,2.754458,2.6717955,2.769819
"base","tied","random_05",500,1500,"auction_scaled","jv","default",3,0.1500702,0.1467097,0.1503341
"base","tied","random_05",500,500,"auction_scaled","jv","default",3,0.004443908,0.0040092465,0.0044622145
"base","tied","random_05",500,5000,"auction_scaled","jv","default",3,2.347669,2.1900165,2.4425185
"base","tied","random_25",500,1500,"auction_scaled","jv","default",3,0.1411468,0.13183305,0.143436
"base","tied","random_25",500,500,"auction_scaled","jv","default",3,0.005968575,0.00593393,0.006510882
"base","tied","random_25",500,5000,"auction_scaled","jv","default",3,1.747506,1.7147885,1.810654
"base","tied","random_60",500,1500,"auction_scaled","jv","default",3,0.1453305,0.1386461,0.14706535
"base","tied","random_60",500,500,"auction_scaled","jv","default",3,0.01123986,0.01094542,0.01181382
"base","tied","random_60",500,5000,"auction_scaled","jv","default",3,1.514698,1.5040365,1.7000175
"base","binary","block_4",500,1500,"auto","hk01","no_cost_scale",3,0.008880723,0.0073138055,0.0089064095
"base","binary","block_4",500,500,"auto","hk01","no_cost_scale",3,0.003137074,0.002604771,0.00314142
"base","binary","block_4",500,5000,"auto","hk01","no_cost_scale",3,0.03029084,0.02606403,0.030293015
"base","binary","none",500,1500,"auto","hk01","no_cost_scale",3,0.01096008,0.010895935,0.01150622
"base","binary","none",500,500,"auto","hk01","no_cost_scale",3,0.004164944,0.003974991,0.0041952635
"base","binary","none",500,5000,"auto","hk01","no_cost_scale",3,0.03634933,0.035986355,0.036831345
"base","binary","random_01",500,1500,"auto","hk01","no_cost_scale",3,0.007319115,0.006459509,0.007814723
"base","binary","random_01",500,500,"auto","hk01","no_cost_scale",3,0.005246688,0.0049019805,0.0057941815
"base","binary","random_01",500,5000,"auto","hk01","no_cost_scale",3,0.01651689,0.01419176,0.021096795
"base","binary","random_05",500,1500,"auto","hk01","no_cost_scale",3,0.008691918,0.00633286,0.0088218265
"base","binary","random_05",500,500,"auto","hk01","no_cost_scale",3,0.001436558,0.001429383,0.002094075
"base","binary","random_05",500,5000,"auto","hk01","no_cost_scale",3,0.02681006,0.022402295,0.02779265
"base","binary","random_25",500,1500,"auto","hk01","no_cost_scale",3,0.01212977,0.0118301,0.01213477
"base","binary","random_25",500,500,"auto","hk01","no_cost_scale",3,0.00313814,0.002940643,0.0036033055
"base","binary","random_25",500,5000,"auto","hk01","no_cost_scale",3,0.03700106,0.03389283,0.038391145
"base","binary","random_60",500,1500,"auto","hk01","no_cost_scale",3,0.01524072,0.01411761,0.01567655
"base","binary","random_60",500,500,"auto","hk01","no_cost_scale",3,0.005170674,0.00471049,0.0051991075
"base","binary","random_60",500,5000,"auto","hk01","no_cost_scale",3,0.05293551,0.050276515,0.05298024
"base","constant","block_4",500,1500,"auto","hk01","no_cost_scale",3,0.00357233,0.0035657905,0.0045814015
"base","constant","block_4",500,500,"auto","hk01","no_cost_scale",3,0.001600025,0.0014265745,0.001765993
"base","constant","block_4",500,5000,"auto","hk01","no_cost_scale",3,0.01214207,0.012076695,0.01548398
"base","constant","none",500,1500,"auto","hk01","no_cost_scale",3,0.004988347,0.0049681135,0.0050001755
"base","constant","none",500,500,"auto","hk01","no_cost_scale",3,0.001780712,0.00177489,0.0023006945
"base","constant","none",500,5000,"auto","hk01","no_cost_scale",3,0.02644225,0.02170665,0.026452235
"base","constant","random_01",500,1500,"auto","hk01","no_cost_scale",3,0.005149149,0.004838738,0.0061874945
"base","constant","random_01",500,500,"auto","hk01","no_cost_scale",3,0.001798424,0.0014738475,0.0022345615
"base","constant","random_01",500,5000,"auto","hk01","no_cost_scale",3,0.01590452,0.013730965,0.017011745
"base","constant","random_05",500,1500,"auto","hk01","no_cost_scale",3,0.005024345,0.0043920225,0.006690339
"base","constant","random_05",500,500,"auto","hk01","no_cost_scale",3,0.002655857,0.0022118475,0.002760489
"base","constant","random_05",500,5000,"auto","hk01","no_cost_scale",3,0.01681447,0.01463366,0.01686744
"base","constant","random_25",500,1500,"auto","hk01","no_cost_scale",3,0.0102452,0.01021933,0.01064253
"base","constant","random_25",500,500,"auto","hk01","no_cost_scale",3,0.003554659,0.003142773,0.00355757
"base","constant","random_25",500,5000,"auto","hk01","no_cost_scale",3,0.02605501,0.025951915,0.03115543
"base","constant","random_60",500,1500,"auto","hk01","no_cost_scale",3,0.01195777,0.01195082,0.01200699
"base","constant","random_60",500,500,"auto","hk01","no_cost_scale",3,0.004280113,0.004264697,0.0043070295
"base","constant","random_60",500,5000,"auto","hk01","no_cost_scale",3,0.03065656,0.03061269,0.030762115
"base","dbl_uniform","block_4",500,1500,"auto","jv","default",3,0.007283691,0.0055485095,0.0072976105
"base","dbl_uniform","block_4",500,500,"auto","jv","default",3,0.004038418,0.0037709135,0.0041781255
"base","dbl_uniform","block_4",500,5000,"auto","jv","default",3,0.01203895,0.011974295,0.018023865
"base","dbl_uniform","none",500,1500,"auto","jv","default",3,0.003966627,0.0039160945,0.005181498
"base","dbl_uniform","none",500,500,"auto","jv","default",3,0.003162576,0.003125225,0.0033508685
"base","dbl_uniform","none",500,5000,"auto","jv","default",3,0.01154453,0.01150429,0.01522957
"base","dbl_uniform","random_01",500,1500,"auto","jv","default",3,0.003722718,0.0037092905,0.0043618875
"base","dbl_uniform","random_01",500,500,"auto","jv","default",3,0.006272221,0.0060125475,0.0063328395
"base","dbl_uniform","random_01",500,5000,"auto","jv","default",3,0.01651619,0.01500448,0.016576895
"base","dbl_uniform","random_05",500,1500,"auto","jv","default",3,0.008050514,0.006709445,0.008098279
"base","dbl_uniform","random_05",500,500,"auto","jv","default",3,0.007260321,0.006797267,0.0073916645
"base","dbl_uniform","random_05",500,5000,"auto","jv","default",3,0.0268714,0.02674559,0.02692722
"base","dbl_uniform","random_25",500,1500,"auto","jv","default",3,0.00979285,0.009791497,0.009809906
"base","dbl_uniform","random_25",500,500,"auto","jv","default",3,0.008821191,0.0085044865,0.0097146655
"base","dbl_uniform","random_25",500,5000,"auto","jv","default",3,0.0240351,0.023851585,0.02781477
"base","dbl_uniform","random_60",500,1500,"auto","jv","default",3,0.01068997,0.0097077335,0.01073128
"base","dbl_uniform","random_60",500,500,"auto","jv","default",3,0.009846396,0.0094902905,0.010027533
"base","dbl_uniform","random_60",500,5000,"auto","jv","default",3,0.02515604,0.02490051,0.026096395
"base","heavy_tailed","block_4",500,1500,"auto","jv","default",3,0.004683184,0.0046487645,0.005962056
"base","heavy_tailed","block_4",500,500,"auto","jv","default",3,0.004188724,0.0040766095,0.004453625
"base","heavy_tailed","block_4",500,5000,"auto","jv","default",3,0.01229848,0.012178085,0.013794695
"base","heavy_tailed","none",500,1500,"auto","jv","default",3,0.006052707,0.004924469,0.0063678945
"base","heavy_tailed","none",500,500,"auto","jv","default",3,0.003609066,0.0036010915,0.0041727545
"base","heavy_tailed","none",500,5000,"auto","jv","default",3,0.0113677,0.01127299,0.011373195
"base","heavy_tailed","random_01",500,1500,"auto","jv","default",3,0.005011594,0.0049969775,0.0063817525
"base","heavy_tailed","random_01",500,500,"auto","jv","default",3,0.008531854,0.00809914,0.0090063675
"base","heavy_tailed","random_01",500,5000,"auto","jv","default",3,0.01691939,0.016729085,0.021273835
"base","heavy_tailed","random_05",500,1500,"auto","jv","default",3,0.00608973,0.0051030855,0.0070538655
"base","heavy_tailed","random_05",500,500,"auto","jv","default",3,0.00872972,0.007909966,0.00980767
"base","heavy_tailed","random_05",500,5000,"auto","jv","default",3,0.01766333,0.01566942,0.022180015
"base","heavy_tailed","random_25",500,1500,"auto","jv","default",3,0.0097908,0.0097597425,0.0098574045
"base","heavy_tailed","random_25",500,500,"auto","jv","default",3,0.01002671,0.009272927,0.010661865
"base","heavy_tailed","random_25",500,5000,"auto","jv","default",3,0.02943898,0.029209855,0.03159845
"base","heavy_tailed","random_60",500,1500,"auto","jv","default",3,0.01063442,0.0092271135,0.01073446
"base","heavy_tailed","random_60",500,500,"auto","jv","default",3,0.009374691,0.008957721,0.0100314505
"base","heavy_tailed","random_60",500,5000,"auto","jv","default",3,0.02529958,0.025175515,0.028475525
"base","int_uniform","block_4",500,1500,"auto","jv","default",3,0.007332809,0.005476698,0.0073395945
"base","int_uniform","block_4",500,500,"auto","jv","default",3,0.004037475,0.003872286,0.004621356
"base","int_uniform","block_4",500,5000,"auto","jv","default",3,0.01213981,0.012120685,0.01816341
"base","int_uniform","none",500,1500,"auto","jv","default",3,0.00472402,0.0046797195,0.005307614
"base","int_uniform","none",500,500,"auto","jv","default",3,0.004930291,0.004364778,0.0049908275
"base","int_uniform","none",500,5000,"auto","jv","default",3,0.01384791,0.013815195,0.01389289
"base","int_uniform","random_01",500,1500,"auto","jv","default",3,0.003707138,0.003701029,0.004328616
"base","int_uniform","random_01",500,500,"auto","jv","default",3,0.0064944,0.0058132465,0.00686586
"base","int_uniform","random_01",500,5000,"auto","jv","default",3,0.02573172,0.01901553,0.02580665
"base","int_uniform","random_05",500,1500,"auto","jv","default",3,0.00800648,0.0066744925,0.008053466
"base","int_uniform","random_05",500,500,"auto","jv","default",3,0.007950269,0.0077550885,0.0082539765
"base","int_uniform","random_05",500,5000,"auto","jv","default",3,0.0136245,0.013520935,0.020113205
"base","int_uniform","random_25",500,1500,"auto","jv","default",3,0.009725241,0.0080347085,0.009749185
"base","int_uniform","random_25",500,500,"auto","jv","default",3,0.007878232,0.0078691095,0.0088719285
"base","int_uniform","random_25",500,5000,"auto","jv","default",3,0.01988008,0.019752815,0.023252125
"base","int_uniform","random_60",500,1500,"auto","jv","default",3,0.01074692,0.00951241,0.01080676
"base","int_uniform","random_60",500,500,"auto","jv","default",3,0.009653573,0.0096174725,0.009810111
"base","int_uniform","random_60",500,5000,"auto","jv","default",3,0.02543628,0.025382365,0.026325485
"base","metric_clustered","block_4",500,1500,"auto","jv","default",3,0.003874951,0.0038639425,0.0049065725
"base","metric_clustered","block_4",500,500,"auto","jv","default",3,0.006237535,0.00553008,0.006266932
"base","metric_clustered","block_4",500,5000,"auto","jv","default",3,0.01216368,0.012138485,0.018138565
"base","metric_clustered","none",500,1500,"auto","jv","default",3,0.00617091,0.005008273,0.006185629
"base","metric_clustered","none",500,500,"auto","jv","default",3,0.006557704,0.006413999,0.007185865
"base","metric_clustered","none",500,5000,"auto","jv","default",3,0.01863983,0.01857706,0.01866574
"base","metric_clustered","random_01",500,1500,"auto","jv","default",3,0.004991504,0.004991463,0.00503644
"base","metric_clustered","random_01",500,500,"auto","jv","default",3,0.006630315,0.005798753,0.0068935965
"base","metric_clustered","random_01",500,5000,"auto","jv","default",3,0.01669811,0.016627345,0.021254585
"base","metric_clustered","random_05",500,1500,"auto","jv","default",3,0.00820902,0.00817458,0.0082230215
"base","metric_clustered","random_05",500,500,"auto","jv","default",3,0.009798672,0.0090998065,0.011137221
"base","metric_clustered","random_05",500,5000,"auto","jv","default",3,0.01796038,0.01579062,0.022461525
"base","metric_clustered","random_25",500,1500,"auto","jv","default",3,0.01018354,0.0094044165,0.01024717
"base","metric_clustered","random_25",500,500,"auto","jv","default",3,0.01465365,0.013931105,0.01470984
"base","metric_clustered","random_25",500,5000,"auto","jv","default",3,0.02609818,0.026091845,0.028963505
"base","metric_clustered","random_60",500,1500,"auto","jv","default",3,0.01128086,0.01120546,0.0113612
"base","metric_clustered","random_60",500,500,"auto","jv","default",3,0.01370306,0.012702515,0.014083355
"base","metric_clustered","random_60",500,5000,"auto","jv","default",3,0.03174528,0.028363455,0.03307296
"base","metric_uniform","block_4",500,1500,"auto","jv","default",3,0.003726613,0.00371132,0.004698313
"base","metric_uniform","block_4",500,500,"auto","jv","default",3,0.004481464,0.004476298,0.004667891
"base","metric_uniform","block_4",500,5000,"auto","jv","default",3,0.02401575,0.01818883,0.024615415
"base","metric_uniform","none",500,1500,"auto","jv","default",3,0.004001887,0.003936041,0.004708727
"base","metric_uniform","none",500,500,"auto","jv","default",3,0.006644665,0.0054778255,0.006759219
"base","metric_uniform","none",500,5000,"auto","jv","default",3,0.01105569,0.010990255,0.011116595
"base","metric_uniform","random_01",500,1500,"auto","jv","default",3,0.003750885,0.0037440995,0.0037675515
"base","metric_uniform","random_01",500,500,"auto","jv","default",3,0.006314615,0.0055895915,0.006405963
"base","metric_uniform","random_01",500,5000,"auto","jv","default",3,0.01656654,0.01437618,0.02114296
"base","metric_uniform","random_05",500,1500,"auto","jv","default",3,0.008127225,0.006179192,0.008163715
"base","metric_uniform","random_05",500,500,"auto","jv","default",3,0.008922543,0.0076859625,0.009057228
"base","metric_uniform","random_05",500,5000,"auto","jv","default",3,0.0178375,0.015706465,0.01891781
"base","metric_uniform","random_25",500,1500,"auto","jv","default",3,0.009812161,0.008048464,0.009826552
"base","metric_uniform","random_25",500,500,"auto","jv","default",3,0.01092929,0.0101046765,0.01114087
"base","metric_uniform","random_25",500,5000,"auto","jv","default",3,0.01990259,0.019899,0.0244401
"base","metric_uniform","random_60",500,1500,"auto","jv","default",3,0.0106247,0.009320182,0.0107182
"base","metric_uniform","random_60",500,500,"auto","jv","default",3,0.01089862,0.009899614,0.01128025
"base","metric_uniform","random_60",500,5000,"auto","jv","default",3,0.03408789,0.03069926,0.03415673
"base","tied","block_4",500,1500,"auto","jv","default",3,0.05365371,0.053243605,0.05371443
"base","tied","block_4",500,500,"auto","jv","default",3,0.01746887,0.01744667,0.017564955
"base","tied","block_4",500,5000,"auto","jv","default",3,0.1793672,0.17802415,0.18267685
"base","tied","none",500,1500,"auto","jv","default",3,0.1996181,0.19915945,0.200001
"base","tied","none",500,500,"auto","jv","default",3,0.05731976,0.056613085,0.05754194
"base","tied","none",500,5000,"auto","jv","default",3,0.6819456,0.680972,0.6828428
"base","tied","random_01",500,1500,"auto","jv","default",3,0.005859679,0.0055678,0.0068919975
"base","tied","random_01",500,500,"auto","jv","default",3,0.004648539,0.0044214605,0.0053038215
"base","tied","random_01",500,5000,"auto","jv","default",3,0.01754956,0.01557301,0.017651915
"base","tied","random_05",500,1500,"auto","jv","default",3,0.1134262,0.11262565,0.1175502
"base","tied","random_05",500,500,"auto","jv","default",3,0.04032633,0.04031411,0.041653005
"base","tied","random_05",500,5000,"auto","jv","default",3,0.3817104,0.36748645,0.3847147
"base","tied","random_25",500,1500,"auto","jv","default",3,0.1981185,0.197809,0.198946
"base","tied","random_25",500,500,"auto","jv","default",3,0.0621086,0.06190309,0.06249312
"base","tied","random_25",500,5000,"auto","jv","default",3,0.6885765,0.6842693,0.68926515
"base","tied","random_60",500,1500,"auto","jv","default",3,0.206055,0.2054232,0.2061844
"base","tied","random_60",500,500,"auto","jv","default",3,0.06340609,0.062865075,0.06349506
"base","tied","random_60",500,5000,"auto","jv","default",3,0.6973361,0.6971824,0.70253645
"large","binary","none",1000,10000,"auto","hk01","no_cost_scale",2,0.1736577,0.1731852,0.1741302
"large","binary","none",1500,1500,"auto","hk01","no_cost_scale",2,0.039085595,0.03889333,0.03927786
"large","binary","none",1500,4500,"auto","hk01","no_cost_scale",2,0.118938025,0.1181512875,0.1197247625
"large","binary","random_01",1000,10000,"auto","hk01","no_cost_scale",2,0.08154781,0.081446715,0.081648905
"large","binary","random_01",1500,1500,"auto","hk01","no_cost_scale",2,0.0201432375,0.01666741125,0.02361906375
"large","binary","random_01",1500,4500,"auto","hk01","no_cost_scale",2,0.0623898425,0.06138847875,0.06339120625
"large","binary","random_25",1000,10000,"auto","hk01","no_cost_scale",2,0.1425248,0.140503175,0.144546425
"large","binary","random_25",1500,1500,"auto","hk01","no_cost_scale",2,0.0267497925,0.02671599875,0.02678358625
"large","binary","random_25",1500,4500,"auto","hk01","no_cost_scale",2,0.094061545,0.0940541125,0.0940689775
"large","dbl_uniform","none",1000,10000,"auto","jv","default",2,0.0779713925,0.07779971875,0.07814306625
"large","dbl_uniform","none",1500,1500,"auto","jv","default",2,0.048281395,0.04818239,0.0483804
"large","dbl_uniform","none",1500,4500,"auto","jv","default",2,0.0589484775,0.05878227875,0.05911467625
"large","dbl_uniform","random_01",1000,10000,"auto","jv","default",2,0.103628775,0.0933858875,0.1138716625
"large","dbl_uniform","random_01",1500,1500,"auto","jv","default",2,0.0851505625,0.08110131125,0.08919981375
"large","dbl_uniform","random_01",1500,4500,"auto","jv","default",2,0.07225316,0.06459705,0.07990927
"large","dbl_uniform","random_25",1000,10000,"auto","jv","default",2,0.127431625,0.1194732125,0.1353900375
"large","dbl_uniform","random_25",1500,1500,"auto","jv","default",2,0.096020515,0.0904475225,0.1015935075
"large","dbl_uniform","random_25",1500,4500,"auto","jv","default",2,0.09300767,0.086700335,0.099315005
"large","heavy_tailed","none",1000,10000,"auto","jv","default",2,0.0793842,0.0789058925,0.0798625075
"large","heavy_tailed","none",1500,1500,"auto","jv","default",2,0.04654893,0.0454551375,0.0476427225
"large","heavy_tailed","none",1500,4500,"auto","jv","default",2,0.0596376975,0.05937628125,0.05989911375
"large","heavy_tailed","random_01",1000,10000,"auto","jv","default",2,0.081454035,0.0814196925,0.0814883775
"large","heavy_tailed","random_01",1500,1500,"auto","jv","default",2,0.1121000775,0.10686159125,0.11733856375
"large","heavy_tailed","random_01",1500,4500,"auto","jv","default",2,0.073715705,0.0656437075,0.0817877025
"large","heavy_tailed","random_25",1000,10000,"auto","jv","default",2,0.11207155,0.111966325,0.112176775
"large","heavy_tailed","random_25",1500,1500,"auto","jv","default",2,0.10010698,0.09766187,0.10255209
"large","heavy_tailed","random_25",1500,4500,"auto","jv","default",2,0.0942769625,0.08875126875,0.09980265625
"large","int_uniform","none",1000,10000,"auto","jv","default",2,0.0832904025,0.08312811875,0.08345268625
"large","int_uniform","none",1500,1500,"auto","jv","default",2,0.047195805,0.0464042125,0.0479873975
"large","int_uniform","none",1500,4500,"auto","jv","default",2,0.06378377,0.06365069,0.06391685
"large","int_uniform","random_01",1000,10000,"auto","jv","default",2,0.090319235,0.0900240825,0.0906143875
"large","int_uniform","random_01",1500,1500,"auto","jv","default",2,0.0858043275,0.08575673625,0.08585191875
"large","int_uniform","random_01",1500,4500,"auto","jv","default",2,0.0714649675,0.07052389375,0.07240604125
"large","int_uniform","random_25",1000,10000,"auto","jv","default",2,0.112195325,0.1102352375,0.1141554125
"large","int_uniform","random_25",1500,1500,"auto","jv","default",2,0.099599855,0.0982430775,0.1009566325
"large","int_uniform","random_25",1500,4500,"auto","jv","default",2,0.0834984375,0.08042295125,0.08657392375
"large","metric_clustered","none",1000,10000,"auto","jv","default",2,0.0826015075,0.07952989125,0.08567312375
"large","metric_clustered","none",1500,1500,"auto","jv","default",2,0.15126675,0.138491225,0.164042275
"large","metric_clustered","none",1500,4500,"auto","jv","default",2,0.0624540825,0.06145353375,0.06345463125
"large","metric_clustered","random_01",1000,10000,"auto","jv","default",2,0.09681884,0.0967590325,0.0968786475
"large","metric_clustered","random_01",1500,1500,"auto","jv","default",2,0.09541622,0.091025215,0.099807225
"large","metric_clustered","random_01",1500,4500,"auto","jv","default",2,0.0721724725,0.06958463875,0.07476030625
"large","metric_clustered","random_25",1000,10000,"auto","jv","default",2,0.11998095,0.1163265,0.1236354
"large","metric_clustered","random_25",1500,1500,"auto","jv","default",2,0.15705965,0.1526345,0.1614848
"large","metric_clustered","random_25",1500,4500,"auto","jv","default",2,0.099169355,0.0943755375,0.1039631725
"base","binary","block_4",500,1500,"csa","hk01","no_cost_scale",3,0.1018903,0.09933534,0.10192265
"base","binary","block_4",500,500,"csa","hk01","no_cost_scale",3,0.005267639,0.0050404785,0.0052940225
"base","binary","block_4",500,5000,"csa","hk01","no_cost_scale",3,1.373167,1.371174,1.394447
"base","binary","none",500,1500,"csa","hk01","no_cost_scale",3,0.08827103,0.08369285,0.089163665
"base","binary","none",500,500,"csa","hk01","no_cost_scale",3,0.01448317,0.01441261,0.01452417
"base","binary","none",500,5000,"csa","hk01","no_cost_scale",3,1.109871,1.071681,1.247488
"base","binary","random_01",500,1500,"csa","hk01","no_cost_scale",3,0.1301669,0.1165677,0.1423244
"base","binary","random_01",500,500,"csa","hk01","no_cost_scale",3,0.003310914,0.0030101175,0.003559661
"base","binary","random_01",500,5000,"csa","hk01","no_cost_scale",3,1.399622,1.3887375,1.4057815
"base","binary","random_05",500,1500,"csa","hk01","no_cost_scale",3,0.08684821,0.086642105,0.08702578
"base","binary","random_05",500,500,"csa","hk01","no_cost_scale",3,0.004147027,0.004115416,0.0042643485
"base","binary","random_05",500,5000,"csa","hk01","no_cost_scale",3,1.363313,1.2940425,1.4175535
"base","binary","random_25",500,1500,"csa","hk01","no_cost_scale",3,0.08407181,0.07936989,0.084851385
"base","binary","random_25",500,500,"csa","hk01","no_cost_scale",3,0.007703613,0.007661711,0.0077457405
"base","binary","random_25",500,5000,"csa","hk01","no_cost_scale",3,1.126351,1.1154555,1.2339225
"base","binary","random_60",500,1500,"csa","hk01","no_cost_scale",3,0.09615644,0.09307494,0.09815352
"base","binary","random_60",500,500,"csa","hk01","no_cost_scale",3,0.01199348,0.01178803,0.012197375
"base","binary","random_60",500,5000,"csa","hk01","no_cost_scale",3,1.292326,1.2091115,1.334886
"base","constant","block_4",500,1500,"csa","hk01","no_cost_scale",3,0.1020107,0.1015687,0.10288625
"base","constant","block_4",500,500,"csa","hk01","no_cost_scale",3,0.003529034,0.003379999,0.003529362
"base","constant","block_4",500,5000,"csa","hk01","no_cost_scale",3,1.303065,1.3006475,1.30377
"base","constant","none",500,1500,"csa","hk01","no_cost_scale",3,0.07772243,0.077475345,0.07772581
"base","constant","none",500,500,"csa","hk01","no_cost_scale",3,0.008929923,0.008916639,0.0089371595
"base","constant","none",500,5000,"csa","hk01","no_cost_scale",3,0.9304908,0.9301463,0.9306425
"base","constant","random_01",500,1500,"csa","hk01","no_cost_scale",3,0.09091217,0.090671235,0.090916085
"base","constant","random_01",500,500,"csa","hk01","no_cost_scale",3,0.002665205,0.002486568,0.003223379
"base","constant","random_01",500,5000,"csa","hk01","no_cost_scale",3,1.519077,1.518526,1.519466
"base","constant","random_05",500,1500,"csa","hk01","no_cost_scale",3,0.07919589,0.07644612,0.080201845
"base","constant","random_05",500,500,"csa","hk01","no_cost_scale",3,0.003994097,0.0038870255,0.00402333
"base","constant","random_05",500,5000,"csa","hk01","no_cost_scale",3,1.273749,1.2533855,1.3425475
"base","constant","random_25",500,1500,"csa","hk01","no_cost_scale",3,0.06555236,0.064557595,0.06579707
"base","constant","random_25",500,500,"csa","hk01","no_cost_scale",3,0.006249712,0.005798138,0.0066080725
"base","constant","random_25",500,5000,"csa","hk01","no_cost_scale",3,0.9626147,0.8815466,0.99729635
"base","constant","random_60",500,1500,"csa","hk01","no_cost_scale",3,0.08447148,0.08077574,0.08602079
"base","constant","random_60",500,500,"csa","hk01","no_cost_scale",3,0.01009768,0.009674542,0.01011529
"base","constant","random_60",500,5000,"csa","hk01","no_cost_scale",3,1.063207,1.0146444,1.099369
"base","dbl_uniform","block_4",500,1500,"csa","jv","default",3,4.6575,4.653155,4.72543
"base","dbl_uniform","block_4",500,500,"csa","jv","default",3,0.004858746,0.00460881,0.00491344
"base","dbl_uniform","none",500,1500,"csa","jv","default",3,4.734496,4.7185595,4.7553185
"base","dbl_uniform","none",500,500,"csa","jv","default",3,0.01149181,0.01131475,0.01149751
"base","dbl_uniform","random_01",500,1500,"csa","jv","default",3,4.693148,4.675916,4.737988
"base","dbl_uniform","random_01",500,500,"csa","jv","default",3,0.001991329,0.001782311,0.0024470235
"base","dbl_uniform","random_05",500,1500,"csa","jv","default",3,4.671449,4.6476305,4.687476
"base","dbl_uniform","random_05",500,500,"csa","jv","default",3,0.002741342,0.0027181565,0.0031781765
"base","dbl_uniform","random_25",500,1500,"csa","jv","default",3,4.663231,4.657405,4.6905105
"base","dbl_uniform","random_25",500,500,"csa","jv","default",3,0.007016084,0.006591037,0.0071411545
"base","dbl_uniform","random_60",500,1500,"csa","jv","default",3,4.767712,4.7252505,4.835251
"base","dbl_uniform","random_60",500,500,"csa","jv","default",3,0.01059366,0.010446225,0.01111397
"base","heavy_tailed","random_01",500,500,"csa","jv","default",2,0.0032409065,0.00304866775,0.00343314525
"base","int_uniform","block_4",500,1500,"csa","jv","default",3,0.4808863,0.39973795,0.49357205
"base","int_uniform","block_4",500,500,"csa","jv","default",3,0.003232768,0.0032287295,0.003358392
"base","int_uniform","block_4",500,5000,"csa","jv","default",3,4.896057,4.6109375,4.9457305
"base","int_uniform","none",500,1500,"csa","jv","default",3,0.3897504,0.38465575,0.4266194
"base","int_uniform","none",500,500,"csa","jv","default",3,0.01008313,0.009970462,0.010188605
"base","int_uniform","none",500,5000,"csa","jv","default",3,4.719068,4.715373,4.8486985
"base","int_uniform","random_01",500,1500,"csa","jv","default",3,0.4531558,0.4447216,0.46972935
"base","int_uniform","random_01",500,500,"csa","jv","default",3,0.002753478,0.0023282055,0.0027911775
"base","int_uniform","random_01",500,5000,"csa","jv","default",3,6.45052,5.837168,7.543476
"base","int_uniform","random_05",500,1500,"csa","jv","default",3,0.4511162,0.42977935,0.464145
"base","int_uniform","random_05",500,500,"csa","jv","default",3,0.002449299,0.0022786775,0.00246861
"base","int_uniform","random_05",500,5000,"csa","jv","default",3,5.147401,5.0299165,5.317673
"base","int_uniform","random_25",500,1500,"csa","jv","default",3,0.4668372,0.39132035,0.4968822
"base","int_uniform","random_25",500,500,"csa","jv","default",3,0.006051887,0.005963245,0.0060775735
"base","int_uniform","random_25",500,5000,"csa","jv","default",3,6.170547,5.5605755,6.30853
"base","int_uniform","random_60",500,1500,"csa","jv","default",3,0.3748985,0.36220815,0.38829805
"base","int_uniform","random_60",500,500,"csa","jv","default",3,0.009647546,0.0091695475,0.0096562995
"base","int_uniform","random_60",500,5000,"csa","jv","default",3,4.507982,4.460889,4.702541
"base","metric_clustered","block_4",500,1500,"csa","jv","default",3,4.753031,4.7020755,4.7621155
"base","metric_clustered","block_4",500,500,"csa","jv","default",3,0.004050349,0.0038817775,0.004456085
"base","metric_clustered","none",500,1500,"csa","jv","default",3,4.65585,4.6405195,4.6642795
"base","metric_clustered","none",500,500,"csa","jv","default",3,0.01106656,0.010958975,0.011324695
"base","metric_clustered","random_01",500,1500,"csa","jv","default",3,4.948356,4.940002,4.9693935
"base","metric_clustered","random_01",500,500,"csa","jv","default",3,0.001976282,0.00177079,0.002434252
"base","metric_clustered","random_05",500,1500,"csa","jv","default",3,4.906236,4.7942195,4.9069755
"base","metric_clustered","random_05",500,500,"csa","jv","default",3,0.003719684,0.003649615,0.003742972
"base","metric_clustered","random_25",500,1500,"csa","jv","default",3,4.773223,4.7114585,4.777102
"base","metric_clustered","random_25",500,500,"csa","jv","default",3,0.007095952,0.006751347,0.00715696
"base","metric_clustered","random_60",500,1500,"csa","jv","default",3,4.7087,4.697665,4.782305
"base","metric_clustered","random_60",500,500,"csa","jv","default",3,0.01106311,0.010601925,0.011087155
"base","metric_uniform","block_4",500,1500,"csa","jv","default",3,4.772615,4.74254,4.7914445
"base","metric_uniform","block_4",500,500,"csa","jv","default",3,0.004252643,0.004172693,0.004332634
"base","metric_uniform","none",500,1500,"csa","jv","default",3,4.716231,4.7098475,4.756425
"base","metric_uniform","none",500,500,"csa","jv","default",3,0.01026681,0.010002975,0.01068788
"base","metric_uniform","random_01",500,1500,"csa","jv","default",3,4.686374,4.683985,4.689364
"base","metric_uniform","random_01",500,500,"csa","jv","default",3,0.002966555,0.002298009,0.0030384075
"base","metric_uniform","random_05",500,1500,"csa","jv","default",3,4.82316,4.740855,4.8460635
"base","metric_uniform","random_05",500,500,"csa","jv","default",3,0.002673036,0.0024582165,0.0031315185
"base","metric_uniform","random_25",500,1500,"csa","jv","default",3,4.682792,4.6123765,4.755734
"base","metric_uniform","random_25",500,500,"csa","jv","default",3,0.006883818,0.00627095,0.0068924075
"base","metric_uniform","random_60",500,1500,"csa","jv","default",3,4.708767,4.7007795,4.771882
"base","metric_uniform","random_60",500,500,"csa","jv","default",3,0.01040637,0.0099315305,0.010461065
"base","tied","block_4",500,1500,"csa","jv","default",3,0.106931,0.1054724,0.10850415
"base","tied","block_4",500,500,"csa","jv","default",3,0.00469901,0.004522874,0.0050934915
"base","tied","block_4",500,5000,"csa","jv","default",3,1.69387,1.692653,1.6963085
"base","tied","none",500,1500,"csa","jv","default",3,0.09455682,0.093265895,0.10677411
"base","tied","none",500,500,"csa","jv","default",3,0.01388608,0.01363514,0.01454528
"base","tied","none",500,5000,"csa","jv","default",3,1.411656,1.3495855,1.4315795
"base","tied","random_01",500,1500,"csa","jv","default",3,0.2415431,0.2240697,0.2421729
"base","tied","random_01",500,500,"csa","jv","default",3,0.002367627,0.002287841,0.002651839
"base","tied","random_01",500,5000,"csa","jv","default",3,1.716247,1.711834,1.7987875
"base","tied","random_05",500,1500,"csa","jv","default",3,0.1035474,0.09752232,0.1069556
"base","tied","random_05",500,500,"csa","jv","default",3,0.005251116,0.0051687675,0.0053988595
"base","tied","random_05",500,5000,"csa","jv","default",3,1.6397,1.6393495,1.649648
"base","tied","random_25",500,1500,"csa","jv","default",3,0.09822296,0.09811638,0.10056523
"base","tied","random_25",500,500,"csa","jv","default",3,0.006755283,0.006528389,0.0071167185
"base","tied","random_25",500,5000,"csa","jv","default",3,1.352085,1.261332,1.3530035
"base","tied","random_60",500,1500,"csa","jv","default",3,0.1080015,0.103642875,0.1088567
"base","tied","random_60",500,500,"csa","jv","default",3,0.01179812,0.0112808,0.012391655
"base","tied","random_60",500,5000,"csa","jv","default",3,1.377888,1.2902655,1.461647
"base","binary","block_4",500,1500,"csflow","hk01","no_cost_scale",3,0.02632368,0.026312305,0.02742246
"base","binary","block_4",500,500,"csflow","hk01","no_cost_scale",3,0.01163018,0.01162104,0.01218192
"base","binary","block_4",500,5000,"csflow","hk01","no_cost_scale",3,0.07844674,0.07826326,0.078483125
"base","binary","none",500,1500,"csflow","hk01","no_cost_scale",3,0.2587877,0.258669,0.25891515
"base","binary","none",500,500,"csflow","hk01","no_cost_scale",3,0.1078924,0.10788975,0.1079255
"base","binary","none",500,5000,"csflow","hk01","no_cost_scale",3,0.8740394,0.8727252,0.8748259
"base","binary","random_01",500,1500,"csflow","hk01","no_cost_scale",3,0.006043195,0.0056049665,0.0061712995
"base","binary","random_01",500,500,"csflow","hk01","no_cost_scale",3,0.005685552,0.0054918885,0.005817203
"base","binary","random_01",500,5000,"csflow","hk01","no_cost_scale",3,0.01791429,0.017807425,0.018684005
"base","binary","random_05",500,1500,"csflow","hk01","no_cost_scale",3,0.0485442,0.048446665,0.05138952
"base","binary","random_05",500,500,"csflow","hk01","no_cost_scale",3,0.02500098,0.02478038,0.025470965
"base","binary","random_05",500,5000,"csflow","hk01","no_cost_scale",3,0.1323702,0.13039825,0.13373665
"base","binary","random_25",500,1500,"csflow","hk01","no_cost_scale",3,0.100791,0.10066515,0.10094945
"base","binary","random_25",500,500,"csflow","hk01","no_cost_scale",3,0.04669248,0.04604179,0.04675021
"base","binary","random_25",500,5000,"csflow","hk01","no_cost_scale",3,0.3080308,0.3038991,0.30840305
"base","binary","random_60",500,1500,"csflow","hk01","no_cost_scale",3,0.1812835,0.1800049,0.18164625
"base","binary","random_60",500,500,"csflow","hk01","no_cost_scale",3,0.07670829,0.076434985,0.07675903
"base","binary","random_60",500,5000,"csflow","hk01","no_cost_scale",3,0.5907635,0.5807789,0.5975147
"base","constant","block_4",500,1500,"csflow","hk01","no_cost_scale",3,0.0232135,0.02316592,0.023616245
"base","constant","block_4",500,500,"csflow","hk01","no_cost_scale",3,0.009044969,0.009022091,0.009087609
"base","constant","block_4",500,5000,"csflow","hk01","no_cost_scale",3,0.06757923,0.067501945,0.067610085
"base","constant","none",500,1500,"csflow","hk01","no_cost_scale",3,0.242002,0.24188405,0.2421231
"base","constant","none",500,500,"csflow","hk01","no_cost_scale",3,0.0996621,0.099590105,0.09996555
"base","constant","none",500,5000,"csflow","hk01","no_cost_scale",3,0.7706964,0.7706549,0.79586185
"base","constant","random_01",500,1500,"csflow","hk01","no_cost_scale",3,0.01791003,0.01763322,0.019514095
"base","constant","random_01",500,500,"csflow","hk01","no_cost_scale",3,0.01033147,0.010313185,0.010418735
"base","constant","random_01",500,5000,"csflow","hk01","no_cost_scale",3,0.04047803,0.0394772,0.04415694
"base","constant","random_05",500,1500,"csflow","hk01","no_cost_scale",3,0.0379635,0.03717927,0.038850125
"base","constant","random_05",500,500,"csflow","hk01","no_cost_scale",3,0.01888222,0.01884321,0.01890922
"base","constant","random_05",500,5000,"csflow","hk01","no_cost_scale",3,0.0970782,0.09707287,0.09847132
"base","constant","random_25",500,1500,"csflow","hk01","no_cost_scale",3,0.08350942,0.08347295,0.08396667
"base","constant","random_25",500,500,"csflow","hk01","no_cost_scale",3,0.03838211,0.03799314,0.03865021
"base","constant","random_25",500,5000,"csflow","hk01","no_cost_scale",3,0.2580188,0.25763505,0.2605542
"base","constant","random_60",500,1500,"csflow","hk01","no_cost_scale",3,0.1647904,0.163954,0.16512555
"base","constant","random_60",500,500,"csflow","hk01","no_cost_scale",3,0.0695556,0.06936206,0.06965072
"base","constant","random_60",500,5000,"csflow","hk01","no_cost_scale",3,0.543014,0.5338248,0.54845435
"base","dbl_uniform","block_4",500,1500,"csflow","jv","default",3,0.009644389,0.0096434255,0.0097369465
"base","dbl_uniform","block_4",500,500,"csflow","jv","default",3,0.006349752,0.00613606,0.0065512465
"base","dbl_uniform","block_4",500,5000,"csflow","jv","default",3,0.03074844,0.03062161,0.031238655
"base","dbl_uniform","none",500,1500,"csflow","jv","default",3,0.02775364,0.02762955,0.0279316
"base","dbl_uniform","none",500,500,"csflow","jv","default",3,0.01969378,0.01965206,0.02007028
"base","dbl_uniform","none",500,5000,"csflow","jv","default",3,0.1011415,0.10054432,0.10151885
"base","dbl_uniform","random_01",500,1500,"csflow","jv","default",3,0.00381628,0.0038149885,0.0038235575
"base","dbl_uniform","random_01",500,500,"csflow","jv","default",3,0.003163642,0.0029973255,0.00368672
"base","dbl_uniform","random_01",500,5000,"csflow","jv","default",3,0.01382762,0.013656935,0.021345215
"base","dbl_uniform","random_05",500,1500,"csflow","jv","default",3,0.005257963,0.005256487,0.005287647
"base","dbl_uniform","random_05",500,500,"csflow","jv","default",3,0.005398265,0.0052075945,0.005770668
"base","dbl_uniform","random_05",500,5000,"csflow","jv","default",3,0.02262856,0.020087195,0.026719865
"base","dbl_uniform","random_25",500,1500,"csflow","jv","default",3,0.01247163,0.012444385,0.012478105
"base","dbl_uniform","random_25",500,500,"csflow","jv","default",3,0.01081068,0.01054875,0.01082642
"base","dbl_uniform","random_25",500,5000,"csflow","jv","default",3,0.04192221,0.04178039,0.041949355
"base","dbl_uniform","random_60",500,1500,"csflow","jv","default",3,0.02299645,0.02298507,0.02316947
"base","dbl_uniform","random_60",500,500,"csflow","jv","default",3,0.01749454,0.017225785,0.01780079
"base","dbl_uniform","random_60",500,5000,"csflow","jv","default",3,0.07505337,0.075026435,0.075217145
"base","heavy_tailed","block_4",500,1500,"csflow","jv","default",3,0.009667226,0.009644553,0.011215613
"base","heavy_tailed","block_4",500,500,"csflow","jv","default",3,0.006260536,0.006053199,0.006546675
"base","heavy_tailed","block_4",500,5000,"csflow","jv","default",3,0.0313135,0.031208725,0.03700043
"base","heavy_tailed","none",500,1500,"csflow","jv","default",3,0.02726676,0.0272347,0.02844789
"base","heavy_tailed","none",500,500,"csflow","jv","default",3,0.02096888,0.0199119,0.02141137
"base","heavy_tailed","none",500,5000,"csflow","jv","default",3,0.09949253,0.099010305,0.099663765
"base","heavy_tailed","random_01",500,1500,"csflow","jv","default",3,0.004842961,0.0043696775,0.0065498525
"base","heavy_tailed","random_01",500,500,"csflow","jv","default",3,0.004025462,0.003765194,0.004412338
"base","heavy_tailed","random_01",500,5000,"csflow","jv","default",3,0.01370577,0.0135807,0.020703565
"base","heavy_tailed","random_05",500,1500,"csflow","jv","default",3,0.009771325,0.007969744,0.009779156
"base","heavy_tailed","random_05",500,500,"csflow","jv","default",3,0.005596254,0.005401873,0.0060378855
"base","heavy_tailed","random_05",500,5000,"csflow","jv","default",3,0.01749273,0.017472375,0.01757051
"base","heavy_tailed","random_25",500,1500,"csflow","jv","default",3,0.01464819,0.01421646,0.015772225
"base","heavy_tailed","random_25",500,500,"csflow","jv","default",3,0.01198012,0.01142828,0.01226107
"base","heavy_tailed","random_25",500,5000,"csflow","jv","default",3,0.04609167,0.04405975,0.04827662
"base","heavy_tailed","random_60",500,1500,"csflow","jv","default",3,0.02394896,0.02366061,0.02458276
"base","heavy_tailed","random_60",500,500,"csflow","jv","default",3,0.01697658,0.01693384,0.01771909
"base","heavy_tailed","random_60",500,5000,"csflow","jv","default",3,0.07488014,0.0746266,0.08056553
"base","int_uniform","block_4",500,1500,"csflow","jv","default",3,0.01223592,0.0109499535,0.01263704
"base","int_uniform","block_4",500,500,"csflow","jv","default",3,0.006012937,0.005771939,0.0064394805
"base","int_uniform","block_4",500,5000,"csflow","jv","default",3,0.03119665,0.030916845,0.033463335
"base","int_uniform","none",500,1500,"csflow","jv","default",3,0.02800394,0.027938485,0.028139815
"base","int_uniform","none",500,500,"csflow","jv","default",3,0.02142861,0.02122656,0.021650135
"base","int_uniform","none",500,5000,"csflow","jv","default",3,0.1045329,0.10302375,0.10483355
"base","int_uniform","random_01",500,1500,"csflow","jv","default",3,0.007873681,0.0064838425,0.0082951405
"base","int_uniform","random_01",500,500,"csflow","jv","default",3,0.003774501,0.003487788,0.0039361435
"base","int_uniform","random_01",500,5000,"csflow","jv","default",3,0.01363086,0.0135398,0.0136695
"base","int_uniform","random_05",500,1500,"csflow","jv","default",3,0.006545814,0.005887026,0.0066209465
"base","int_uniform","random_05",500,500,"csflow","jv","default",3,0.005868986,0.005640985,0.006161398
"base","int_uniform","random_05",500,5000,"csflow","jv","default",3,0.01765075,0.01753398,0.02413211
"base","int_uniform","random_25",500,1500,"csflow","jv","default",3,0.01243899,0.012403055,0.014676055
"base","int_uniform","random_25",500,500,"csflow","jv","default",3,0.01020802,0.0098063,0.01026222
"base","int_uniform","random_25",500,5000,"csflow","jv","default",3,0.04165965,0.041493045,0.04166252
"base","int_uniform","random_60",500,1500,"csflow","jv","default",3,0.02328324,0.02315407,0.023490785
"base","int_uniform","random_60",500,500,"csflow","jv","default",3,0.01651234,0.01639916,0.016863975
"base","int_uniform","random_60",500,5000,"csflow","jv","default",3,0.07536149,0.075186805,0.080073905
"base","metric_clustered","block_4",500,1500,"csflow","jv","default",3,0.00925288,0.00916555,0.0093667575
"base","metric_clustered","block_4",500,500,"csflow","jv","default",3,0.006789764,0.006387103,0.007246217
"base","metric_clustered","block_4",500,5000,"csflow","jv","default",3,0.02979089,0.02964913,0.029807515
"base","metric_clustered","none",500,1500,"csflow","jv","default",3,0.02588847,0.02580452,0.027230235
"base","metric_clustered","none",500,500,"csflow","jv","default",3,0.02398672,0.02356961,0.026493545
"base","metric_clustered","none",500,5000,"csflow","jv","default",3,0.09702314,0.09647421,0.098009375
"base","metric_clustered","random_01",500,1500,"csflow","jv","default",3,0.003841249,0.0038265095,0.003919149
"base","metric_clustered","random_01",500,500,"csflow","jv","default",3,0.004125174,0.003529157,0.0041572155
"base","metric_clustered","random_01",500,5000,"csflow","jv","default",3,0.01341249,0.013403,0.01346686
"base","metric_clustered","random_05",500,1500,"csflow","jv","default",3,0.005404374,0.005375305,0.007546829
"base","metric_clustered","random_05",500,500,"csflow","jv","default",3,0.006988942,0.006694193,0.007744695
"base","metric_clustered","random_05",500,5000,"csflow","jv","default",3,0.01772508,0.017638015,0.01781528
"base","metric_clustered","random_25",500,1500,"csflow","jv","default",3,0.01327527,0.013221435,0.013338615
"base","metric_clustered","random_25",500,500,"csflow","jv","default",3,0.01488501,0.01478413,0.01557629
"base","metric_clustered","random_25",500,5000,"csflow","jv","default",3,0.04300838,0.04253397,0.04631032
"base","metric_clustered","random_60",500,1500,"csflow","jv","default",3,0.02415466,0.024127805,0.0245237
"base","metric_clustered","random_60",500,500,"csflow","jv","default",3,0.02341059,0.02111373,0.023863065
"base","metric_clustered","random_60",500,5000,"csflow","jv","default",3,0.07641576,0.07612601,0.081091605
"base","metric_uniform","block_4",500,1500,"csflow","jv","default",3,0.009660543,0.009613188,0.0108907265
"base","metric_uniform","block_4",500,500,"csflow","jv","default",3,0.005770381,0.005766568,0.0062728155
"base","metric_uniform","block_4",500,5000,"csflow","jv","default",3,0.03088838,0.03088059,0.030930585
"base","metric_uniform","none",500,1500,"csflow","jv","default",3,0.02732146,0.02718747,0.02772121
"base","metric_uniform","none",500,500,"csflow","jv","default",3,0.02262183,0.021853265,0.02367307
"base","metric_uniform","none",500,5000,"csflow","jv","default",3,0.09900414,0.09862872,0.09998812
"base","metric_uniform","random_01",500,1500,"csflow","jv","default",3,0.003873065,0.003854369,0.0038849345
"base","metric_uniform","random_01",500,500,"csflow","jv","default",3,0.003835755,0.0031702225,0.003909842
"base","metric_uniform","random_01",500,5000,"csflow","jv","default",3,0.01355263,0.01347217,0.01381911
"base","metric_uniform","random_05",500,1500,"csflow","jv","default",3,0.005339389,0.0053316195,0.007256221
"base","metric_uniform","random_05",500,500,"csflow","jv","default",3,0.005973659,0.005712899,0.0064266885
"base","metric_uniform","random_05",500,5000,"csflow","jv","default",3,0.01762799,0.0176275,0.017723725
"base","metric_uniform","random_25",500,1500,"csflow","jv","default",3,0.01269147,0.012667075,0.012727695
"base","metric_uniform","random_25",500,500,"csflow","jv","default",3,0.01315153,0.012369905,0.013386645
"base","metric_uniform","random_25",500,5000,"csflow","jv","default",3,0.04170815,0.04160444,0.041790295
"base","metric_uniform","random_60",500,1500,"csflow","jv","default",3,0.02318513,0.023165165,0.0232733
"base","metric_uniform","random_60",500,500,"csflow","jv","default",3,0.01886254,0.01788387,0.019205915
"base","metric_uniform","random_60",500,5000,"csflow","jv","default",3,0.07495952,0.074783345,0.07570818
"base","tied","block_4",500,1500,"csflow","jv","default",3,0.0309142,0.030816645,0.03195624
"base","tied","block_4",500,500,"csflow","jv","default",3,0.01345722,0.01337676,0.013718455
"base","tied","block_4",500,5000,"csflow","jv","default",3,0.09156546,0.09149812,0.09191232
"base","tied","none",500,1500,"csflow","jv","default",3,0.2771536,0.27711505,0.2779357
"base","tied","none",500,500,"csflow","jv","default",3,0.1159747,0.11571815,0.1160267
"base","tied","none",500,5000,"csflow","jv","default",3,0.9371681,0.9365339,0.93834825
"base","tied","random_01",500,1500,"csflow","jv","default",3,0.003884176,0.0038829665,0.0045172775
"base","tied","random_01",500,500,"csflow","jv","default",3,0.003579054,0.0032395125,0.003760479
"base","tied","random_01",500,5000,"csflow","jv","default",3,0.01377903,0.01376628,0.014036125
"base","tied","random_05",500,1500,"csflow","jv","default",3,0.04194882,0.04054896,0.04301146
"base","tied","random_05",500,500,"csflow","jv","default",3,0.02100688,0.02076865,0.021840515
"base","tied","random_05",500,5000,"csflow","jv","default",3,0.111964,0.1098719,0.1129855
"base","tied","random_25",500,1500,"csflow","jv","default",3,0.1184857,0.1167157,0.11888265
"base","tied","random_25",500,500,"csflow","jv","default",3,0.05267368,0.052365115,0.05313446
"base","tied","random_25",500,5000,"csflow","jv","default",3,0.3490699,0.3487494,0.35140895
"base","tied","random_60",500,1500,"csflow","jv","default",3,0.1969276,0.19662585,0.1969856
"base","tied","random_60",500,500,"csflow","jv","default",3,0.08458357,0.084331135,0.084782235
"base","tied","random_60",500,5000,"csflow","jv","default",3,0.6289008,0.6285602,0.63838765
"base","binary","block_4",500,1500,"hk01","hk01","no_cost_scale",3,0.004838287,0.0048093,0.005268254
"base","binary","block_4",500,500,"hk01","hk01","no_cost_scale",3,0.001994322,0.0018480955,0.002563607
"base","binary","block_4",500,5000,"hk01","hk01","no_cost_scale",3,0.01612596,0.01612112,0.01947236
"base","binary","none",500,1500,"hk01","hk01","no_cost_scale",3,0.0108812,0.01086205,0.011498105
"base","binary","none",500,500,"hk01","hk01","no_cost_scale",3,0.00382079,0.003794058,0.0038317575
"base","binary","none",500,5000,"hk01","hk01","no_cost_scale",3,0.03584421,0.03578404,0.036417515
"base","binary","random_01",500,1500,"hk01","hk01","no_cost_scale",3,0.00729431,0.0059308755,0.007304888
"base","binary","random_01",500,500,"hk01","hk01","no_cost_scale",3,0.00548457,0.0051967295,0.006360289
"base","binary","random_01",500,5000,"hk01","hk01","no_cost_scale",3,0.01522478,0.013705175,0.02075172
"base","binary","random_05",500,1500,"hk01","hk01","no_cost_scale",3,0.003991555,0.0039832935,0.0064120925
"base","binary","random_05",500,500,"hk01","hk01","no_cost_scale",3,0.001855291,0.0016451865,0.002419492
"base","binary","random_05",500,5000,"hk01","hk01","no_cost_scale",3,0.02879,0.025309895,0.02882327
"base","binary","random_25",500,1500,"hk01","hk01","no_cost_scale",3,0.009124427,0.0090934925,0.0103521735
"base","binary","random_25",500,500,"hk01","hk01","no_cost_scale",3,0.003928333,0.003347076,0.0040364705
"base","binary","random_25",500,5000,"hk01","hk01","no_cost_scale",3,0.03036124,0.02853104,0.030411955
"base","binary","random_60",500,1500,"hk01","hk01","no_cost_scale",3,0.01246552,0.01244916,0.012785585
"base","binary","random_60",500,500,"hk01","hk01","no_cost_scale",3,0.005196217,0.004748866,0.0052568355
"base","binary","random_60",500,5000,"hk01","hk01","no_cost_scale",3,0.04367968,0.042559395,0.04671585
"base","constant","block_4",500,1500,"hk01","hk01","no_cost_scale",3,0.003567984,0.0035659955,0.0035761635
"base","constant","block_4",500,500,"hk01","hk01","no_cost_scale",3,0.001936758,0.0017467025,0.0020347685
"base","constant","block_4",500,5000,"hk01","hk01","no_cost_scale",3,0.01533265,0.01370587,0.015358005
"base","constant","none",500,1500,"hk01","hk01","no_cost_scale",3,0.004996834,0.004980147,0.00500364
"base","constant","none",500,500,"hk01","hk01","no_cost_scale",3,0.001792971,0.0017724505,0.0021453865
"base","constant","none",500,5000,"hk01","hk01","no_cost_scale",3,0.01690307,0.016796,0.02048602
"base","constant","random_01",500,1500,"hk01","hk01","no_cost_scale",3,0.007206488,0.005187361,0.007613249
"base","constant","random_01",500,500,"hk01","hk01","no_cost_scale",3,0.001483667,0.0013144805,0.002095592
"base","constant","random_01",500,5000,"hk01","hk01","no_cost_scale",3,0.02707919,0.02600501,0.02717966
"base","constant","random_05",500,1500,"hk01","hk01","no_cost_scale",3,0.004981336,0.0048296565,0.0066351735
"base","constant","random_05",500,500,"hk01","hk01","no_cost_scale",3,0.00265885,0.0024121325,0.002659957
"base","constant","random_05",500,5000,"hk01","hk01","no_cost_scale",3,0.01677339,0.01473661,0.02126791
"base","constant","random_25",500,1500,"hk01","hk01","no_cost_scale",3,0.007742112,0.00738861,0.009248821
"base","constant","random_25",500,500,"hk01","hk01","no_cost_scale",3,0.003539366,0.0031388985,0.003641866
"base","constant","random_25",500,5000,"hk01","hk01","no_cost_scale",3,0.02593988,0.02589638,0.02871138
"base","constant","random_60",500,1500,"hk01","hk01","no_cost_scale",3,0.009275758,0.009226435,0.010925764
"base","constant","random_60",500,500,"hk01","hk01","no_cost_scale",3,0.003463926,0.003394226,0.0038614825
"base","constant","random_60",500,5000,"hk01","hk01","no_cost_scale",3,0.0328704,0.031680025,0.03753507
"base","binary","block_4",500,1500,"hungarian","hk01","no_cost_scale",3,0.05317647,0.05264355,0.05375139
"base","binary","block_4",500,500,"hungarian","hk01","no_cost_scale",3,0.01829867,0.017849045,0.01838147
"base","binary","block_4",500,5000,"hungarian","hk01","no_cost_scale",3,0.1776738,0.1763911,0.17909285
"base","binary","none",500,1500,"hungarian","hk01","no_cost_scale",3,0.1955481,0.19484145,0.1962974
"base","binary","none",500,500,"hungarian","hk01","no_cost_scale",3,0.0598616,0.059761005,0.060886885
"base","binary","none",500,5000,"hungarian","hk01","no_cost_scale",3,0.6649826,0.6649492,0.66594245
"base","binary","random_01",500,1500,"hungarian","hk01","no_cost_scale",3,0.01263759,0.012632695,0.013551625
"base","binary","random_01",500,500,"hungarian","hk01","no_cost_scale",3,0.011872,0.01107447,0.01356194
"base","binary","random_01",500,5000,"hungarian","hk01","no_cost_scale",3,0.04371203,0.042072255,0.047109925
"base","binary","random_05",500,1500,"hungarian","hk01","no_cost_scale",3,0.1836879,0.18198085,0.1844319
"base","binary","random_05",500,500,"hungarian","hk01","no_cost_scale",3,0.05749217,0.056909065,0.05767011
"base","binary","random_05",500,5000,"hungarian","hk01","no_cost_scale",3,0.617768,0.617313,0.61968435
"base","binary","random_25",500,1500,"hungarian","hk01","no_cost_scale",3,0.2024531,0.20153565,0.20274045
"base","binary","random_25",500,500,"hungarian","hk01","no_cost_scale",3,0.0619027,0.06183495,0.06232949
"base","binary","random_25",500,5000,"hungarian","hk01","no_cost_scale",3,0.6824143,0.68194085,0.68307035
"base","binary","random_60",500,1500,"hungarian","hk01","no_cost_scale",3,0.2037275,0.2032492,0.20399495
"base","binary","random_60",500,500,"hungarian","hk01","no_cost_scale",3,0.06138717,0.060642835,0.062973685
"base","binary","random_60",500,5000,"hungarian","hk01","no_cost_scale",3,0.6873472,0.68608185,0.6916273
"base","constant","block_4",500,1500,"hungarian","hk01","no_cost_scale",3,0.0522422,0.05212533,0.053520045
"base","constant","block_4",500,500,"hungarian","hk01","no_cost_scale",3,0.0170872,0.017016005,0.01714503
"base","constant","block_4",500,5000,"hungarian","hk01","no_cost_scale",3,0.1757415,0.17410785,0.17586025
"base","constant","none",500,1500,"hungarian","hk01","no_cost_scale",3,0.1910148,0.19092465,0.1918927
"base","constant","none",500,500,"hungarian","hk01","no_cost_scale",3,0.0559427,0.05581402,0.057650265
"base","constant","none",500,5000,"hungarian","hk01","no_cost_scale",3,0.6516957,0.6514477,0.6518752
"base","constant","random_01",500,1500,"hungarian","hk01","no_cost_scale",3,0.1195123,0.11431505,0.12195215
"base","constant","random_01",500,500,"hungarian","hk01","no_cost_scale",3,0.04355143,0.042980895,0.04394054
"base","constant","random_01",500,5000,"hungarian","hk01","no_cost_scale",3,0.3578617,0.354285,0.3675099
"base","constant","random_05",500,1500,"hungarian","hk01","no_cost_scale",3,0.1919217,0.19153685,0.1924035
"base","constant","random_05",500,500,"hungarian","hk01","no_cost_scale",3,0.05924693,0.05884597,0.059494035
"base","constant","random_05",500,5000,"hungarian","hk01","no_cost_scale",3,0.6549442,0.65271075,0.6607775
"base","constant","random_25",500,1500,"hungarian","hk01","no_cost_scale",3,0.1983093,0.19812815,0.19857765
"base","constant","random_25",500,500,"hungarian","hk01","no_cost_scale",3,0.06237638,0.061103695,0.063064585
"base","constant","random_25",500,5000,"hungarian","hk01","no_cost_scale",3,0.6767802,0.67651855,0.67953635
"base","constant","random_60",500,1500,"hungarian","hk01","no_cost_scale",3,0.1988383,0.1980067,0.1990631
"base","constant","random_60",500,500,"hungarian","hk01","no_cost_scale",3,0.06210684,0.06103557,0.062260715
"base","constant","random_60",500,5000,"hungarian","hk01","no_cost_scale",3,0.675675,0.67517005,0.680406
"base","dbl_uniform","block_4",500,1500,"hungarian","jv","default",3,0.004802453,0.004233742,0.0053010335
"base","dbl_uniform","block_4",500,500,"hungarian","jv","default",3,0.00394543,0.003720996,0.0040012925
"base","dbl_uniform","block_4",500,5000,"hungarian","jv","default",3,0.01514458,0.01349714,0.020656495
"base","dbl_uniform","none",500,1500,"hungarian","jv","default",3,0.006238888,0.004993185,0.006584518
"base","dbl_uniform","none",500,500,"hungarian","jv","default",3,0.008143133,0.0078286835,0.0082253585
"base","dbl_uniform","none",500,5000,"hungarian","jv","default",3,0.01140272,0.01126168,0.015158685
"base","dbl_uniform","random_01",500,1500,"hungarian","jv","default",3,0.004985354,0.004977113,0.0053198115
"base","dbl_uniform","random_01",500,500,"hungarian","jv","default",3,0.007309439,0.0065314025,0.00736237
"base","dbl_uniform","random_01",500,5000,"hungarian","jv","default",3,0.01644149,0.01466494,0.022214125
"base","dbl_uniform","random_05",500,1500,"hungarian","jv","default",3,0.008051867,0.006104408,0.0083061695
"base","dbl_uniform","random_05",500,500,"hungarian","jv","default",3,0.007322723,0.0067933105,0.007543959
"base","dbl_uniform","random_05",500,5000,"hungarian","jv","default",3,0.02650707,0.022075405,0.026979555
"base","dbl_uniform","random_25",500,1500,"hungarian","jv","default",3,0.009797442,0.009034063,0.009806257
"base","dbl_uniform","random_25",500,500,"hungarian","jv","default",3,0.008856615,0.0085292505,0.0097680875
"base","dbl_uniform","random_25",500,5000,"hungarian","jv","default",3,0.02828147,0.025915155,0.029927785
"base","dbl_uniform","random_60",500,1500,"hungarian","jv","default",3,0.01126118,0.01103515,0.01136846
"base","dbl_uniform","random_60",500,500,"hungarian","jv","default",3,0.009792358,0.009459479,0.010117469
"base","dbl_uniform","random_60",500,5000,"hungarian","jv","default",3,0.03169177,0.028045535,0.033984305
"base","heavy_tailed","block_4",500,1500,"hungarian","jv","default",3,0.00460143,0.0041474165,0.0046678705
"base","heavy_tailed","block_4",500,500,"hungarian","jv","default",3,0.004842797,0.004544071,0.0049525745
"base","heavy_tailed","block_4",500,5000,"hungarian","jv","default",3,0.02065629,0.017927085,0.022240635
"base","heavy_tailed","none",500,1500,"hungarian","jv","default",3,0.003765399,0.003735674,0.0037973175
"base","heavy_tailed","none",500,500,"hungarian","jv","default",3,0.008750261,0.0079033445,0.0089576185
"base","heavy_tailed","none",500,5000,"hungarian","jv","default",3,0.01845886,0.01483083,0.01858817
"base","heavy_tailed","random_01",500,1500,"hungarian","jv","default",3,0.004967888,0.004343007,0.0060009035
"base","heavy_tailed","random_01",500,500,"hungarian","jv","default",3,0.008534806,0.007980937,0.0085601645
"base","heavy_tailed","random_01",500,5000,"hungarian","jv","default",3,0.01666449,0.01438731,0.017704045
"base","heavy_tailed","random_05",500,1500,"hungarian","jv","default",3,0.0079745,0.007035969,0.0080155205
"base","heavy_tailed","random_05",500,500,"hungarian","jv","default",3,0.008469862,0.008296063,0.009232503
"base","heavy_tailed","random_05",500,5000,"hungarian","jv","default",3,0.0249282,0.022457195,0.02577014
"base","heavy_tailed","random_25",500,1500,"hungarian","jv","default",3,0.009778418,0.0090506475,0.010254754
"base","heavy_tailed","random_25",500,500,"hungarian","jv","default",3,0.0111406,0.0094173915,0.01119552
"base","heavy_tailed","random_25",500,5000,"hungarian","jv","default",3,0.02848409,0.02694274,0.02852747
"base","heavy_tailed","random_60",500,1500,"hungarian","jv","default",3,0.01060133,0.0092811295,0.010643435
"base","heavy_tailed","random_60",500,500,"hungarian","jv","default",3,0.009659108,0.0095238695,0.009781288
"base","heavy_tailed","random_60",500,5000,"hungarian","jv","default",3,0.02693757,0.02685145,0.03077058
"base","int_uniform","block_4",500,1500,"hungarian","jv","default",3,0.005674113,0.0051913175,0.006493498
"base","int_uniform","block_4",500,500,"hungarian","jv","default",3,0.004028127,0.003865439,0.0040301975
"base","int_uniform","block_4",500,5000,"hungarian","jv","default",3,0.02388939,0.019549765,0.025049975
"base","int_uniform","none",500,1500,"hungarian","jv","default",3,0.004832178,0.0048031705,0.004960877
"base","int_uniform","none",500,500,"hungarian","jv","default",3,0.008610123,0.0085394185,0.008966987
"base","int_uniform","none",500,5000,"hungarian","jv","default",3,0.01369589,0.013661285,0.013755935
"base","int_uniform","random_01",500,1500,"hungarian","jv","default",3,0.004947265,0.0043119495,0.0053033705
"base","int_uniform","random_01",500,500,"hungarian","jv","default",3,0.006301946,0.0061782285,0.006316624
"base","int_uniform","random_01",500,5000,"hungarian","jv","default",3,0.01213481,0.012120315,0.018899995
"base","int_uniform","random_05",500,1500,"hungarian","jv","default",3,0.006203464,0.0061082825,0.0071042545
"base","int_uniform","random_05",500,500,"hungarian","jv","default",3,0.007889302,0.0072715755,0.008196802
"base","int_uniform","random_05",500,5000,"hungarian","jv","default",3,0.0258908,0.021747835,0.026284175
"base","int_uniform","random_25",500,1500,"hungarian","jv","default",3,0.009861361,0.0098218165,0.0101904255
"base","int_uniform","random_25",500,500,"hungarian","jv","default",3,0.008072859,0.0079727575,0.00896424
"base","int_uniform","random_25",500,5000,"hungarian","jv","default",3,0.03273005,0.031314935,0.033203315
"base","int_uniform","random_60",500,1500,"hungarian","jv","default",3,0.008848087,0.00839926,0.0098213435
"base","int_uniform","random_60",500,500,"hungarian","jv","default",3,0.009241195,0.0090577815,0.0094681505
"base","int_uniform","random_60",500,5000,"hungarian","jv","default",3,0.03644113,0.036374035,0.036629465
"base","metric_clustered","block_4",500,1500,"hungarian","jv","default",3,0.004826274,0.004354897,0.006166154
"base","metric_clustered","block_4",500,500,"hungarian","jv","default",3,0.006248564,0.0053717175,0.0062622375
"base","metric_clustered","block_4",500,5000,"hungarian","jv","default",3,0.024062,0.024056485,0.02406735
"base","metric_clustered","none",500,1500,"hungarian","jv","default",3,0.003909842,0.003897952,0.003916115
"base","metric_clustered","none",500,500,"hungarian","jv","default",3,0.009797729,0.0093952935,0.0116436295
"base","metric_clustered","none",500,5000,"hungarian","jv","default",3,0.01112162,0.01107539,0.014775415
"base","metric_clustered","random_01",500,1500,"hungarian","jv","default",3,0.005064484,0.005016965,0.0063322655
"base","metric_clustered","random_01",500,500,"hungarian","jv","default",3,0.006679392,0.006017898,0.006930066
"base","metric_clustered","random_01",500,5000,"hungarian","jv","default",3,0.018732,0.018693235,0.022157735
"base","metric_clustered","random_05",500,1500,"hungarian","jv","default",3,0.008038624,0.007207267,0.008075524
"base","metric_clustered","random_05",500,500,"hungarian","jv","default",3,0.009861074,0.009098105,0.011153617
"base","metric_clustered","random_05",500,5000,"hungarian","jv","default",3,0.02680736,0.02233871,0.027935065
"base","metric_clustered","random_25",500,1500,"hungarian","jv","default",3,0.01030867,0.009033632,0.010326485
"base","metric_clustered","random_25",500,500,"hungarian","jv","default",3,0.01380954,0.013509315,0.01472677
"base","metric_clustered","random_25",500,5000,"hungarian","jv","default",3,0.03390466,0.028776135,0.03392916
"base","metric_clustered","random_60",500,1500,"hungarian","jv","default",3,0.01133658,0.0101548175,0.011384755
"base","metric_clustered","random_60",500,500,"hungarian","jv","default",3,0.01442405,0.012578985,0.01480822
"base","metric_clustered","random_60",500,5000,"hungarian","jv","default",3,0.02808816,0.02756088,0.032466855
"base","metric_uniform","block_4",500,1500,"hungarian","jv","default",3,0.00571294,0.0046823025,0.0065090575
"base","metric_uniform","block_4",500,500,"hungarian","jv","default",3,0.004835417,0.004488762,0.005235167
"base","metric_uniform","block_4",500,5000,"hungarian","jv","default",3,0.0186896,0.01537672,0.019698015
"base","metric_uniform","none",500,1500,"hungarian","jv","default",3,0.003883725,0.0037876825,0.0050328935
"base","metric_uniform","none",500,500,"hungarian","jv","default",3,0.009949675,0.008735952,0.0100518075
"base","metric_uniform","none",500,5000,"hungarian","jv","default",3,0.01107488,0.01105198,0.01483345
"base","metric_uniform","random_01",500,1500,"hungarian","jv","default",3,0.005050831,0.00503767,0.0064028675
"base","metric_uniform","random_01",500,500,"hungarian","jv","default",3,0.006416869,0.0063655985,0.0064452615
"base","metric_uniform","random_01",500,5000,"hungarian","jv","default",3,0.02782867,0.020003325,0.027835395
"base","metric_uniform","random_05",500,1500,"hungarian","jv","default",3,0.008138582,0.00676582,0.008305247
"base","metric_uniform","random_05",500,500,"hungarian","jv","default",3,0.007629731,0.007040766,0.0087363415
"base","metric_uniform","random_05",500,5000,"hungarian","jv","default",3,0.02002296,0.01670479,0.02402276
"base","metric_uniform","random_25",500,1500,"hungarian","jv","default",3,0.009850619,0.0086428615,0.0098668755
"base","metric_uniform","random_25",500,500,"hungarian","jv","default",3,0.01085024,0.0103131605,0.011518315
"base","metric_uniform","random_25",500,5000,"hungarian","jv","default",3,0.0317365,0.027690065,0.03267835
"base","metric_uniform","random_60",500,1500,"hungarian","jv","default",3,0.01062097,0.0092884895,0.01075793
"base","metric_uniform","random_60",500,500,"hungarian","jv","default",3,0.009922041,0.0097931985,0.0107807255
"base","metric_uniform","random_60",500,5000,"hungarian","jv","default",3,0.0344587,0.03058227,0.03447143
"base","tied","block_4",500,1500,"hungarian","jv","default",3,0.05447539,0.05355172,0.05481442
"base","tied","block_4",500,500,"hungarian","jv","default",3,0.01734587,0.017327275,0.017984345
"base","tied","block_4",500,5000,"hungarian","jv","default",3,0.1789943,0.1778252,0.1808575
"base","tied","none",500,1500,"hungarian","jv","default",3,0.1988351,0.1986848,0.19941285
"base","tied","none",500,500,"hungarian","jv","default",3,0.06122382,0.060862245,0.06173507
"base","tied","none",500,5000,"hungarian","jv","default",3,0.6819329,0.68148685,0.6828314
"base","tied","random_01",500,1500,"hungarian","jv","default",3,0.005224589,0.0051980825,0.0065930255
"base","tied","random_01",500,500,"hungarian","jv","default",3,0.005120244,0.004866659,0.005321513
"base","tied","random_01",500,5000,"hungarian","jv","default",3,0.02657017,0.020055925,0.027660155
"base","tied","random_05",500,1500,"hungarian","jv","default",3,0.1131274,0.1111574,0.1165919
"base","tied","random_05",500,500,"hungarian","jv","default",3,0.04082378,0.04044812,0.04190333
"base","tied","random_05",500,5000,"hungarian","jv","default",3,0.3819325,0.3689571,0.38199
"base","tied","random_25",500,1500,"hungarian","jv","default",3,0.1994516,0.1985902,0.20082615
"base","tied","random_25",500,500,"hungarian","jv","default",3,0.06295078,0.061813955,0.063203795
"base","tied","random_25",500,5000,"hungarian","jv","default",3,0.6931587,0.6854621,0.69521075
"base","tied","random_60",500,1500,"hungarian","jv","default",3,0.205543,0.2047846,0.2059619
"base","tied","random_60",500,500,"hungarian","jv","default",3,0.064565,0.063936695,0.06477699
"base","tied","random_60",500,5000,"hungarian","jv","default",3,0.6965967,0.69598175,0.7026045
"base","binary","block_4",500,1500,"jv","hk01","no_cost_scale",3,0.05399442,0.05312108,0.054023365
"base","binary","block_4",500,500,"jv","hk01","no_cost_scale",3,0.01760294,0.017538365,0.01796296
"base","binary","block_4",500,5000,"jv","hk01","no_cost_scale",3,0.1783904,0.17684295,0.179677
"base","binary","none",500,1500,"jv","hk01","no_cost_scale",3,0.1959278,0.19504785,0.19633555
"base","binary","none",500,500,"jv","hk01","no_cost_scale",3,0.0591284,0.0582028,0.059582985
"base","binary","none",500,5000,"jv","hk01","no_cost_scale",3,0.6671763,0.66693855,0.66773305
"base","binary","random_01",500,1500,"jv","hk01","no_cost_scale",3,0.01042236,0.010142988,0.013511915
"base","binary","random_01",500,500,"jv","hk01","no_cost_scale",3,0.01093142,0.010592985,0.01307285
"base","binary","random_01",500,5000,"jv","hk01","no_cost_scale",3,0.05495763,0.05457436,0.055094055
"base","binary","random_05",500,1500,"jv","hk01","no_cost_scale",3,0.18324,0.18256235,0.18406745
"base","binary","random_05",500,500,"jv","hk01","no_cost_scale",3,0.05712009,0.05650419,0.057533965
"base","binary","random_05",500,5000,"jv","hk01","no_cost_scale",3,0.6271017,0.622052,0.62801375
"base","binary","random_25",500,1500,"jv","hk01","no_cost_scale",3,0.2032072,0.20301825,0.2034958
"base","binary","random_25",500,500,"jv","hk01","no_cost_scale",3,0.06248613,0.06217867,0.062663785
"base","binary","random_25",500,5000,"jv","hk01","no_cost_scale",3,0.6812284,0.68080995,0.6821859
"base","binary","random_60",500,1500,"jv","hk01","no_cost_scale",3,0.2027247,0.2021215,0.20332685
"base","binary","random_60",500,500,"jv","hk01","no_cost_scale",3,0.06214723,0.06188278,0.06312524
"base","binary","random_60",500,5000,"jv","hk01","no_cost_scale",3,0.6871985,0.6869809,0.689969
"base","constant","block_4",500,1500,"jv","hk01","no_cost_scale",3,0.05140367,0.051367115,0.053448155
"base","constant","block_4",500,500,"jv","hk01","no_cost_scale",3,0.01810097,0.017808945,0.018119295
"base","constant","block_4",500,5000,"jv","hk01","no_cost_scale",3,0.1782206,0.17543845,0.17943435
"base","constant","none",500,1500,"jv","hk01","no_cost_scale",3,0.1908657,0.18999535,0.19191435
"base","constant","none",500,500,"jv","hk01","no_cost_scale",3,0.05757052,0.05737792,0.05844589
"base","constant","none",500,5000,"jv","hk01","no_cost_scale",3,0.6556308,0.6534658,0.6591742
"base","constant","random_01",500,1500,"jv","hk01","no_cost_scale",3,0.1220099,0.1162029,0.1248482
"base","constant","random_01",500,500,"jv","hk01","no_cost_scale",3,0.04329018,0.04324926,0.044290865
"base","constant","random_01",500,5000,"jv","hk01","no_cost_scale",3,0.3728163,0.36046125,0.37344455
"base","constant","random_05",500,1500,"jv","hk01","no_cost_scale",3,0.195617,0.19287225,0.19598985
"base","constant","random_05",500,500,"jv","hk01","no_cost_scale",3,0.05874874,0.0586111,0.058816345
"base","constant","random_05",500,5000,"jv","hk01","no_cost_scale",3,0.6595692,0.65698295,0.6635099
"base","constant","random_25",500,1500,"jv","hk01","no_cost_scale",3,0.2006766,0.20051695,0.2015192
"base","constant","random_25",500,500,"jv","hk01","no_cost_scale",3,0.06281368,0.06140074,0.06288344
"base","constant","random_25",500,5000,"jv","hk01","no_cost_scale",3,0.6848565,0.68099275,0.68636565
"base","constant","random_60",500,1500,"jv","hk01","no_cost_scale",3,0.198991,0.1977528,0.1994236
"base","constant","random_60",500,500,"jv","hk01","no_cost_scale",3,0.06175789,0.06133061,0.06207435
"base","constant","random_60",500,5000,"jv","hk01","no_cost_scale",3,0.6849137,0.68024955,0.68522495
"base","dbl_uniform","block_4",500,1500,"jv","jv","default",3,0.007269177,0.0055369065,0.0072696075
"base","dbl_uniform","block_4",500,500,"jv","jv","default",3,0.004350346,0.004261171,0.004592861
"base","dbl_uniform","block_4",500,5000,"jv","jv","default",3,0.01523634,0.01362666,0.0195873
"base","dbl_uniform","none",500,1500,"jv","jv","default",3,0.004099795,0.00402784,0.0050359275
"base","dbl_uniform","none",500,500,"jv","jv","default",3,0.003923085,0.003871056,0.004106642
"base","dbl_uniform","none",500,5000,"jv","jv","default",3,0.0189363,0.01530241,0.01997352
"base","dbl_uniform","random_01",500,1500,"jv","jv","default",3,0.007723129,0.0067066365,0.007727803
"base","dbl_uniform","random_01",500,500,"jv","jv","default",3,0.006260946,0.0059849545,0.0063167265
"base","dbl_uniform","random_01",500,5000,"jv","jv","default",3,0.01664112,0.01447294,0.02119218
"base","dbl_uniform","random_05",500,1500,"jv","jv","default",3,0.00805117,0.0080390955,0.0080604975
"base","dbl_uniform","random_05",500,500,"jv","jv","default",3,0.007564582,0.007426986,0.0076329495
"base","dbl_uniform","random_05",500,5000,"jv","jv","default",3,0.01365763,0.013583665,0.02016185
"base","dbl_uniform","random_25",500,1500,"jv","jv","default",3,0.009761895,0.0092500305,0.009870012
"base","dbl_uniform","random_25",500,500,"jv","jv","default",3,0.009434428,0.0088138315,0.009533402
"base","dbl_uniform","random_25",500,5000,"jv","jv","default",3,0.03143495,0.02571756,0.0315175
"base","dbl_uniform","random_60",500,1500,"jv","jv","default",3,0.00799951,0.0079159315,0.009307515
"base","dbl_uniform","random_60",500,500,"jv","jv","default",3,0.009838073,0.00912168,0.0101318165
"base","dbl_uniform","random_60",500,5000,"jv","jv","default",3,0.02702482,0.02590513,0.030602585
"base","heavy_tailed","block_4",500,1500,"jv","jv","default",3,0.004660224,0.00463095,0.0059799525
"base","heavy_tailed","block_4",500,500,"jv","jv","default",3,0.004496019,0.0043443395,0.0050837745
"base","heavy_tailed","block_4",500,5000,"jv","jv","default",3,0.01210976,0.01210652,0.018064845
"base","heavy_tailed","none",500,1500,"jv","jv","default",3,0.003788769,0.0037753825,0.003815624
"base","heavy_tailed","none",500,500,"jv","jv","default",3,0.004000329,0.003862733,0.0041463095
"base","heavy_tailed","none",500,5000,"jv","jv","default",3,0.0114948,0.01137172,0.01505557
"base","heavy_tailed","random_01",500,1500,"jv","jv","default",3,0.004996219,0.004986133,0.0050688505
"base","heavy_tailed","random_01",500,500,"jv","jv","default",3,0.008526852,0.0084486445,0.0085489715
"base","heavy_tailed","random_01",500,5000,"jv","jv","default",3,0.01871433,0.015538325,0.02037817
"base","heavy_tailed","random_05",500,1500,"jv","jv","default",3,0.007913533,0.006981808,0.0079603345
"base","heavy_tailed","random_05",500,500,"jv","jv","default",3,0.008739642,0.0081353635,0.009130044
"base","heavy_tailed","random_05",500,5000,"jv","jv","default",3,0.02663249,0.022174705,0.026710965
"base","heavy_tailed","random_25",500,1500,"jv","jv","default",3,0.009669317,0.007953385,0.0097893035
"base","heavy_tailed","random_25",500,500,"jv","jv","default",3,0.0111652,0.0098285805,0.011248635
"base","heavy_tailed","random_25",500,5000,"jv","jv","default",3,0.03153388,0.027556225,0.03157898
"base","heavy_tailed","random_60",500,1500,"jv","jv","default",3,0.01062212,0.0092858255,0.01065859
"base","heavy_tailed","random_60",500,500,"jv","jv","default",3,0.009349394,0.0090482695,0.0095401875
"base","heavy_tailed","random_60",500,5000,"jv","jv","default",3,0.03169325,0.028236435,0.03323292
"base","int_uniform","block_4",500,1500,"jv","jv","default",3,0.004729719,0.004179171,0.0047323635
"base","int_uniform","block_4",500,500,"jv","jv","default",3,0.004380358,0.004375971,0.004968872
"base","int_uniform","block_4",500,5000,"jv","jv","default",3,0.01865336,0.01695891,0.02134507
"base","int_uniform","none",500,1500,"jv","jv","default",3,0.004779288,0.004770063,0.0048073525
"base","int_uniform","none",500,500,"jv","jv","default",3,0.00469286,0.0042481125,0.004795278
"base","int_uniform","none",500,5000,"jv","jv","default",3,0.01416013,0.013980835,0.015777395
"base","int_uniform","random_01",500,1500,"jv","jv","default",3,0.007726819,0.006328145,0.0077268805
"base","int_uniform","random_01",500,500,"jv","jv","default",3,0.006386939,0.0062162355,0.006885212
"base","int_uniform","random_01",500,5000,"jv","jv","default",3,0.01654862,0.0144116,0.0210757
"base","int_uniform","random_05",500,1500,"jv","jv","default",3,0.005352509,0.004708235,0.006723426
"base","int_uniform","random_05",500,500,"jv","jv","default",3,0.007238222,0.007235639,0.007416777
"base","int_uniform","random_05",500,5000,"jv","jv","default",3,0.01779675,0.01555977,0.02237288
"base","int_uniform","random_25",500,1500,"jv","jv","default",3,0.009941106,0.0098330095,0.009961032
"base","int_uniform","random_25",500,500,"jv","jv","default",3,0.00786708,0.0078588185,0.0088600385
"base","int_uniform","random_25",500,5000,"jv","jv","default",3,0.02537543,0.022598315,0.028418925
"base","int_uniform","random_60",500,1500,"jv","jv","default",3,0.009823067,0.0088873855,0.0105618035
"base","int_uniform","random_60",500,500,"jv","jv","default",3,0.0092086,0.0089095665,0.0094467485
"base","int_uniform","random_60",500,5000,"jv","jv","default",3,0.03660037,0.035471705,0.036605125
"base","metric_clustered","block_4",500,1500,"jv","jv","default",3,0.004877114,0.0044145315,0.006158815
"base","metric_clustered","block_4",500,500,"jv","jv","default",3,0.006213837,0.006051436,0.006234255
"base","metric_clustered","block_4",500,5000,"jv","jv","default",3,0.0122811,0.012261235,0.01378336
"base","metric_clustered","none",500,1500,"jv","jv","default",3,0.006182226,0.006111911,0.0061846245
"base","metric_clustered","none",500,500,"jv","jv","default",3,0.006507233,0.0063708055,0.007158805
"base","metric_clustered","none",500,5000,"jv","jv","default",3,0.01858805,0.01486078,0.018689215
"base","metric_clustered","random_01",500,1500,"jv","jv","default",3,0.005006141,0.00498724,0.006402273
"base","metric_clustered","random_01",500,500,"jv","jv","default",3,0.006324127,0.0062886415,0.0064770365
"base","metric_clustered","random_01",500,5000,"jv","jv","default",3,0.0166403,0.014508975,0.02125899
"base","metric_clustered","random_05",500,1500,"jv","jv","default",3,0.004192373,0.0041852595,0.006153731
"base","metric_clustered","random_05",500,500,"jv","jv","default",3,0.008892572,0.008200123,0.010664286
"base","metric_clustered","random_05",500,5000,"jv","jv","default",3,0.01373898,0.01365573,0.0158186
"base","metric_clustered","random_25",500,1500,"jv","jv","default",3,0.007738873,0.007179633,0.0090147515
"base","metric_clustered","random_25",500,500,"jv","jv","default",3,0.01461552,0.013929095,0.014979045
"base","metric_clustered","random_25",500,5000,"jv","jv","default",3,0.02368037,0.021815565,0.024635815
"base","metric_clustered","random_60",500,1500,"jv","jv","default",3,0.01114852,0.01094563,0.011305035
"base","metric_clustered","random_60",500,500,"jv","jv","default",3,0.01422401,0.012458835,0.014543175
"base","metric_clustered","random_60",500,5000,"jv","jv","default",3,0.02708591,0.02606579,0.027104055
"base","metric_uniform","block_4",500,1500,"jv","jv","default",3,0.005631391,0.005154602,0.00643946
"base","metric_uniform","block_4",500,500,"jv","jv","default",3,0.004817377,0.0044807875,0.0050657345
"base","metric_uniform","block_4",500,5000,"jv","jv","default",3,0.01218229,0.01208143,0.01540581
"base","metric_uniform","none",500,1500,"jv","jv","default",3,0.003997951,0.00387942,0.0052314975
"base","metric_uniform","none",500,500,"jv","jv","default",3,0.006088869,0.005174856,0.0062565795
"base","metric_uniform","none",500,5000,"jv","jv","default",3,0.01117443,0.01112894,0.01480176
"base","metric_uniform","random_01",500,1500,"jv","jv","default",3,0.007760275,0.007685532,0.0078507005
"base","metric_uniform","random_01",500,500,"jv","jv","default",3,0.006339215,0.006281241,0.0064354215
"base","metric_uniform","random_01",500,5000,"jv","jv","default",3,0.0158818,0.01414676,0.01626634
"base","metric_uniform","random_05",500,1500,"jv","jv","default",3,0.006159266,0.0058051285,0.0070999495
"base","metric_uniform","random_05",500,500,"jv","jv","default",3,0.007609354,0.007005383,0.0082775105
"base","metric_uniform","random_05",500,5000,"jv","jv","default",3,0.02667591,0.022231365,0.02671566
"base","metric_uniform","random_25",500,1500,"jv","jv","default",3,0.006308014,0.006291901,0.0080835395
"base","metric_uniform","random_25",500,500,"jv","jv","default",3,0.01165318,0.0107182385,0.01192245
"base","metric_uniform","random_25",500,5000,"jv","jv","default",3,0.01992428,0.01990798,0.022792555
"base","metric_uniform","random_60",500,1500,"jv","jv","default",3,0.01076254,0.01068585,0.010833655
"base","metric_uniform","random_60",500,500,"jv","jv","default",3,0.01059542,0.0101159685,0.011116265
"base","metric_uniform","random_60",500,5000,"jv","jv","default",3,0.02465875,0.02463485,0.030660575
"base","tied","block_4",500,1500,"jv","jv","default",3,0.05269824,0.0526383,0.053959545
"base","tied","block_4",500,500,"jv","jv","default",3,0.01811843,0.017787625,0.018329685
"base","tied","block_4",500,5000,"jv","jv","default",3,0.1792497,0.17919425,0.1823337
"base","tied","none",500,1500,"jv","jv","default",3,0.1997178,0.1990519,0.20110995
"base","tied","none",500,500,"jv","jv","default",3,0.05727356,0.05716464,0.05790088
"base","tied","none",500,5000,"jv","jv","default",3,0.6806711,0.6798627,0.68175985
"base","tied","random_01",500,1500,"jv","jv","default",3,0.007893853,0.006574801,0.007914517
"base","tied","random_01",500,500,"jv","jv","default",3,0.005086214,0.0048499105,0.0055319045
"base","tied","random_01",500,5000,"jv","jv","default",3,0.02661892,0.02204625,0.026852865
"base","tied","random_05",500,1500,"jv","jv","default",3,0.1143812,0.1129446,0.11761475
"base","tied","random_05",500,500,"jv","jv","default",3,0.0410321,0.04073844,0.04155075
"base","tied","random_05",500,5000,"jv","jv","default",3,0.3806041,0.37417575,0.38408465
"base","tied","random_25",500,1500,"jv","jv","default",3,0.1984243,0.19796165,0.200138
"base","tied","random_25",500,500,"jv","jv","default",3,0.06270401,0.062406185,0.063332725
"base","tied","random_25",500,5000,"jv","jv","default",3,0.6914816,0.6900442,0.69215905
"base","tied","random_60",500,1500,"jv","jv","default",3,0.2045606,0.20406065,0.2048224
"base","tied","random_60",500,500,"jv","jv","default",3,0.06301688,0.06244589,0.06322104
"base","tied","random_60",500,5000,"jv","jv","default",3,0.6968215,0.69626295,0.69761475
"large","binary","none",1000,10000,"jv","hk01","no_cost_scale",2,5.30310275,5.299566125,5.306639375
"large","binary","none",1500,1500,"jv","hk01","no_cost_scale",2,1.47994575,1.479209375,1.480682125
"large","binary","none",1500,4500,"jv","hk01","no_cost_scale",2,5.082924,5.08157675,5.08427125
"large","binary","random_01",1000,10000,"jv","hk01","no_cost_scale",2,2.99562925,2.983693625,3.007564875
"large","binary","random_01",1500,1500,"jv","hk01","no_cost_scale",2,1.238029,1.2332725,1.2427855
"large","binary","random_01",1500,4500,"jv","hk01","no_cost_scale",2,4.08243075,4.063244375,4.101617125
"large","binary","random_25",1000,10000,"jv","hk01","no_cost_scale",2,5.369652,5.3690435,5.3702605
"large","binary","random_25",1500,1500,"jv","hk01","no_cost_scale",2,1.5102495,1.50964875,1.51085025
"large","binary","random_25",1500,4500,"jv","hk01","no_cost_scale",2,5.14278075,5.142166875,5.143394625
"large","dbl_uniform","none",1000,10000,"jv","jv","default",2,0.0837739125,0.08095080125,0.08659702375
"large","dbl_uniform","none",1500,1500,"jv","jv","default",2,0.051618865,0.049808515,0.053429215
"large","dbl_uniform","none",1500,4500,"jv","jv","default",2,0.0699485425,0.06902271125,0.07087437375
"large","dbl_uniform","random_01",1000,10000,"jv","jv","default",2,0.0949027825,0.08808708625,0.10171847875
"large","dbl_uniform","random_01",1500,1500,"jv","jv","default",2,0.08697416,0.08627878,0.08766954
"large","dbl_uniform","random_01",1500,4500,"jv","jv","default",2,0.07381354,0.0670121775,0.0806149025
"large","dbl_uniform","random_25",1000,10000,"jv","jv","default",2,0.111468275,0.1114158875,0.1115206625
"large","dbl_uniform","random_25",1500,1500,"jv","jv","default",2,0.098942335,0.0920802525,0.1058044175
"large","dbl_uniform","random_25",1500,4500,"jv","jv","default",2,0.0992312175,0.09589840375,0.10256403125
"large","heavy_tailed","none",1000,10000,"jv","jv","default",2,0.0854309425,0.08184965375,0.08901223125
"large","heavy_tailed","none",1500,1500,"jv","jv","default",2,0.0465374075,0.04544796125,0.04762685375
"large","heavy_tailed","none",1500,4500,"jv","jv","default",2,0.05963495,0.059355075,0.059914825
"large","heavy_tailed","random_01",1000,10000,"jv","jv","default",2,0.0858271675,0.08384843625,0.08780589875
"large","heavy_tailed","random_01",1500,1500,"jv","jv","default",2,0.107959725,0.1013735875,0.1145458625
"large","heavy_tailed","random_01",1500,4500,"jv","jv","default",2,0.064358335,0.06321913,0.06549754
"large","heavy_tailed","random_25",1000,10000,"jv","jv","default",2,0.115807975,0.1136512375,0.1179647125
"large","heavy_tailed","random_25",1500,1500,"jv","jv","default",2,0.0999972,0.0986894075,0.1013049925
"large","heavy_tailed","random_25",1500,4500,"jv","jv","default",2,0.10516275,0.1047675425,0.1055579575
"large","int_uniform","none",1000,10000,"jv","jv","default",2,0.0836608175,0.08361322125,0.08370841375
"large","int_uniform","none",1500,1500,"jv","jv","default",2,0.0445951875,0.04415564625,0.04503472875
"large","int_uniform","none",1500,4500,"jv","jv","default",2,0.063699565,0.063653665,0.063745465
"large","int_uniform","random_01",1000,10000,"jv","jv","default",2,0.1019257925,0.09664808875,0.10720349625
"large","int_uniform","random_01",1500,1500,"jv","jv","default",2,0.0872819175,0.08638815375,0.08817568125
"large","int_uniform","random_01",1500,4500,"jv","jv","default",2,0.0571463825,0.05618664875,0.05810611625
"large","int_uniform","random_25",1000,10000,"jv","jv","default",2,0.1124734,0.110766575,0.114180225
"large","int_uniform","random_25",1500,1500,"jv","jv","default",2,0.096889565,0.096689045,0.097090085
"large","int_uniform","random_25",1500,4500,"jv","jv","default",2,0.079333155,0.0791112425,0.0795550675
"large","metric_clustered","none",1000,10000,"jv","jv","default",2,0.0765822275,0.07653328875,0.07663116625
"large","metric_clustered","none",1500,1500,"jv","jv","default",2,0.15123455,0.13845595,0.16401315
"large","metric_clustered","none",1500,4500,"jv","jv","default",2,0.0661087175,0.06220214125,0.07001529375
"large","metric_clustered","random_01",1000,10000,"jv","jv","default",2,0.08230372,0.0818263525,0.0827810875
"large","metric_clustered","random_01",1500,1500,"jv","jv","default",2,0.0907580425,0.08784795125,0.09366813375
"large","metric_clustered","random_01",1500,4500,"jv","jv","default",2,0.068996175,0.0632847925,0.0747075575
"large","metric_clustered","random_25",1000,10000,"jv","jv","default",2,0.112605425,0.1125317375,0.1126791125
"large","metric_clustered","random_25",1500,1500,"jv","jv","default",2,0.15659185,0.152460825,0.160722875
"large","metric_clustered","random_25",1500,4500,"jv","jv","default",2,0.08279249,0.08261616,0.08296882
"base","binary","block_4",500,1500,"lapmod","hk01","no_cost_scale",3,0.05759565,0.05751517,0.057638825
"base","binary","block_4",500,500,"lapmod","hk01","no_cost_scale",3,0.01943548,0.01899192,0.019586215
"base","binary","block_4",500,5000,"lapmod","hk01","no_cost_scale",3,0.1925704,0.19116935,0.1982112
"base","binary","none",500,1500,"lapmod","hk01","no_cost_scale",3,0.2931885,0.2927537,0.2939979
"base","binary","none",500,500,"lapmod","hk01","no_cost_scale",3,0.09466351,0.094273845,0.094975725
"base","binary","none",500,5000,"lapmod","hk01","no_cost_scale",3,0.9968403,0.99670505,0.9970467
"base","binary","random_01",500,1500,"lapmod","hk01","no_cost_scale",3,0.01396903,0.01344638,0.014319805
"base","binary","random_01",500,500,"lapmod","hk01","no_cost_scale",3,0.01167377,0.010482185,0.013262865
"base","binary","random_01",500,5000,"lapmod","hk01","no_cost_scale",3,0.05256672,0.04937132,0.05399231
"base","binary","random_05",500,1500,"lapmod","hk01","no_cost_scale",3,0.1873618,0.18670275,0.1883837
"base","binary","random_05",500,500,"lapmod","hk01","no_cost_scale",3,0.06154276,0.06135609,0.06164438
"base","binary","random_05",500,5000,"lapmod","hk01","no_cost_scale",3,0.618542,0.61530715,0.61992175
"base","binary","random_25",500,1500,"lapmod","hk01","no_cost_scale",3,0.2221406,0.22181645,0.2238601
"base","binary","random_25",500,500,"lapmod","hk01","no_cost_scale",3,0.07205135,0.071935015,0.07248685
"base","binary","random_25",500,5000,"lapmod","hk01","no_cost_scale",3,0.7433819,0.74209995,0.7443429
"base","binary","random_60",500,1500,"lapmod","hk01","no_cost_scale",3,0.2607634,0.26000265,0.26101715
"base","binary","random_60",500,500,"lapmod","hk01","no_cost_scale",3,0.08576528,0.08561858,0.085941435
"base","binary","random_60",500,5000,"lapmod","hk01","no_cost_scale",3,0.8754023,0.87378685,0.87739145
"base","constant","block_4",500,1500,"lapmod","hk01","no_cost_scale",3,0.05583934,0.055819555,0.057400885
"base","constant","block_4",500,500,"lapmod","hk01","no_cost_scale",3,0.01816628,0.01816095,0.0182697
"base","constant","block_4",500,5000,"lapmod","hk01","no_cost_scale",3,0.1906438,0.18870905,0.1906749
"base","constant","none",500,1500,"lapmod","hk01","no_cost_scale",3,0.2889265,0.28841985,0.2896423
"base","constant","none",500,500,"lapmod","hk01","no_cost_scale",3,0.09159273,0.091490495,0.09247306
"base","constant","none",500,5000,"lapmod","hk01","no_cost_scale",3,0.9807889,0.9807179,0.9811523
"base","constant","random_01",500,1500,"lapmod","hk01","no_cost_scale",3,0.1211299,0.115976,0.12333025
"base","constant","random_01",500,500,"lapmod","hk01","no_cost_scale",3,0.04596293,0.045860265,0.04717866
"base","constant","random_01",500,5000,"lapmod","hk01","no_cost_scale",3,0.3527806,0.34632595,0.3586094
"base","constant","random_05",500,1500,"lapmod","hk01","no_cost_scale",3,0.192544,0.1922485,0.1933005
"base","constant","random_05",500,500,"lapmod","hk01","no_cost_scale",3,0.06324111,0.063218085,0.06341907
"base","constant","random_05",500,5000,"lapmod","hk01","no_cost_scale",3,0.6473886,0.64669145,0.65078025
"base","constant","random_25",500,1500,"lapmod","hk01","no_cost_scale",3,0.2229397,0.2207038,0.22305035
"base","constant","random_25",500,500,"lapmod","hk01","no_cost_scale",3,0.0706054,0.070383305,0.07150568
"base","constant","random_25",500,5000,"lapmod","hk01","no_cost_scale",3,0.7336215,0.73354895,0.7351788
"base","constant","random_60",500,1500,"lapmod","hk01","no_cost_scale",3,0.2566003,0.256116,0.25664885
"base","constant","random_60",500,500,"lapmod","hk01","no_cost_scale",3,0.08292693,0.08275883,0.08332264
"base","constant","random_60",500,5000,"lapmod","hk01","no_cost_scale",3,0.8608817,0.8607477,0.86112215
"base","dbl_uniform","block_4",500,1500,"lapmod","jv","default",3,0.004490689,0.004469492,0.006657498
"base","dbl_uniform","block_4",500,500,"lapmod","jv","default",3,0.004320744,0.00429762,0.0045639765
"base","dbl_uniform","block_4",500,5000,"lapmod","jv","default",3,0.02107105,0.017632295,0.024735405
"base","dbl_uniform","none",500,1500,"lapmod","jv","default",3,0.007765195,0.0077073645,0.0079112165
"base","dbl_uniform","none",500,500,"lapmod","jv","default",3,0.01135302,0.01105411,0.01192034
"base","dbl_uniform","none",500,5000,"lapmod","jv","default",3,0.01651275,0.016380195,0.02002981
"base","dbl_uniform","random_01",500,1500,"lapmod","jv","default",3,0.008333988,0.007301239,0.0085707015
"base","dbl_uniform","random_01",500,500,"lapmod","jv","default",3,0.006239626,0.0061967605,0.0064086895
"base","dbl_uniform","random_01",500,5000,"lapmod","jv","default",3,0.02071595,0.019564995,0.025326335
"base","dbl_uniform","random_05",500,1500,"lapmod","jv","default",3,0.009282441,0.008989291,0.0093815175
"base","dbl_uniform","random_05",500,500,"lapmod","jv","default",3,0.007150728,0.0069143835,0.0079760375
"base","dbl_uniform","random_05",500,5000,"lapmod","jv","default",3,0.02804121,0.023954125,0.02952578
"base","dbl_uniform","random_25",500,1500,"lapmod","jv","default",3,0.0107158,0.0095291375,0.0110242
"base","dbl_uniform","random_25",500,500,"lapmod","jv","default",3,0.01055992,0.010493355,0.01155206
"base","dbl_uniform","random_25",500,5000,"lapmod","jv","default",3,0.03030134,0.02966102,0.03360936
"base","dbl_uniform","random_60",500,1500,"lapmod","jv","default",3,0.01241373,0.011269525,0.012420885
"base","dbl_uniform","random_60",500,500,"lapmod","jv","default",3,0.01244485,0.012335155,0.014450715
"base","dbl_uniform","random_60",500,5000,"lapmod","jv","default",3,0.03343923,0.03215136,0.037471865
"base","heavy_tailed","block_4",500,1500,"lapmod","jv","default",3,0.005132995,0.0047621295,0.0065223005
"base","heavy_tailed","block_4",500,500,"lapmod","jv","default",3,0.005489654,0.0053278885,0.0058167315
"base","heavy_tailed","block_4",500,5000,"lapmod","jv","default",3,0.01414307,0.01413569,0.017514195
"base","heavy_tailed","none",500,1500,"lapmod","jv","default",3,0.005357839,0.0052964825,0.0063769555
"base","heavy_tailed","none",500,500,"lapmod","jv","default",3,0.01225646,0.011092428,0.01274153
"base","heavy_tailed","none",500,5000,"lapmod","jv","default",3,0.01616597,0.01615193,0.01628475
"base","heavy_tailed","random_01",500,1500,"lapmod","jv","default",3,0.005249517,0.0047402765,0.0067003225
"base","heavy_tailed","random_01",500,500,"lapmod","jv","default",3,0.008460309,0.007931081,0.008920124
"base","heavy_tailed","random_01",500,5000,"lapmod","jv","default",3,0.01426398,0.01419174,0.02209699
"base","heavy_tailed","random_05",500,1500,"lapmod","jv","default",3,0.008624596,0.0085641005,0.0089955435
"base","heavy_tailed","random_05",500,500,"lapmod","jv","default",3,0.00883919,0.008654116,0.009939935
"base","heavy_tailed","random_05",500,5000,"lapmod","jv","default",3,0.01868321,0.017119245,0.02370003
"base","heavy_tailed","random_25",500,1500,"lapmod","jv","default",3,0.008427263,0.0084206415,0.0099417615
"base","heavy_tailed","random_25",500,500,"lapmod","jv","default",3,0.01339765,0.01153826,0.01354402
"base","heavy_tailed","random_25",500,5000,"lapmod","jv","default",3,0.03680086,0.03016503,0.03681605
"base","heavy_tailed","random_60",500,1500,"lapmod","jv","default",3,0.01313538,0.012844255,0.013246055
"base","heavy_tailed","random_60",500,500,"lapmod","jv","default",3,0.01312517,0.01298741,0.01422735
"base","heavy_tailed","random_60",500,5000,"lapmod","jv","default",3,0.03324354,0.03205753,0.03789759
"base","int_uniform","block_4",500,1500,"lapmod","jv","default",3,0.005208312,0.0049014475,0.0062449765
"base","int_uniform","block_4",500,500,"lapmod","jv","default",3,0.004631729,0.004518692,0.004684127
"base","int_uniform","block_4",500,5000,"lapmod","jv","default",3,0.0142252,0.014211585,0.021289395
"base","int_uniform","none",500,1500,"lapmod","jv","default",3,0.00625414,0.0061973345,0.0062684285
"base","int_uniform","none",500,500,"lapmod","jv","default",3,0.01255555,0.01219102,0.012733205
"base","int_uniform","none",500,5000,"lapmod","jv","default",3,0.01870879,0.018619575,0.01871619
"base","int_uniform","random_01",500,1500,"lapmod","jv","default",3,0.005164811,0.004693844,0.0067337375
"base","int_uniform","random_01",500,500,"lapmod","jv","default",3,0.006240774,0.0061011485,0.0062681005
"base","int_uniform","random_01",500,5000,"lapmod","jv","default",3,0.02012706,0.01933617,0.02383457
"base","int_uniform","random_05",500,1500,"lapmod","jv","default",3,0.008644809,0.0066611265,0.009047839
"base","int_uniform","random_05",500,500,"lapmod","jv","default",3,0.006990131,0.006786238,0.0073420955
"base","int_uniform","random_05",500,5000,"lapmod","jv","default",3,0.01551559,0.01550175,0.023228285
"base","int_uniform","random_25",500,1500,"lapmod","jv","default",3,0.0107823,0.009024365,0.010791445
"base","int_uniform","random_25",500,500,"lapmod","jv","default",3,0.008879698,0.0084236755,0.010342884
"base","int_uniform","random_25",500,5000,"lapmod","jv","default",3,0.02744253,0.0274323,0.03254367
"base","int_uniform","random_60",500,1500,"lapmod","jv","default",3,0.01054823,0.010130934,0.01200812
"base","int_uniform","random_60",500,500,"lapmod","jv","default",3,0.01352242,0.013248105,0.013787955
"base","int_uniform","random_60",500,5000,"lapmod","jv","default",3,0.04023478,0.035957535,0.041443255
"base","metric_clustered","block_4",500,1500,"lapmod","jv","default",3,0.005356527,0.0053200165,0.0053788925
"base","metric_clustered","block_4",500,500,"lapmod","jv","default",3,0.006463035,0.006380666,0.0067831015
"base","metric_clustered","block_4",500,5000,"lapmod","jv","default",3,0.0213628,0.017831165,0.024880785
"base","metric_clustered","none",500,1500,"lapmod","jv","default",3,0.005578173,0.005368458,0.0066606755
"base","metric_clustered","none",500,500,"lapmod","jv","default",3,0.01475336,0.01423192,0.017316555
"base","metric_clustered","none",500,5000,"lapmod","jv","default",3,0.01607606,0.015995,0.01609363
"base","metric_clustered","random_01",500,1500,"lapmod","jv","default",3,0.008169455,0.006718957,0.008187864
"base","metric_clustered","random_01",500,500,"lapmod","jv","default",3,0.00555714,0.0052240765,0.005858572
"base","metric_clustered","random_01",500,5000,"lapmod","jv","default",3,0.02973775,0.02352701,0.029827625
"base","metric_clustered","random_05",500,1500,"lapmod","jv","default",3,0.008676912,0.008669163,0.008681832
"base","metric_clustered","random_05",500,500,"lapmod","jv","default",3,0.008734599,0.008461949,0.0098471745
"base","metric_clustered","random_05",500,5000,"lapmod","jv","default",3,0.02431591,0.019977475,0.027890555
"base","metric_clustered","random_25",500,1500,"lapmod","jv","default",3,0.01104487,0.010954525,0.011254175
"base","metric_clustered","random_25",500,500,"lapmod","jv","default",3,0.01733755,0.016523885,0.01805433
"base","metric_clustered","random_25",500,5000,"lapmod","jv","default",3,0.03772832,0.03743919,0.03781348
"base","metric_clustered","random_60",500,1500,"lapmod","jv","default",3,0.0128025,0.011435435,0.013093925
"base","metric_clustered","random_60",500,500,"lapmod","jv","default",3,0.02165345,0.01864487,0.021916505
"base","metric_clustered","random_60",500,5000,"lapmod","jv","default",3,0.042445,0.03797627,0.04251132
"base","metric_uniform","block_4",500,1500,"lapmod","jv","default",3,0.008690483,0.0075526305,0.008695772
"base","metric_uniform","block_4",500,500,"lapmod","jv","default",3,0.005412,0.0053222715,0.0057324765
"base","metric_uniform","block_4",500,5000,"lapmod","jv","default",3,0.01609242,0.015112725,0.02211337
"base","metric_uniform","none",500,1500,"lapmod","jv","default",3,0.008028948,0.006636383,0.008173924
"base","metric_uniform","none",500,500,"lapmod","jv","default",3,0.0140532,0.012648765,0.014791835
"base","metric_uniform","none",500,5000,"lapmod","jv","default",3,0.02558556,0.025334925,0.02561272
"base","metric_uniform","random_01",500,1500,"lapmod","jv","default",3,0.00808192,0.006191738,0.008350265
"base","metric_uniform","random_01",500,500,"lapmod","jv","default",3,0.006255042,0.0062130785,0.0064699025
"base","metric_uniform","random_01",500,5000,"lapmod","jv","default",3,0.02746729,0.022922095,0.0285434
"base","metric_uniform","random_05",500,1500,"lapmod","jv","default",3,0.008587614,0.008541366,0.0086162935
"base","metric_uniform","random_05",500,500,"lapmod","jv","default",3,0.007706442,0.0070434105,0.0087794735
"base","metric_uniform","random_05",500,5000,"lapmod","jv","default",3,0.03074406,0.03052235,0.03077858
"base","metric_uniform","random_25",500,1500,"lapmod","jv","default",3,0.01114429,0.01096803,0.01121237
"base","metric_uniform","random_25",500,500,"lapmod","jv","default",3,0.01295428,0.011630285,0.013802895
"base","metric_uniform","random_25",500,5000,"lapmod","jv","default",3,0.03751488,0.034424075,0.03754981
"base","metric_uniform","random_60",500,1500,"lapmod","jv","default",3,0.01232005,0.01123283,0.012445365
"base","metric_uniform","random_60",500,500,"lapmod","jv","default",3,0.01539509,0.013790535,0.015996275
"base","metric_uniform","random_60",500,5000,"lapmod","jv","default",3,0.04293967,0.03798111,0.042948815
"base","tied","block_4",500,1500,"lapmod","jv","default",3,0.05826555,0.05794278,0.05848496
"base","tied","block_4",500,500,"lapmod","jv","default",3,0.01916024,0.01914046,0.019408455
"base","tied","block_4",500,5000,"lapmod","jv","default",3,0.1976486,0.19589655,0.20034495
"base","tied","none",500,1500,"lapmod","jv","default",3,0.2990374,0.29883465,0.29940175
"base","tied","none",500,500,"lapmod","jv","default",3,0.09769906,0.097457245,0.097768825
"base","tied","none",500,5000,"lapmod","jv","default",3,1.024544,1.019811,1.026184
"base","tied","random_01",500,1500,"lapmod","jv","default",3,0.008447558,0.0069413,0.0087486825
"base","tied","random_01",500,500,"lapmod","jv","default",3,0.004619962,0.004350264,0.005355912
"base","tied","random_01",500,5000,"lapmod","jv","default",3,0.02411472,0.019777105,0.024742985
"base","tied","random_05",500,1500,"lapmod","jv","default",3,0.1167867,0.11536755,0.12064645
"base","tied","random_05",500,500,"lapmod","jv","default",3,0.04401124,0.04400409,0.04536375
"base","tied","random_05",500,5000,"lapmod","jv","default",3,0.3809762,0.3689211,0.39173015
"base","tied","random_25",500,1500,"lapmod","jv","default",3,0.2222712,0.22213845,0.2232561
"base","tied","random_25",500,500,"lapmod","jv","default",3,0.07350107,0.07341093,0.07359781
"base","tied","random_25",500,5000,"lapmod","jv","default",3,0.7440445,0.74344765,0.7460714
"base","tied","random_60",500,1500,"lapmod","jv","default",3,0.2625618,0.2624196,0.2641185
"base","tied","random_60",500,500,"lapmod","jv","default",3,0.08613821,0.08599295,0.08615203
"base","tied","random_60",500,5000,"lapmod","jv","default",3,0.8893252,0.88910735,0.89107095
"large","binary","none",1000,10000,"lapmod","hk01","no_cost_scale",2,7.9478185,7.9477655,7.9478715
"large","binary","none",1500,1500,"lapmod","hk01","no_cost_scale",2,2.51293925,2.512543375,2.513335125
"large","binary","none",1500,4500,"lapmod","hk01","no_cost_scale",2,7.84878325,7.847983875,7.849582625
"large","binary","random_01",1000,10000,"lapmod","hk01","no_cost_scale",2,2.87695225,2.867249125,2.886655375
"large","binary","random_01",1500,1500,"lapmod","hk01","no_cost_scale",2,1.37197875,1.364358125,1.379599375
"large","binary","random_01",1500,4500,"lapmod","hk01","no_cost_scale",2,4.0614275,4.04315175,4.07970325
"large","binary","random_25",1000,10000,"lapmod","hk01","no_cost_scale",2,5.95605575,5.955513625,5.956597875
"large","binary","random_25",1500,1500,"lapmod","hk01","no_cost_scale",2,1.89157575,1.891133125,1.892018375
"large","binary","random_25",1500,4500,"lapmod","hk01","no_cost_scale",2,5.7860765,5.78557175,5.78658125
"large","dbl_uniform","none",1000,10000,"lapmod","jv","default",2,0.104732055,0.1015689075,0.1078952025
"large","dbl_uniform","none",1500,1500,"lapmod","jv","default",2,0.163677575,0.1631768375,0.1641783125
"large","dbl_uniform","none",1500,4500,"lapmod","jv","default",2,0.0786829675,0.07815951625,0.07920641875
"large","dbl_uniform","random_01",1000,10000,"lapmod","jv","default",2,0.0968249075,0.09294998625,0.10069982875
"large","dbl_uniform","random_01",1500,1500,"lapmod","jv","default",2,0.0864580725,0.08131571875,0.09160042625
"large","dbl_uniform","random_01",1500,4500,"lapmod","jv","default",2,0.08173024,0.079653405,0.083807075
"large","dbl_uniform","random_25",1000,10000,"lapmod","jv","default",2,0.135531,0.1297529,0.1413091
"large","dbl_uniform","random_25",1500,1500,"lapmod","jv","default",2,0.128270875,0.1207411625,0.1358005875
"large","dbl_uniform","random_25",1500,4500,"lapmod","jv","default",2,0.0946494725,0.09295298125,0.09634596375
"large","heavy_tailed","none",1000,10000,"lapmod","jv","default",2,0.098969925,0.0985531825,0.0993866675
"large","heavy_tailed","none",1500,1500,"lapmod","jv","default",2,0.141507975,0.1406213125,0.1423946375
"large","heavy_tailed","none",1500,4500,"lapmod","jv","default",2,0.072192605,0.07177116,0.07261405
"large","heavy_tailed","random_01",1000,10000,"lapmod","jv","default",2,0.0934180925,0.09186974625,0.09496643875
"large","heavy_tailed","random_01",1500,1500,"lapmod","jv","default",2,0.1083526075,0.10198671125,0.11471850375
"large","heavy_tailed","random_01",1500,4500,"lapmod","jv","default",2,0.0936770875,0.09329270375,0.09406147125
"large","heavy_tailed","random_25",1000,10000,"lapmod","jv","default",2,0.127371875,0.1258867875,0.1288569625
"large","heavy_tailed","random_25",1500,1500,"lapmod","jv","default",2,0.124449575,0.1235701625,0.1253289875
"large","heavy_tailed","random_25",1500,4500,"lapmod","jv","default",2,0.10138273,0.096120995,0.106644465
"large","int_uniform","none",1000,10000,"lapmod","jv","default",2,0.1033247475,0.10331528125,0.10333421375
"large","int_uniform","none",1500,1500,"lapmod","jv","default",2,0.13110975,0.129171625,0.133047875
"large","int_uniform","none",1500,4500,"lapmod","jv","default",2,0.0767342475,0.07654664125,0.07692185375
"large","int_uniform","random_01",1000,10000,"lapmod","jv","default",2,0.101870705,0.0958272975,0.1079141125
"large","int_uniform","random_01",1500,1500,"lapmod","jv","default",2,0.0856195625,0.08389000875,0.08734911625
"large","int_uniform","random_01",1500,4500,"lapmod","jv","default",2,0.0731957025,0.06694391875,0.07944748625
"large","int_uniform","random_25",1000,10000,"lapmod","jv","default",2,0.1399043,0.13515545,0.14465315
"large","int_uniform","random_25",1500,1500,"lapmod","jv","default",2,0.122091675,0.1217843875,0.1223989625
"large","int_uniform","random_25",1500,4500,"lapmod","jv","default",2,0.105265175,0.1012222125,0.1093081375
"large","metric_clustered","none",1000,10000,"lapmod","jv","default",2,0.0976264125,0.09754300625,0.09770981875
"large","metric_clustered","none",1500,1500,"lapmod","jv","default",2,0.304848775,0.2841969625,0.3255005875
"large","metric_clustered","none",1500,4500,"lapmod","jv","default",2,0.0770499775,0.07559129375,0.07850866125
"large","metric_clustered","random_01",1000,10000,"lapmod","jv","default",2,0.10847421,0.105932055,0.111016365
"large","metric_clustered","random_01",1500,1500,"lapmod","jv","default",2,0.089366675,0.0863494025,0.0923839475
"large","metric_clustered","random_01",1500,4500,"lapmod","jv","default",2,0.0787396475,0.07089646625,0.08658282875
"large","metric_clustered","random_25",1000,10000,"lapmod","jv","default",2,0.146939375,0.1436682125,0.1502105375
"large","metric_clustered","random_25",1500,1500,"lapmod","jv","default",2,0.181337925,0.1729469625,0.1897288875
"large","metric_clustered","random_25",1500,4500,"lapmod","jv","default",2,0.105397685,0.0998615525,0.1109338175
"base","binary","block_4",500,1500,"network_simplex","hk01","no_cost_scale",3,0.03602842,0.03376405,0.037557455
"base","binary","block_4",500,500,"network_simplex","hk01","no_cost_scale",3,0.005115037,0.005113643,0.0055173085
"base","binary","block_4",500,5000,"network_simplex","hk01","no_cost_scale",3,0.1876587,0.184205,0.1929056
"base","binary","none",500,1500,"network_simplex","hk01","no_cost_scale",3,0.02445597,0.023332405,0.030076825
"base","binary","none",500,500,"network_simplex","hk01","no_cost_scale",3,0.004951283,0.0041842345,0.0049867275
"base","binary","none",500,5000,"network_simplex","hk01","no_cost_scale",3,0.1111401,0.103998225,0.11634065
"base","binary","random_01",500,1500,"network_simplex","hk01","no_cost_scale",3,0.03448453,0.03351662,0.036091685
"base","binary","random_01",500,500,"network_simplex","hk01","no_cost_scale",3,0.02502201,0.02203842,0.02598346
"base","binary","random_01",500,5000,"network_simplex","hk01","no_cost_scale",3,0.2088936,0.20337145,0.21729635
"base","binary","random_05",500,1500,"network_simplex","hk01","no_cost_scale",3,0.03361889,0.03278276,0.03482536
"base","binary","random_05",500,500,"network_simplex","hk01","no_cost_scale",3,0.01016464,0.009368624,0.01050219
"base","binary","random_05",500,5000,"network_simplex","hk01","no_cost_scale",3,0.2036595,0.20284695,0.20790195
"base","binary","random_25",500,1500,"network_simplex","hk01","no_cost_scale",3,0.03789929,0.035976105,0.03851306
"base","binary","random_25",500,500,"network_simplex","hk01","no_cost_scale",3,0.008411601,0.0075969515,0.008524105
"base","binary","random_25",500,5000,"network_simplex","hk01","no_cost_scale",3,0.1843517,0.1842393,0.1949594
"base","binary","random_60",500,1500,"network_simplex","hk01","no_cost_scale",3,0.04099004,0.040499125,0.04221856
"base","binary","random_60",500,500,"network_simplex","hk01","no_cost_scale",3,0.007669747,0.0072775,0.007976796
"base","binary","random_60",500,5000,"network_simplex","hk01","no_cost_scale",3,0.1820256,0.17878715,0.18544735
"base","constant","block_4",500,1500,"network_simplex","hk01","no_cost_scale",3,0.01898103,0.01853372,0.019048825
"base","constant","block_4",500,500,"network_simplex","hk01","no_cost_scale",3,0.003566672,0.0034730895,0.004066667
"base","constant","block_4",500,5000,"network_simplex","hk01","no_cost_scale",3,0.1051944,0.10427015,0.10832815
"base","constant","none",500,1500,"network_simplex","hk01","no_cost_scale",3,0.009143984,0.0090822585,0.009174447
"base","constant","none",500,500,"network_simplex","hk01","no_cost_scale",3,0.003113048,0.00309919,0.0034557875
"base","constant","none",500,5000,"network_simplex","hk01","no_cost_scale",3,0.03614667,0.03590116,0.036579035
"base","constant","random_01",500,1500,"network_simplex","hk01","no_cost_scale",3,0.0230641,0.022605575,0.024980745
"base","constant","random_01",500,500,"network_simplex","hk01","no_cost_scale",3,0.00381341,0.003785899,0.003866997
"base","constant","random_01",500,5000,"network_simplex","hk01","no_cost_scale",3,0.1544493,0.15125525,0.15474615
"base","constant","random_05",500,1500,"network_simplex","hk01","no_cost_scale",3,0.02593791,0.02567258,0.026489215
"base","constant","random_05",500,500,"network_simplex","hk01","no_cost_scale",3,0.00498642,0.004558872,0.0050868495
"base","constant","random_05",500,5000,"network_simplex","hk01","no_cost_scale",3,0.1479075,0.1457642,0.15173285
"base","constant","random_25",500,1500,"network_simplex","hk01","no_cost_scale",3,0.02777274,0.026178455,0.027795455
"base","constant","random_25",500,500,"network_simplex","hk01","no_cost_scale",3,0.004865142,0.0048182995,0.0053149735
"base","constant","random_25",500,5000,"network_simplex","hk01","no_cost_scale",3,0.1378032,0.13191755,0.1384102
"base","constant","random_60",500,1500,"network_simplex","hk01","no_cost_scale",3,0.02916297,0.02684405,0.030412755
"base","constant","random_60",500,500,"network_simplex","hk01","no_cost_scale",3,0.006077102,0.005524504,0.006087516
"base","constant","random_60",500,5000,"network_simplex","hk01","no_cost_scale",3,0.1184241,0.11073685,0.13461105
"base","dbl_uniform","block_4",500,1500,"network_simplex","jv","default",3,0.09684466,0.09626896,0.10027908
"base","dbl_uniform","block_4",500,500,"network_simplex","jv","default",3,0.02915162,0.02839232,0.029184295
"base","dbl_uniform","block_4",500,5000,"network_simplex","jv","default",3,0.5569922,0.5462325,0.5638641
"base","dbl_uniform","none",500,1500,"network_simplex","jv","default",3,0.1006473,0.0989516,0.1242625
"base","dbl_uniform","none",500,500,"network_simplex","jv","default",3,0.09488364,0.08726397,0.10033862
"base","dbl_uniform","none",500,5000,"network_simplex","jv","default",3,0.5755137,0.5711906,0.6020012
"base","dbl_uniform","random_01",500,1500,"network_simplex","jv","default",3,0.07344576,0.069838065,0.07868148
"base","dbl_uniform","random_01",500,500,"network_simplex","jv","default",3,0.04565912,0.044613495,0.047117345
"base","dbl_uniform","random_01",500,5000,"network_simplex","jv","default",3,0.3200756,0.31968905,0.3209675
"base","dbl_uniform","random_05",500,1500,"network_simplex","jv","default",3,0.1038541,0.101599555,0.11318245
"base","dbl_uniform","random_05",500,500,"network_simplex","jv","default",3,0.08947487,0.087411405,0.09257482
"base","dbl_uniform","random_05",500,5000,"network_simplex","jv","default",3,0.4714072,0.4711086,0.5555653
"base","dbl_uniform","random_25",500,1500,"network_simplex","jv","default",3,0.1180711,0.11173115,0.16266245
"base","dbl_uniform","random_25",500,500,"network_simplex","jv","default",3,0.08763721,0.084253665,0.094047905
"base","dbl_uniform","random_25",500,5000,"network_simplex","jv","default",3,0.613106,0.61130655,0.63462085
"base","dbl_uniform","random_60",500,1500,"network_simplex","jv","default",3,0.1212818,0.12015625,0.13333685
"base","dbl_uniform","random_60",500,500,"network_simplex","jv","default",3,0.1019649,0.08962698,0.10268005
"base","dbl_uniform","random_60",500,5000,"network_simplex","jv","default",3,0.7163153,0.6768508,0.72748765
"base","heavy_tailed","block_4",500,1500,"network_simplex","jv","default",3,0.1108666,0.10568955,0.11355205
"base","heavy_tailed","block_4",500,500,"network_simplex","jv","default",3,0.0308559,0.02932295,0.032025365
"base","heavy_tailed","block_4",500,5000,"network_simplex","jv","default",3,0.6840838,0.6683055,0.6971849
"base","heavy_tailed","none",500,1500,"network_simplex","jv","default",3,0.1133294,0.10969645,0.132662
"base","heavy_tailed","none",500,500,"network_simplex","jv","default",3,0.09117961,0.08978596,0.094874735
"base","heavy_tailed","none",500,5000,"network_simplex","jv","default",3,0.7906329,0.74598125,0.8130147
"base","heavy_tailed","random_01",500,1500,"network_simplex","jv","default",3,0.08507529,0.07521243,0.092121425
"base","heavy_tailed","random_01",500,500,"network_simplex","jv","default",3,0.03955131,0.03892811,0.040932415
"base","heavy_tailed","random_01",500,5000,"network_simplex","jv","default",3,0.3303412,0.3254545,0.33120135
"base","heavy_tailed","random_05",500,1500,"network_simplex","jv","default",3,0.1069147,0.097792985,0.110169
"base","heavy_tailed","random_05",500,500,"network_simplex","jv","default",3,0.07218132,0.071589815,0.073326655
"base","heavy_tailed","random_05",500,5000,"network_simplex","jv","default",3,0.5398788,0.5328658,0.5791454
"base","heavy_tailed","random_25",500,1500,"network_simplex","jv","default",3,0.1380779,0.13293815,0.15185325
"base","heavy_tailed","random_25",500,500,"network_simplex","jv","default",3,0.09722736,0.092861575,0.09893718
"base","heavy_tailed","random_25",500,5000,"network_simplex","jv","default",3,0.6917653,0.6830369,0.74856675
"base","heavy_tailed","random_60",500,1500,"network_simplex","jv","default",3,0.1682548,0.1619984,0.1875783
"base","heavy_tailed","random_60",500,500,"network_simplex","jv","default",3,0.08842786,0.08770095,0.09000234
"base","heavy_tailed","random_60",500,5000,"network_simplex","jv","default",3,0.7412959,0.74075845,0.7559877
"base","int_uniform","block_4",500,1500,"network_simplex","jv","default",3,0.09119122,0.090692965,0.09288577
"base","int_uniform","block_4",500,500,"network_simplex","jv","default",3,0.03070826,0.02981805,0.03117437
"base","int_uniform","block_4",500,5000,"network_simplex","jv","default",3,0.5415554,0.54132415,0.55534185
"base","int_uniform","none",500,1500,"network_simplex","jv","default",3,0.09117121,0.089959595,0.095952355
"base","int_uniform","none",500,500,"network_simplex","jv","default",3,0.09771801,0.09167231,0.098813445
"base","int_uniform","none",500,5000,"network_simplex","jv","default",3,0.5691403,0.5647015,0.65649435
"base","int_uniform","random_01",500,1500,"network_simplex","jv","default",3,0.06561308,0.061230835,0.0763411
"base","int_uniform","random_01",500,500,"network_simplex","jv","default",3,0.04645743,0.04558669,0.049479275
"base","int_uniform","random_01",500,5000,"network_simplex","jv","default",3,0.3154134,0.31375265,0.3155843
"base","int_uniform","random_05",500,1500,"network_simplex","jv","default",3,0.1110699,0.10407413,0.11580825
"base","int_uniform","random_05",500,500,"network_simplex","jv","default",3,0.08859633,0.085895905,0.100753565
"base","int_uniform","random_05",500,5000,"network_simplex","jv","default",3,0.4636995,0.4597457,0.4937636
"base","int_uniform","random_25",500,1500,"network_simplex","jv","default",3,0.1071877,0.10470035,0.13437065
"base","int_uniform","random_25",500,500,"network_simplex","jv","default",3,0.1054293,0.099625435,0.10634595
"base","int_uniform","random_25",500,5000,"network_simplex","jv","default",3,0.62643,0.6155336,0.6438481
"base","int_uniform","random_60",500,1500,"network_simplex","jv","default",3,0.1337363,0.12815585,0.14987535
"base","int_uniform","random_60",500,500,"network_simplex","jv","default",3,0.08767141,0.087101325,0.097366455
"base","int_uniform","random_60",500,5000,"network_simplex","jv","default",3,0.656532,0.65513735,0.7141169
"base","metric_clustered","block_4",500,1500,"network_simplex","jv","default",3,0.08646798,0.08524536,0.09179074
"base","metric_clustered","block_4",500,500,"network_simplex","jv","default",3,0.02023346,0.020221755,0.02208297
"base","metric_clustered","block_4",500,5000,"network_simplex","jv","default",3,0.6064879,0.59885745,0.61137585
"base","metric_clustered","none",500,1500,"network_simplex","jv","default",3,0.09963619,0.099315245,0.106210495
"base","metric_clustered","none",500,500,"network_simplex","jv","default",3,0.03549259,0.035198665,0.037452025
"base","metric_clustered","none",500,5000,"network_simplex","jv","default",3,0.621705,0.613706,0.64678875
"base","metric_clustered","random_01",500,1500,"network_simplex","jv","default",3,0.08757022,0.08739273,0.13935086
"base","metric_clustered","random_01",500,500,"network_simplex","jv","default",3,0.05195327,0.04716806,0.054378485
"base","metric_clustered","random_01",500,5000,"network_simplex","jv","default",3,0.316008,0.3145037,0.3216845
"base","metric_clustered","random_05",500,1500,"network_simplex","jv","default",3,0.09155243,0.08737945,0.101205965
"base","metric_clustered","random_05",500,500,"network_simplex","jv","default",3,0.07147583,0.06878775,0.074881065
"base","metric_clustered","random_05",500,5000,"network_simplex","jv","default",3,0.4880433,0.47881425,0.5182671
"base","metric_clustered","random_25",500,1500,"network_simplex","jv","default",3,0.1147707,0.1120992,0.1161837
"base","metric_clustered","random_25",500,500,"network_simplex","jv","default",3,0.05328754,0.052892935,0.053476815
"base","metric_clustered","random_25",500,5000,"network_simplex","jv","default",3,0.6672227,0.66016485,0.6693723
"base","metric_clustered","random_60",500,1500,"network_simplex","jv","default",3,0.1196492,0.11770175,0.1210585
"base","metric_clustered","random_60",500,500,"network_simplex","jv","default",3,0.03966594,0.03801475,0.039717335
"base","metric_clustered","random_60",500,5000,"network_simplex","jv","default",3,0.6683756,0.66672525,0.67150625
"base","metric_uniform","block_4",500,1500,"network_simplex","jv","default",3,0.09079803,0.08739388,0.09332902
"base","metric_uniform","block_4",500,500,"network_simplex","jv","default",3,0.02762404,0.02615298,0.02811606
"base","metric_uniform","block_4",500,5000,"network_simplex","jv","default",3,0.5158413,0.5110333,0.5196547
"base","metric_uniform","none",500,1500,"network_simplex","jv","default",3,0.1151942,0.103878105,0.17920525
"base","metric_uniform","none",500,500,"network_simplex","jv","default",3,0.06876286,0.067259845,0.0810309
"base","metric_uniform","none",500,5000,"network_simplex","jv","default",3,0.5794968,0.55252785,0.6097841
"base","metric_uniform","random_01",500,1500,"network_simplex","jv","default",3,0.1047229,0.1033854,0.10702125
"base","metric_uniform","random_01",500,500,"network_simplex","jv","default",3,0.05707266,0.05276085,0.06145314
"base","metric_uniform","random_01",500,5000,"network_simplex","jv","default",3,0.3305187,0.3267809,0.33425075
"base","metric_uniform","random_05",500,1500,"network_simplex","jv","default",3,0.2691562,0.18112138,0.29815505
"base","metric_uniform","random_05",500,500,"network_simplex","jv","default",3,0.09595439,0.09447271,0.09703718
"base","metric_uniform","random_05",500,5000,"network_simplex","jv","default",3,0.5143199,0.50692875,0.54159765
"base","metric_uniform","random_25",500,1500,"network_simplex","jv","default",3,0.1363352,0.1277382,0.1670005
"base","metric_uniform","random_25",500,500,"network_simplex","jv","default",3,0.08843606,0.08705364,0.09245328
"base","metric_uniform","random_25",500,5000,"network_simplex","jv","default",3,0.6364595,0.6344171,0.68567545
"base","metric_uniform","random_60",500,1500,"network_simplex","jv","default",3,0.2203066,0.1827343,0.25188495
"base","metric_uniform","random_60",500,500,"network_simplex","jv","default",3,0.08027111,0.0786708,0.08028468
"base","metric_uniform","random_60",500,5000,"network_simplex","jv","default",3,0.6168336,0.60723725,0.65435715
"base","tied","block_4",500,1500,"network_simplex","jv","default",3,0.03204031,0.031703105,0.032508615
"base","tied","block_4",500,500,"network_simplex","jv","default",3,0.006382142,0.0063323885,0.0065613735
"base","tied","block_4",500,5000,"network_simplex","jv","default",3,0.2267746,0.2220521,0.22688005
"base","tied","none",500,1500,"network_simplex","jv","default",3,0.02250027,0.02248803,0.023106125
"base","tied","none",500,500,"network_simplex","jv","default",3,0.006633144,0.0061738415,0.0069403365
"base","tied","none",500,5000,"network_simplex","jv","default",3,0.1329685,0.1322012,0.135323
"base","tied","random_01",500,1500,"network_simplex","jv","default",3,0.03900396,0.03844203,0.040257285
"base","tied","random_01",500,500,"network_simplex","jv","default",3,0.03366125,0.03300619,0.03612535
"base","tied","random_01",500,5000,"network_simplex","jv","default",3,0.2391731,0.23873755,0.23934365
"base","tied","random_05",500,1500,"network_simplex","jv","default",3,0.04075371,0.039871885,0.041817315
"base","tied","random_05",500,500,"network_simplex","jv","default",3,0.02945522,0.028965925,0.03013422
"base","tied","random_05",500,5000,"network_simplex","jv","default",3,0.2916929,0.27908355,0.2920791
"base","tied","random_25",500,1500,"network_simplex","jv","default",3,0.03763111,0.037370615,0.03808416
"base","tied","random_25",500,500,"network_simplex","jv","default",3,0.009255012,0.009131807,0.009976121
"base","tied","random_25",500,5000,"network_simplex","jv","default",3,0.2391898,0.23252405,0.2407303
"base","tied","random_60",500,1500,"network_simplex","jv","default",3,0.03826403,0.036690595,0.039142005
"base","tied","random_60",500,500,"network_simplex","jv","default",3,0.008466049,0.0082427015,0.0086664365
"base","tied","random_60",500,5000,"network_simplex","jv","default",3,0.1973049,0.1963075,0.19756395
"base","binary","block_4",500,1500,"ramshaw_tarjan","hk01","no_cost_scale",3,0.04402838,0.0430862,0.044191665
"base","binary","block_4",500,500,"ramshaw_tarjan","hk01","no_cost_scale",3,0.0158914,0.015837915,0.01591481
"base","binary","block_4",500,5000,"ramshaw_tarjan","hk01","no_cost_scale",3,0.1292896,0.12880205,0.1302504
"base","binary","none",500,1500,"ramshaw_tarjan","hk01","no_cost_scale",3,0.2130632,0.2129207,0.2132062
"base","binary","none",500,500,"ramshaw_tarjan","hk01","no_cost_scale",3,0.06408981,0.064067625,0.064109465
"base","binary","none",500,5000,"ramshaw_tarjan","hk01","no_cost_scale",3,0.7538313,0.75100485,0.75462815
"base","binary","random_01",500,1500,"ramshaw_tarjan","hk01","no_cost_scale",3,0.01578209,0.01309694,0.016720765
"base","binary","random_01",500,500,"ramshaw_tarjan","hk01","no_cost_scale",3,0.01207393,0.011293945,0.013805585
"base","binary","random_01",500,5000,"ramshaw_tarjan","hk01","no_cost_scale",3,0.04969098,0.04676009,0.05098467
"base","binary","random_05",500,1500,"ramshaw_tarjan","hk01","no_cost_scale",3,0.1849058,0.18313155,0.1859281
"base","binary","random_05",500,500,"ramshaw_tarjan","hk01","no_cost_scale",3,0.05905181,0.058899045,0.05994899
"base","binary","random_05",500,5000,"ramshaw_tarjan","hk01","no_cost_scale",3,0.5908845,0.5878777,0.59310845
"base","binary","random_25",500,1500,"ramshaw_tarjan","hk01","no_cost_scale",3,0.3973865,0.39561875,0.39804275
"base","binary","random_25",500,500,"ramshaw_tarjan","hk01","no_cost_scale",3,0.1024424,0.10216015,0.1027981
"base","binary","random_25",500,5000,"ramshaw_tarjan","hk01","no_cost_scale",3,1.402781,1.3996345,1.406461
"base","binary","random_60",500,1500,"ramshaw_tarjan","hk01","no_cost_scale",3,0.5446922,0.5439746,0.5457696
"base","binary","random_60",500,500,"ramshaw_tarjan","hk01","no_cost_scale",3,0.1409447,0.14089995,0.14152635
"base","binary","random_60",500,5000,"ramshaw_tarjan","hk01","no_cost_scale",3,1.972575,1.9579485,1.973039
"base","constant","block_4",500,1500,"ramshaw_tarjan","hk01","no_cost_scale",3,0.03709278,0.03698581,0.03739323
"base","constant","block_4",500,500,"ramshaw_tarjan","hk01","no_cost_scale",3,0.01336276,0.01324507,0.01336924
"base","constant","block_4",500,5000,"ramshaw_tarjan","hk01","no_cost_scale",3,0.1224986,0.12085665,0.1225393
"base","constant","none",500,1500,"ramshaw_tarjan","hk01","no_cost_scale",3,0.2046705,0.2041446,0.20478165
"base","constant","none",500,500,"ramshaw_tarjan","hk01","no_cost_scale",3,0.05887797,0.05885175,0.05888861
"base","constant","none",500,5000,"ramshaw_tarjan","hk01","no_cost_scale",3,0.717001,0.7169933,0.73130875
"base","constant","random_01",500,1500,"ramshaw_tarjan","hk01","no_cost_scale",3,0.08743504,0.083572535,0.090374455
"base","constant","random_01",500,500,"ramshaw_tarjan","hk01","no_cost_scale",3,0.03645388,0.03616899,0.03652684
"base","constant","random_01",500,5000,"ramshaw_tarjan","hk01","no_cost_scale",3,0.2473741,0.2442151,0.25104455
"base","constant","random_05",500,1500,"ramshaw_tarjan","hk01","no_cost_scale",3,0.1760902,0.17562085,0.1761942
"base","constant","random_05",500,500,"ramshaw_tarjan","hk01","no_cost_scale",3,0.0549842,0.05448203,0.05539258
"base","constant","random_05",500,5000,"ramshaw_tarjan","hk01","no_cost_scale",3,0.5913091,0.5890595,0.59356345
"base","constant","random_25",500,1500,"ramshaw_tarjan","hk01","no_cost_scale",3,0.3826759,0.3817316,0.3850396
"base","constant","random_25",500,500,"ramshaw_tarjan","hk01","no_cost_scale",3,0.09653995,0.09624379,0.09685276
"base","constant","random_25",500,5000,"ramshaw_tarjan","hk01","no_cost_scale",3,1.365562,1.3646415,1.36919
"base","constant","random_60",500,1500,"ramshaw_tarjan","hk01","no_cost_scale",3,0.5314588,0.5304978,0.53150465
"base","constant","random_60",500,500,"ramshaw_tarjan","hk01","no_cost_scale",3,0.1337535,0.1335648,0.133786
"base","constant","random_60",500,5000,"ramshaw_tarjan","hk01","no_cost_scale",3,1.910595,1.909513,1.9184745
"base","dbl_uniform","block_4",500,1500,"ramshaw_tarjan","jv","default",3,0.008742553,0.0084659465,0.0102066015
"base","dbl_uniform","block_4",500,500,"ramshaw_tarjan","jv","default",3,0.005931716,0.0058879075,0.0061184095
"base","dbl_uniform","block_4",500,5000,"ramshaw_tarjan","jv","default",3,0.03767301,0.03763638,0.03771672
"base","dbl_uniform","none",500,1500,"ramshaw_tarjan","jv","default",3,0.01424939,0.014113045,0.014385305
"base","dbl_uniform","none",500,500,"ramshaw_tarjan","jv","default",3,0.01431999,0.01376206,0.014640465
"base","dbl_uniform","none",500,5000,"ramshaw_tarjan","jv","default",3,0.04907532,0.0477076,0.05243644
"base","dbl_uniform","random_01",500,1500,"ramshaw_tarjan","jv","default",3,0.01024401,0.0085966935,0.010311825
"base","dbl_uniform","random_01",500,500,"ramshaw_tarjan","jv","default",3,0.00640748,0.0063079115,0.0066332055
"base","dbl_uniform","random_01",500,5000,"ramshaw_tarjan","jv","default",3,0.03030929,0.02603459,0.032543255
"base","dbl_uniform","random_05",500,1500,"ramshaw_tarjan","jv","default",3,0.01124093,0.01121479,0.01130243
"base","dbl_uniform","random_05",500,500,"ramshaw_tarjan","jv","default",3,0.01019285,0.010123765,0.010465395
"base","dbl_uniform","random_05",500,5000,"ramshaw_tarjan","jv","default",3,0.03653461,0.03112093,0.03663916
"base","dbl_uniform","random_25",500,1500,"ramshaw_tarjan","jv","default",3,0.01522051,0.013319155,0.01546649
"base","dbl_uniform","random_25",500,500,"ramshaw_tarjan","jv","default",3,0.01823442,0.01799205,0.01993213
"base","dbl_uniform","random_25",500,5000,"ramshaw_tarjan","jv","default",3,0.03999468,0.038038345,0.04163427
"base","dbl_uniform","random_60",500,1500,"ramshaw_tarjan","jv","default",3,0.02107298,0.020944915,0.021151965
"base","dbl_uniform","random_60",500,500,"ramshaw_tarjan","jv","default",3,0.02238678,0.021838895,0.024163205
"base","dbl_uniform","random_60",500,5000,"ramshaw_tarjan","jv","default",3,0.05566455,0.05555428,0.060006165
"base","heavy_tailed","block_4",500,1500,"ramshaw_tarjan","jv","default",3,0.0115415,0.011296505,0.011898485
"base","heavy_tailed","block_4",500,500,"ramshaw_tarjan","jv","default",3,0.005688791,0.005562798,0.005923598
"base","heavy_tailed","block_4",500,5000,"ramshaw_tarjan","jv","default",3,0.03764358,0.03756853,0.037726355
"base","heavy_tailed","none",500,1500,"ramshaw_tarjan","jv","default",3,0.01622222,0.0161836,0.01669317
"base","heavy_tailed","none",500,500,"ramshaw_tarjan","jv","default",3,0.01457128,0.01406466,0.014855655
"base","heavy_tailed","none",500,5000,"ramshaw_tarjan","jv","default",3,0.04765528,0.04674658,0.0504342
"base","heavy_tailed","random_01",500,1500,"ramshaw_tarjan","jv","default",3,0.005659107,0.005638689,0.0056638425
"base","heavy_tailed","random_01",500,500,"ramshaw_tarjan","jv","default",3,0.009003231,0.00840787,0.009018196
"base","heavy_tailed","random_01",500,5000,"ramshaw_tarjan","jv","default",3,0.03467144,0.031050055,0.03472218
"base","heavy_tailed","random_05",500,1500,"ramshaw_tarjan","jv","default",3,0.01108156,0.01074372,0.01113888
"base","heavy_tailed","random_05",500,500,"ramshaw_tarjan","jv","default",3,0.01195626,0.011635105,0.013462005
"base","heavy_tailed","random_05",500,5000,"ramshaw_tarjan","jv","default",3,0.03670041,0.029110675,0.03679299
"base","heavy_tailed","random_25",500,1500,"ramshaw_tarjan","jv","default",3,0.01589058,0.01584058,0.016030735
"base","heavy_tailed","random_25",500,500,"ramshaw_tarjan","jv","default",3,0.02244734,0.01937976,0.02249787
"base","heavy_tailed","random_25",500,5000,"ramshaw_tarjan","jv","default",3,0.04458016,0.043927135,0.047380235
"base","heavy_tailed","random_60",500,1500,"ramshaw_tarjan","jv","default",3,0.02042653,0.019941275,0.02077962
"base","heavy_tailed","random_60",500,500,"ramshaw_tarjan","jv","default",3,0.02170499,0.0213963,0.023557675
"base","heavy_tailed","random_60",500,5000,"ramshaw_tarjan","jv","default",3,0.05838994,0.058191685,0.06151533
"base","int_uniform","block_4",500,1500,"ramshaw_tarjan","jv","default",3,0.009574484,0.008566048,0.010687347
"base","int_uniform","block_4",500,500,"ramshaw_tarjan","jv","default",3,0.005415321,0.005411262,0.0061088565
"base","int_uniform","block_4",500,5000,"ramshaw_tarjan","jv","default",3,0.02724458,0.026488705,0.02869551
"base","int_uniform","none",500,1500,"ramshaw_tarjan","jv","default",3,0.01527406,0.01516748,0.01571559
"base","int_uniform","none",500,500,"ramshaw_tarjan","jv","default",3,0.01441753,0.01440732,0.014640525
"base","int_uniform","none",500,5000,"ramshaw_tarjan","jv","default",3,0.04869849,0.04848619,0.048738095
"base","int_uniform","random_01",500,1500,"ramshaw_tarjan","jv","default",3,0.01034069,0.01028124,0.010402395
"base","int_uniform","random_01",500,500,"ramshaw_tarjan","jv","default",3,0.006515146,0.00623159,0.0066528035
"base","int_uniform","random_01",500,5000,"ramshaw_tarjan","jv","default",3,0.03491166,0.033688285,0.034951555
"base","int_uniform","random_05",500,1500,"ramshaw_tarjan","jv","default",3,0.01112125,0.008840666,0.011221925
"base","int_uniform","random_05",500,500,"ramshaw_tarjan","jv","default",3,0.01039957,0.0098433835,0.010928635
"base","int_uniform","random_05",500,5000,"ramshaw_tarjan","jv","default",3,0.03659225,0.03563888,0.03675297
"base","int_uniform","random_25",500,1500,"ramshaw_tarjan","jv","default",3,0.01564498,0.013535695,0.01593879
"base","int_uniform","random_25",500,500,"ramshaw_tarjan","jv","default",3,0.01525918,0.01523876,0.017424615
"base","int_uniform","random_25",500,5000,"ramshaw_tarjan","jv","default",3,0.04645152,0.045605035,0.046823045
"base","int_uniform","random_60",500,1500,"ramshaw_tarjan","jv","default",3,0.01879506,0.018625955,0.01964706
"base","int_uniform","random_60",500,500,"ramshaw_tarjan","jv","default",3,0.02177022,0.02168156,0.022727735
"base","int_uniform","random_60",500,5000,"ramshaw_tarjan","jv","default",3,0.05804571,0.0579601,0.058154605
"base","metric_clustered","block_4",500,1500,"ramshaw_tarjan","jv","default",3,0.01002302,0.0090679885,0.01083263
"base","metric_clustered","block_4",500,500,"ramshaw_tarjan","jv","default",3,0.006860817,0.006645895,0.007488322
"base","metric_clustered","block_4",500,5000,"ramshaw_tarjan","jv","default",3,0.02996792,0.02737537,0.03352697
"base","metric_clustered","none",500,1500,"ramshaw_tarjan","jv","default",3,0.01346391,0.013440845,0.014904815
"base","metric_clustered","none",500,500,"ramshaw_tarjan","jv","default",3,0.01831372,0.01718714,0.01990263
"base","metric_clustered","none",500,5000,"ramshaw_tarjan","jv","default",3,0.0448194,0.044418295,0.04912979
"base","metric_clustered","random_01",500,1500,"ramshaw_tarjan","jv","default",3,0.006905425,0.0062850335,0.008309224
"base","metric_clustered","random_01",500,500,"ramshaw_tarjan","jv","default",3,0.007126374,0.006470292,0.007477826
"base","metric_clustered","random_01",500,5000,"ramshaw_tarjan","jv","default",3,0.02171729,0.02043815,0.028189775
"base","metric_clustered","random_05",500,1500,"ramshaw_tarjan","jv","default",3,0.0107279,0.0092249405,0.010979165
"base","metric_clustered","random_05",500,500,"ramshaw_tarjan","jv","default",3,0.01348137,0.012352865,0.015184965
"base","metric_clustered","random_05",500,5000,"ramshaw_tarjan","jv","default",3,0.02820288,0.024974435,0.032576305
"base","metric_clustered","random_25",500,1500,"ramshaw_tarjan","jv","default",3,0.01343767,0.01280459,0.01497931
"base","metric_clustered","random_25",500,500,"ramshaw_tarjan","jv","default",3,0.03030618,0.028524975,0.03179294
"base","metric_clustered","random_25",500,5000,"ramshaw_tarjan","jv","default",3,0.04452608,0.042618885,0.047534335
"base","metric_clustered","random_60",500,1500,"ramshaw_tarjan","jv","default",3,0.02163443,0.020353465,0.022067985
"base","metric_clustered","random_60",500,500,"ramshaw_tarjan","jv","default",3,0.03485123,0.0308959,0.03578923
"base","metric_clustered","random_60",500,5000,"ramshaw_tarjan","jv","default",3,0.06526097,0.06182884,0.06627654
"base","metric_uniform","block_4",500,1500,"ramshaw_tarjan","jv","default",3,0.01159882,0.0095572445,0.011607695
"base","metric_uniform","block_4",500,500,"ramshaw_tarjan","jv","default",3,0.006416746,0.0064095095,0.0068053235
"base","metric_uniform","block_4",500,5000,"ramshaw_tarjan","jv","default",3,0.0238581,0.02382522,0.03092105
"base","metric_uniform","none",500,1500,"ramshaw_tarjan","jv","default",3,0.01480108,0.01454651,0.015738895
"base","metric_uniform","none",500,500,"ramshaw_tarjan","jv","default",3,0.01603785,0.014931875,0.01685342
"base","metric_uniform","none",500,5000,"ramshaw_tarjan","jv","default",3,0.04631475,0.04603714,0.04635448
"base","metric_uniform","random_01",500,1500,"ramshaw_tarjan","jv","default",3,0.01011806,0.009879072,0.010348155
"base","metric_uniform","random_01",500,500,"ramshaw_tarjan","jv","default",3,0.005861237,0.005756277,0.006514572
"base","metric_uniform","random_01",500,5000,"ramshaw_tarjan","jv","default",3,0.02752076,0.023305015,0.03114356
"base","metric_uniform","random_05",500,1500,"ramshaw_tarjan","jv","default",3,0.01107529,0.0100990385,0.011185885
"base","metric_uniform","random_05",500,500,"ramshaw_tarjan","jv","default",3,0.01190976,0.0102376375,0.01266574
"base","metric_uniform","random_05",500,5000,"ramshaw_tarjan","jv","default",3,0.02593705,0.024765535,0.0313289
"base","metric_uniform","random_25",500,1500,"ramshaw_tarjan","jv","default",3,0.01522432,0.01401388,0.01547393
"base","metric_uniform","random_25",500,500,"ramshaw_tarjan","jv","default",3,0.02354314,0.02142498,0.02421585
"base","metric_uniform","random_25",500,5000,"ramshaw_tarjan","jv","default",3,0.04024589,0.038375695,0.043774635
"base","metric_uniform","random_60",500,1500,"ramshaw_tarjan","jv","default",3,0.02100762,0.0206156,0.02114776
"base","metric_uniform","random_60",500,500,"ramshaw_tarjan","jv","default",3,0.02576624,0.024150145,0.026979515
"base","metric_uniform","random_60",500,5000,"ramshaw_tarjan","jv","default",3,0.06437463,0.06102864,0.066007725
"base","tied","block_4",500,1500,"ramshaw_tarjan","jv","default",3,0.04400272,0.04365723,0.044890205
"base","tied","block_4",500,500,"ramshaw_tarjan","jv","default",3,0.01584084,0.01577397,0.01594129
"base","tied","block_4",500,5000,"ramshaw_tarjan","jv","default",3,0.1405414,0.1393629,0.1433633
"base","tied","none",500,1500,"ramshaw_tarjan","jv","default",3,0.2279308,0.2275951,0.2280648
"base","tied","none",500,500,"ramshaw_tarjan","jv","default",3,0.06992021,0.06991002,0.07014079
"base","tied","none",500,5000,"ramshaw_tarjan","jv","default",3,0.7941063,0.7938869,0.8146039
"base","tied","random_01",500,1500,"ramshaw_tarjan","jv","default",3,0.007189514,0.0069663715,0.008957762
"base","tied","random_01",500,500,"ramshaw_tarjan","jv","default",3,0.005158948,0.004989372,0.0059508835
"base","tied","random_01",500,5000,"ramshaw_tarjan","jv","default",3,0.02432309,0.02217196,0.030143715
"base","tied","random_05",500,1500,"ramshaw_tarjan","jv","default",3,0.1301957,0.1273776,0.1333961
"base","tied","random_05",500,500,"ramshaw_tarjan","jv","default",3,0.05191387,0.051825475,0.052792605
"base","tied","random_05",500,5000,"ramshaw_tarjan","jv","default",3,0.403513,0.38929675,0.4035373
"base","tied","random_25",500,1500,"ramshaw_tarjan","jv","default",3,0.4076776,0.40727445,0.40954255
"base","tied","random_25",500,500,"ramshaw_tarjan","jv","default",3,0.1109768,0.1106021,0.1114507
"base","tied","random_25",500,5000,"ramshaw_tarjan","jv","default",3,1.422075,1.4207875,1.432889
"base","tied","random_60",500,1500,"ramshaw_tarjan","jv","default",3,0.5603541,0.5594554,0.56206655
"base","tied","random_60",500,500,"ramshaw_tarjan","jv","default",3,0.1496804,0.1492528,0.1497376
"base","tied","random_60",500,5000,"ramshaw_tarjan","jv","default",3,2.001631,1.999457,2.0020455
"large","binary","none",1000,10000,"ramshaw_tarjan","hk01","no_cost_scale",2,5.85248475,5.847275875,5.857693625
"large","binary","none",1500,1500,"ramshaw_tarjan","hk01","no_cost_scale",2,1.51551325,1.514462875,1.516563625
"large","binary","none",1500,4500,"ramshaw_tarjan","hk01","no_cost_scale",2,5.4954805,5.4928445,5.4981165
"large","binary","random_01",1000,10000,"ramshaw_tarjan","hk01","no_cost_scale",2,2.0410965,2.026885,2.055308
"large","binary","random_01",1500,1500,"ramshaw_tarjan","hk01","no_cost_scale",2,0.9560127,0.952061725,0.959963675
"large","binary","random_01",1500,4500,"ramshaw_tarjan","hk01","no_cost_scale",2,2.74751975,2.735601875,2.759437625
"large","binary","random_25",1000,10000,"ramshaw_tarjan","hk01","no_cost_scale",2,10.8559375,10.85391875,10.85795625
"large","binary","random_25",1500,1500,"ramshaw_tarjan","hk01","no_cost_scale",2,2.721703,2.72114225,2.72226375
"large","binary","random_25",1500,4500,"ramshaw_tarjan","hk01","no_cost_scale",2,10.1775225,10.17348625,10.18155875
"large","dbl_uniform","none",1000,10000,"ramshaw_tarjan","jv","default",2,0.231497425,0.2307013125,0.2322935375
"large","dbl_uniform","none",1500,1500,"ramshaw_tarjan","jv","default",2,0.161748075,0.1604391875,0.1630569625
"large","dbl_uniform","none",1500,4500,"ramshaw_tarjan","jv","default",2,0.1698929,0.16789535,0.17189045
"large","dbl_uniform","random_01",1000,10000,"ramshaw_tarjan","jv","default",2,0.14075985,0.13821895,0.14330075
"large","dbl_uniform","random_01",1500,1500,"ramshaw_tarjan","jv","default",2,0.0892270075,0.08825264375,0.09020137125
"large","dbl_uniform","random_01",1500,4500,"ramshaw_tarjan","jv","default",2,0.0944009475,0.08691214875,0.10188974625
"large","dbl_uniform","random_25",1000,10000,"ramshaw_tarjan","jv","default",2,0.1972625,0.19663995,0.19788505
"large","dbl_uniform","random_25",1500,1500,"ramshaw_tarjan","jv","default",2,0.222576275,0.2051227875,0.2400297625
"large","dbl_uniform","random_25",1500,4500,"ramshaw_tarjan","jv","default",2,0.14240265,0.13937025,0.14543505
"large","heavy_tailed","none",1000,10000,"ramshaw_tarjan","jv","default",2,0.24154825,0.2370187,0.2460778
"large","heavy_tailed","none",1500,1500,"ramshaw_tarjan","jv","default",2,0.145508875,0.1450134625,0.1460042875
"large","heavy_tailed","none",1500,4500,"ramshaw_tarjan","jv","default",2,0.165687375,0.1641646125,0.1672101375
"large","heavy_tailed","random_01",1000,10000,"ramshaw_tarjan","jv","default",2,0.141290825,0.1369945125,0.1455871375
"large","heavy_tailed","random_01",1500,1500,"ramshaw_tarjan","jv","default",2,0.111602085,0.1053714025,0.1178327675
"large","heavy_tailed","random_01",1500,4500,"ramshaw_tarjan","jv","default",2,0.103737335,0.0995094525,0.1079652175
"large","heavy_tailed","random_25",1000,10000,"ramshaw_tarjan","jv","default",2,0.1921768,0.190031425,0.194322175
"large","heavy_tailed","random_25",1500,1500,"ramshaw_tarjan","jv","default",2,0.21747925,0.216929675,0.218028825
"large","heavy_tailed","random_25",1500,4500,"ramshaw_tarjan","jv","default",2,0.144778475,0.1432903875,0.1462665625
"large","int_uniform","none",1000,10000,"ramshaw_tarjan","jv","default",2,0.23529135,0.2350193,0.2355634
"large","int_uniform","none",1500,1500,"ramshaw_tarjan","jv","default",2,0.14086925,0.13951805,0.14222045
"large","int_uniform","none",1500,4500,"ramshaw_tarjan","jv","default",2,0.165215875,0.1648028375,0.1656289125
"large","int_uniform","random_01",1000,10000,"ramshaw_tarjan","jv","default",2,0.138780475,0.1342307625,0.1433301875
"large","int_uniform","random_01",1500,1500,"ramshaw_tarjan","jv","default",2,0.09128035,0.0898511825,0.0927095175
"large","int_uniform","random_01",1500,4500,"ramshaw_tarjan","jv","default",2,0.1006022225,0.09620563375,0.10499881125
"large","int_uniform","random_25",1000,10000,"ramshaw_tarjan","jv","default",2,0.19192465,0.190906175,0.192943125
"large","int_uniform","random_25",1500,1500,"ramshaw_tarjan","jv","default",2,0.219156725,0.2176027625,0.2207106875
"large","int_uniform","random_25",1500,4500,"ramshaw_tarjan","jv","default",2,0.13921715,0.13617995,0.14225435
"large","metric_clustered","none",1000,10000,"ramshaw_tarjan","jv","default",2,0.24230355,0.24031995,0.24428715
"large","metric_clustered","none",1500,1500,"ramshaw_tarjan","jv","default",2,0.275275575,0.2601057625,0.2904453875
"large","metric_clustered","none",1500,4500,"ramshaw_tarjan","jv","default",2,0.16142105,0.16036685,0.16247525
"large","metric_clustered","random_01",1000,10000,"ramshaw_tarjan","jv","default",2,0.1249171,0.124491425,0.125342775
"large","metric_clustered","random_01",1500,1500,"ramshaw_tarjan","jv","default",2,0.094323105,0.092587215,0.096058995
"large","metric_clustered","random_01",1500,4500,"ramshaw_tarjan","jv","default",2,0.10077749,0.09502806,0.10652692
"large","metric_clustered","random_25",1000,10000,"ramshaw_tarjan","jv","default",2,0.19740725,0.197357375,0.197457125
"large","metric_clustered","random_25",1500,1500,"ramshaw_tarjan","jv","default",2,0.3504208,0.33792935,0.36291225
"large","metric_clustered","random_25",1500,4500,"ramshaw_tarjan","jv","default",2,0.1524276,0.15227935,0.15257585
"base","binary","block_4",500,1500,"sap","hk01","no_cost_scale",3,0.03052733,0.028926465,0.03069307
"base","binary","block_4",500,500,"sap","hk01","no_cost_scale",3,0.01170349,0.011610995,0.01240166
"base","binary","block_4",500,5000,"sap","hk01","no_cost_scale",3,0.08126024,0.079407265,0.08547434
"base","binary","none",500,1500,"sap","hk01","no_cost_scale",3,0.2558343,0.2557555,0.25624835
"base","binary","none",500,500,"sap","hk01","no_cost_scale",3,0.1066786,0.10659375,0.1070157
"base","binary","none",500,5000,"sap","hk01","no_cost_scale",3,0.861995,0.8357504,0.86277125
"base","binary","random_01",500,1500,"sap","hk01","no_cost_scale",3,0.01030379,0.008634394,0.010347415
"base","binary","random_01",500,500,"sap","hk01","no_cost_scale",3,0.005782189,0.0056855315,0.00631728
"base","binary","random_01",500,5000,"sap","hk01","no_cost_scale",3,0.03340372,0.02577194,0.03368935
"base","binary","random_05",500,1500,"sap","hk01","no_cost_scale",3,0.04899771,0.04870661,0.049325545
"base","binary","random_05",500,500,"sap","hk01","no_cost_scale",3,0.02514768,0.024862585,0.025714605
"base","binary","random_05",500,5000,"sap","hk01","no_cost_scale",3,0.1306066,0.1302161,0.13129105
"base","binary","random_25",500,1500,"sap","hk01","no_cost_scale",3,0.1007452,0.1003882,0.10215065
"base","binary","random_25",500,500,"sap","hk01","no_cost_scale",3,0.04584919,0.045775515,0.046336925
"base","binary","random_25",500,5000,"sap","hk01","no_cost_scale",3,0.2986299,0.2982182,0.30388565
"base","binary","random_60",500,1500,"sap","hk01","no_cost_scale",3,0.1798154,0.17971065,0.18012295
"base","binary","random_60",500,500,"sap","hk01","no_cost_scale",3,0.0756443,0.075548935,0.07616207
"base","binary","random_60",500,5000,"sap","hk01","no_cost_scale",3,0.5649557,0.5586082,0.5788287
"base","constant","block_4",500,1500,"sap","hk01","no_cost_scale",3,0.02305602,0.022563405,0.024699425
"base","constant","block_4",500,500,"sap","hk01","no_cost_scale",3,0.009138572,0.0091227255,0.00924673
"base","constant","block_4",500,5000,"sap","hk01","no_cost_scale",3,0.0755302,0.073093035,0.077426
"base","constant","none",500,1500,"sap","hk01","no_cost_scale",3,0.2383801,0.2380791,0.240133
"base","constant","none",500,500,"sap","hk01","no_cost_scale",3,0.09871238,0.09858856,0.09875822
"base","constant","none",500,5000,"sap","hk01","no_cost_scale",3,0.7881891,0.77346865,0.7967844
"base","constant","random_01",500,1500,"sap","hk01","no_cost_scale",3,0.01897775,0.01851316,0.02063292
"base","constant","random_01",500,500,"sap","hk01","no_cost_scale",3,0.01085914,0.0103758715,0.01138769
"base","constant","random_01",500,5000,"sap","hk01","no_cost_scale",3,0.0560919,0.05161238,0.056531335
"base","constant","random_05",500,1500,"sap","hk01","no_cost_scale",3,0.03767564,0.037144565,0.039717315
"base","constant","random_05",500,500,"sap","hk01","no_cost_scale",3,0.0199374,0.01925268,0.0199588
"base","constant","random_05",500,5000,"sap","hk01","no_cost_scale",3,0.1017413,0.099351385,0.103258
"base","constant","random_25",500,1500,"sap","hk01","no_cost_scale",3,0.08578893,0.08460104,0.0861771
"base","constant","random_25",500,500,"sap","hk01","no_cost_scale",3,0.03759593,0.03752785,0.037959705
"base","constant","random_25",500,5000,"sap","hk01","no_cost_scale",3,0.2612122,0.26107005,0.2622451
"base","constant","random_60",500,1500,"sap","hk01","no_cost_scale",3,0.1604262,0.1603951,0.1616641
"base","constant","random_60",500,500,"sap","hk01","no_cost_scale",3,0.06855372,0.06828359,0.068819545
"base","constant","random_60",500,5000,"sap","hk01","no_cost_scale",3,0.5469973,0.5264961,0.5477327
"base","dbl_uniform","block_4",500,1500,"sap","jv","default",3,0.01078677,0.010725395,0.01253985
"base","dbl_uniform","block_4",500,500,"sap","jv","default",3,0.006360412,0.006201291,0.006477795
"base","dbl_uniform","block_4",500,5000,"sap","jv","default",3,0.03478571,0.033286425,0.036581615
"base","dbl_uniform","none",500,1500,"sap","jv","default",3,0.02940864,0.028732675,0.029556855
"base","dbl_uniform","none",500,500,"sap","jv","default",3,0.01967848,0.01960011,0.020048075
"base","dbl_uniform","none",500,5000,"sap","jv","default",3,0.1090607,0.10457565,0.1099652
"base","dbl_uniform","random_01",500,1500,"sap","jv","default",3,0.005221801,0.0050652425,0.005237914
"base","dbl_uniform","random_01",500,500,"sap","jv","default",3,0.004018615,0.0035566065,0.0041884985
"base","dbl_uniform","random_01",500,5000,"sap","jv","default",3,0.01843602,0.01635416,0.02359103
"base","dbl_uniform","random_05",500,1500,"sap","jv","default",3,0.01025426,0.0101007375,0.01028294
"base","dbl_uniform","random_05",500,500,"sap","jv","default",3,0.005135414,0.0050111225,0.0052711855
"base","dbl_uniform","random_05",500,5000,"sap","jv","default",3,0.02225824,0.02225478,0.027881185
"base","dbl_uniform","random_25",500,1500,"sap","jv","default",3,0.01549771,0.014663195,0.01611177
"base","dbl_uniform","random_25",500,500,"sap","jv","default",3,0.01105868,0.01069118,0.01156087
"base","dbl_uniform","random_25",500,5000,"sap","jv","default",3,0.04545957,0.04362232,0.050517045
"base","dbl_uniform","random_60",500,1500,"sap","jv","default",3,0.02661351,0.02514903,0.026742885
"base","dbl_uniform","random_60",500,500,"sap","jv","default",3,0.01771249,0.01654307,0.01833069
"base","dbl_uniform","random_60",500,5000,"sap","jv","default",3,0.07854087,0.07680856,0.082977565
"base","heavy_tailed","block_4",500,1500,"sap","jv","default",3,0.01321323,0.01245463,0.013504065
"base","heavy_tailed","block_4",500,500,"sap","jv","default",3,0.006712192,0.0065996265,0.006810551
"base","heavy_tailed","block_4",500,5000,"sap","jv","default",3,0.03406444,0.032545515,0.038369585
"base","heavy_tailed","none",500,1500,"sap","jv","default",3,0.02968101,0.0290492,0.0300062
"base","heavy_tailed","none",500,500,"sap","jv","default",3,0.02097166,0.01993422,0.02130073
"base","heavy_tailed","none",500,5000,"sap","jv","default",3,0.1051983,0.10308925,0.10630865
"base","heavy_tailed","random_01",500,1500,"sap","jv","default",3,0.005947296,0.005416551,0.006940767
"base","heavy_tailed","random_01",500,500,"sap","jv","default",3,0.004747349,0.0042139185,0.0048775445
"base","heavy_tailed","random_01",500,5000,"sap","jv","default",3,0.01828092,0.016129855,0.022855925
"base","heavy_tailed","random_05",500,1500,"sap","jv","default",3,0.009955579,0.008884413,0.0101226345
"base","heavy_tailed","random_05",500,500,"sap","jv","default",3,0.006379026,0.006237617,0.0064139375
"base","heavy_tailed","random_05",500,5000,"sap","jv","default",3,0.03302776,0.02551248,0.03319477
"base","heavy_tailed","random_25",500,1500,"sap","jv","default",3,0.01700245,0.015415425,0.01706996
"base","heavy_tailed","random_25",500,500,"sap","jv","default",3,0.01082097,0.01063778,0.011632625
"base","heavy_tailed","random_25",500,5000,"sap","jv","default",3,0.04924572,0.04552046,0.054175865
"base","heavy_tailed","random_60",500,1500,"sap","jv","default",3,0.02678616,0.02637893,0.026887965
"base","heavy_tailed","random_60",500,500,"sap","jv","default",3,0.01700524,0.016696285,0.017666795
"base","heavy_tailed","random_60",500,5000,"sap","jv","default",3,0.07657168,0.07556095,0.07680569
"base","int_uniform","block_4",500,1500,"sap","jv","default",3,0.01229098,0.0110591145,0.01314911
"base","int_uniform","block_4",500,500,"sap","jv","default",3,0.005525652,0.005484447,0.005530531
"base","int_uniform","block_4",500,5000,"sap","jv","default",3,0.03084434,0.0308255,0.035281975
"base","int_uniform","none",500,1500,"sap","jv","default",3,0.0282898,0.028239615,0.028321595
"base","int_uniform","none",500,500,"sap","jv","default",3,0.02168761,0.02142654,0.021759685
"base","int_uniform","none",500,5000,"sap","jv","default",3,0.1020245,0.1014622,0.10271105
"base","int_uniform","random_01",500,1500,"sap","jv","default",3,0.003940428,0.00393477,0.0049423655
"base","int_uniform","random_01",500,500,"sap","jv","default",3,0.003259828,0.0030249595,0.003596397
"base","int_uniform","random_01",500,5000,"sap","jv","default",3,0.01448284,0.0141327,0.022013435
"base","int_uniform","random_05",500,1500,"sap","jv","default",3,0.007381804,0.0063710925,0.008758767
"base","int_uniform","random_05",500,500,"sap","jv","default",3,0.005990059,0.0055355125,0.006160537
"base","int_uniform","random_05",500,5000,"sap","jv","default",3,0.0223721,0.02022731,0.02776764
"base","int_uniform","random_25",500,1500,"sap","jv","default",3,0.01674317,0.01645133,0.01686287
"base","int_uniform","random_25",500,500,"sap","jv","default",3,0.01001523,0.009617368,0.01073267
"base","int_uniform","random_25",500,5000,"sap","jv","default",3,0.04178363,0.04177994,0.047604235
"base","int_uniform","random_60",500,1500,"sap","jv","default",3,0.02343285,0.02334991,0.02396614
"base","int_uniform","random_60",500,500,"sap","jv","default",3,0.01771712,0.016824575,0.01775263
"base","int_uniform","random_60",500,5000,"sap","jv","default",3,0.07586935,0.075615255,0.08123371
"base","metric_clustered","block_4",500,1500,"sap","jv","default",3,0.01033684,0.0098285415,0.012074645
"base","metric_clustered","block_4",500,500,"sap","jv","default",3,0.007098617,0.00671252,0.007354949
"base","metric_clustered","block_4",500,5000,"sap","jv","default",3,0.03039322,0.030237585,0.03432963
"base","metric_clustered","none",500,1500,"sap","jv","default",3,0.02576026,0.02558939,0.026074995
"base","metric_clustered","none",500,500,"sap","jv","default",3,0.02403281,0.02361797,0.02634648
"base","metric_clustered","none",500,5000,"sap","jv","default",3,0.09860877,0.09808102,0.102253135
"base","metric_clustered","random_01",500,1500,"sap","jv","default",3,0.008418653,0.00839147,0.008536569
"base","metric_clustered","random_01",500,500,"sap","jv","default",3,0.004161828,0.0037479125,0.004290978
"base","metric_clustered","random_01",500,5000,"sap","jv","default",3,0.0219004,0.021496345,0.025716225
"base","metric_clustered","random_05",500,1500,"sap","jv","default",3,0.00731276,0.006417976,0.008617175
"base","metric_clustered","random_05",500,500,"sap","jv","default",3,0.007017437,0.0066055715,0.007717266
"base","metric_clustered","random_05",500,5000,"sap","jv","default",3,0.0331911,0.02577547,0.03329208
"base","metric_clustered","random_25",500,1500,"sap","jv","default",3,0.01747768,0.017346995,0.017624525
"base","metric_clustered","random_25",500,500,"sap","jv","default",3,0.01545347,0.015270815,0.01565343
"base","metric_clustered","random_25",500,5000,"sap","jv","default",3,0.04269207,0.04211893,0.04441809
"base","metric_clustered","random_60",500,1500,"sap","jv","default",3,0.02704467,0.02575565,0.027646485
"base","metric_clustered","random_60",500,500,"sap","jv","default",3,0.02245607,0.02074885,0.023298125
"base","metric_clustered","random_60",500,5000,"sap","jv","default",3,0.07784153,0.076915835,0.0818188
"base","metric_uniform","block_4",500,1500,"sap","jv","default",3,0.01343902,0.012059945,0.013639675
"base","metric_uniform","block_4",500,500,"sap","jv","default",3,0.007026047,0.006915265,0.0071634995
"base","metric_uniform","block_4",500,5000,"sap","jv","default",3,0.03114487,0.030985585,0.037857165
"base","metric_uniform","none",500,1500,"sap","jv","default",3,0.02849406,0.028203595,0.02930596
"base","metric_uniform","none",500,500,"sap","jv","default",3,0.02318808,0.0220712,0.02402602
"base","metric_uniform","none",500,5000,"sap","jv","default",3,0.1078075,0.10409435,0.10872255
"base","metric_uniform","random_01",500,1500,"sap","jv","default",3,0.007873394,0.0064709685,0.0078900195
"base","metric_uniform","random_01",500,500,"sap","jv","default",3,0.002955485,0.002763851,0.003576553
"base","metric_uniform","random_01",500,5000,"sap","jv","default",3,0.02763076,0.02077915,0.028574025
"base","metric_uniform","random_05",500,1500,"sap","jv","default",3,0.006644296,0.006053117,0.008378778
"base","metric_uniform","random_05",500,500,"sap","jv","default",3,0.006656432,0.006091493,0.0068357455
"base","metric_uniform","random_05",500,5000,"sap","jv","default",3,0.01804082,0.018017595,0.02569845
"base","metric_uniform","random_25",500,1500,"sap","jv","default",3,0.01402028,0.01338851,0.01563285
"base","metric_uniform","random_25",500,500,"sap","jv","default",3,0.0133938,0.01206821,0.01339989
"base","metric_uniform","random_25",500,5000,"sap","jv","default",3,0.04582004,0.044031845,0.04949022
"base","metric_uniform","random_60",500,1500,"sap","jv","default",3,0.02665586,0.02491156,0.02687349
"base","metric_uniform","random_60",500,500,"sap","jv","default",3,0.0184657,0.018025835,0.018929575
"base","metric_uniform","random_60",500,5000,"sap","jv","default",3,0.08638954,0.08097801,0.0865371
"base","tied","block_4",500,1500,"sap","jv","default",3,0.03187176,0.03170655,0.03307226
"base","tied","block_4",500,500,"sap","jv","default",3,0.01366501,0.01359107,0.014020255
"base","tied","block_4",500,5000,"sap","jv","default",3,0.09454793,0.093206245,0.097011845
"base","tied","none",500,1500,"sap","jv","default",3,0.2748297,0.2747815,0.2749318
"base","tied","none",500,500,"sap","jv","default",3,0.1147815,0.11465155,0.11492605
"base","tied","none",500,5000,"sap","jv","default",3,0.88961,0.87964655,0.9071755
"base","tied","random_01",500,1500,"sap","jv","default",3,0.005961359,0.005486784,0.007303822
"base","tied","random_01",500,500,"sap","jv","default",3,0.003925217,0.0034564845,0.003989341
"base","tied","random_01",500,5000,"sap","jv","default",3,0.01843065,0.016307445,0.02306211
"base","tied","random_05",500,1500,"sap","jv","default",3,0.04332675,0.04119348,0.04360276
"base","tied","random_05",500,500,"sap","jv","default",3,0.02136284,0.02121629,0.02150909
"base","tied","random_05",500,5000,"sap","jv","default",3,0.1186936,0.1152163,0.1239279
"base","tied","random_25",500,1500,"sap","jv","default",3,0.114554,0.114473,0.1163772
"base","tied","random_25",500,500,"sap","jv","default",3,0.05284543,0.05271493,0.052937045
"base","tied","random_25",500,5000,"sap","jv","default",3,0.3542961,0.3481433,0.3555074
"base","tied","random_60",500,1500,"sap","jv","default",3,0.1955596,0.19508595,0.19685495
"base","tied","random_60",500,500,"sap","jv","default",3,0.08390679,0.08352793,0.084134935
"base","tied","random_60",500,5000,"sap","jv","default",3,0.6407611,0.63471815,0.64114335
"large","binary","none",1000,10000,"sap","hk01","no_cost_scale",2,5.9837735,5.9832995,5.9842475
"large","binary","none",1500,1500,"sap","hk01","no_cost_scale",2,2.507406,2.506349,2.508463
"large","binary","none",1500,4500,"sap","hk01","no_cost_scale",2,6.54987475,6.475794625,6.623954875
"large","binary","random_01",1000,10000,"sap","hk01","no_cost_scale",2,0.326010525,0.3202565875,0.3317644625
"large","binary","random_01",1500,1500,"sap","hk01","no_cost_scale",2,0.1928533,0.191822025,0.193884575
"large","binary","random_01",1500,4500,"sap","hk01","no_cost_scale",2,0.379120075,0.3786467875,0.3795933625
"large","binary","random_25",1000,10000,"sap","hk01","no_cost_scale",2,2.0505625,2.0501615,2.0509635
"large","binary","random_25",1500,1500,"sap","hk01","no_cost_scale",2,0.812177925,0.8117453125,0.8126105375
"large","binary","random_25",1500,4500,"sap","hk01","no_cost_scale",2,1.99313075,1.992240375,1.994021125
"large","dbl_uniform","none",1000,10000,"sap","jv","default",2,0.476775,0.474745575,0.478804425
"large","dbl_uniform","none",1500,1500,"sap","jv","default",2,0.255365,0.25315295,0.25757705
"large","dbl_uniform","none",1500,4500,"sap","jv","default",2,0.327077525,0.3251912125,0.3289638375
"large","dbl_uniform","random_01",1000,10000,"sap","jv","default",2,0.1021156225,0.09766433375,0.10656691125
"large","dbl_uniform","random_01",1500,1500,"sap","jv","default",2,0.038058885,0.03546549,0.04065228
"large","dbl_uniform","random_01",1500,4500,"sap","jv","default",2,0.081912945,0.0749549425,0.0888709475
"large","dbl_uniform","random_25",1000,10000,"sap","jv","default",2,0.224030275,0.2226278125,0.2254327375
"large","dbl_uniform","random_25",1500,1500,"sap","jv","default",2,0.1151438,0.114294875,0.115992725
"large","dbl_uniform","random_25",1500,4500,"sap","jv","default",2,0.156993,0.1540497,0.1599363
"large","heavy_tailed","none",1000,10000,"sap","jv","default",2,0.474734525,0.4718555875,0.4776134625
"large","heavy_tailed","none",1500,1500,"sap","jv","default",2,0.237197875,0.2361732875,0.2382224625
"large","heavy_tailed","none",1500,4500,"sap","jv","default",2,0.320860125,0.3208096625,0.3209105875
"large","heavy_tailed","random_01",1000,10000,"sap","jv","default",2,0.099126805,0.097369465,0.100884145
"large","heavy_tailed","random_01",1500,1500,"sap","jv","default",2,0.036677535,0.03393156,0.03942351
"large","heavy_tailed","random_01",1500,4500,"sap","jv","default",2,0.0963606375,0.09590538125,0.09681589375
"large","heavy_tailed","random_25",1000,10000,"sap","jv","default",2,0.21995755,0.2173154,0.2225997
"large","heavy_tailed","random_25",1500,1500,"sap","jv","default",2,0.112139915,0.1099051225,0.1143747075
"large","heavy_tailed","random_25",1500,4500,"sap","jv","default",2,0.165527775,0.1639831125,0.1670724375
"large","int_uniform","none",1000,10000,"sap","jv","default",2,0.479235075,0.4769080625,0.4815620875
"large","int_uniform","none",1500,1500,"sap","jv","default",2,0.227866525,0.2253803375,0.2303527125
"large","int_uniform","none",1500,4500,"sap","jv","default",2,0.321718225,0.3212078875,0.3222285625
"large","int_uniform","random_01",1000,10000,"sap","jv","default",2,0.093545845,0.0934115125,0.0936801775
"large","int_uniform","random_01",1500,1500,"sap","jv","default",2,0.04462605,0.0429635675,0.0462885325
"large","int_uniform","random_01",1500,4500,"sap","jv","default",2,0.0930681625,0.09271524875,0.09342107625
"large","int_uniform","random_25",1000,10000,"sap","jv","default",2,0.2318224,0.2302693,0.2333755
"large","int_uniform","random_25",1500,1500,"sap","jv","default",2,0.1084268925,0.10593223875,0.11092154625
"large","int_uniform","random_25",1500,4500,"sap","jv","default",2,0.1762013,0.1751482,0.1772544
"large","metric_clustered","none",1000,10000,"sap","jv","default",2,0.466054925,0.4639591375,0.4681507125
"large","metric_clustered","none",1500,1500,"sap","jv","default",2,0.413325625,0.3929659375,0.4336853125
"large","metric_clustered","none",1500,4500,"sap","jv","default",2,0.32369005,0.322884125,0.324495975
"large","metric_clustered","random_01",1000,10000,"sap","jv","default",2,0.09707356,0.096251585,0.097895535
"large","metric_clustered","random_01",1500,1500,"sap","jv","default",2,0.031255685,0.030359665,0.032151705
"large","metric_clustered","random_01",1500,4500,"sap","jv","default",2,0.0760179275,0.07113202375,0.08090383125
"large","metric_clustered","random_25",1000,10000,"sap","jv","default",2,0.2228248,0.2215101,0.2241395
"large","metric_clustered","random_25",1500,1500,"sap","jv","default",2,0.147874175,0.1461014375,0.1496469125
"large","metric_clustered","random_25",1500,4500,"sap","jv","default",2,0.166925625,0.1640840625,0.1697671875
"base","binary","block_4",500,1500,"sap_dense","hk01","no_cost_scale",3,0.07920376,0.07895329,0.08004873
"base","binary","block_4",500,500,"sap_dense","hk01","no_cost_scale",3,0.02596596,0.02589521,0.0264391
"base","binary","block_4",500,5000,"sap_dense","hk01","no_cost_scale",3,0.2590765,0.2566677,0.25997685
"base","binary","none",500,1500,"sap_dense","hk01","no_cost_scale",3,0.2852485,0.28411425,0.28666445
"base","binary","none",500,500,"sap_dense","hk01","no_cost_scale",3,0.08893806,0.08861584,0.08982684
"base","binary","none",500,5000,"sap_dense","hk01","no_cost_scale",3,0.9670866,0.9661068,0.96884945
"base","binary","random_01",500,1500,"sap_dense","hk01","no_cost_scale",3,0.02478122,0.023352145,0.02611817
"base","binary","random_01",500,500,"sap_dense","hk01","no_cost_scale",3,0.01804549,0.01634307,0.021439515
"base","binary","random_01",500,5000,"sap_dense","hk01","no_cost_scale",3,0.08114142,0.078648865,0.08371714
"base","binary","random_05",500,1500,"sap_dense","hk01","no_cost_scale",3,0.3070821,0.30606505,0.3076676
"base","binary","random_05",500,500,"sap_dense","hk01","no_cost_scale",3,0.09494296,0.09448704,0.09508482
"base","binary","random_05",500,5000,"sap_dense","hk01","no_cost_scale",3,1.028426,1.023377,1.02878
"base","binary","random_25",500,1500,"sap_dense","hk01","no_cost_scale",3,0.4770022,0.4764991,0.47768315
"base","binary","random_25",500,500,"sap_dense","hk01","no_cost_scale",3,0.1251422,0.12509485,0.12567785
"base","binary","random_25",500,5000,"sap_dense","hk01","no_cost_scale",3,1.699943,1.698901,1.700859
"base","binary","random_60",500,1500,"sap_dense","hk01","no_cost_scale",3,0.5798648,0.57892845,0.58227605
"base","binary","random_60",500,500,"sap_dense","hk01","no_cost_scale",3,0.1291867,0.12913145,0.12949985
"base","binary","random_60",500,5000,"sap_dense","hk01","no_cost_scale",3,2.133899,2.1333695,2.134906
"base","constant","block_4",500,1500,"sap_dense","hk01","no_cost_scale",3,0.07558469,0.07548883,0.07621783
"base","constant","block_4",500,500,"sap_dense","hk01","no_cost_scale",3,0.02581717,0.025302785,0.025985905
"base","constant","block_4",500,5000,"sap_dense","hk01","no_cost_scale",3,0.252797,0.25232535,0.25655335
"base","constant","none",500,1500,"sap_dense","hk01","no_cost_scale",3,0.2806769,0.27983025,0.28088055
"base","constant","none",500,500,"sap_dense","hk01","no_cost_scale",3,0.0861715,0.08612218,0.086627935
"base","constant","none",500,5000,"sap_dense","hk01","no_cost_scale",3,0.9519994,0.95188315,0.95501575
"base","constant","random_01",500,1500,"sap_dense","hk01","no_cost_scale",3,0.1870706,0.17831885,0.1897579
"base","constant","random_01",500,500,"sap_dense","hk01","no_cost_scale",3,0.06817648,0.06775916,0.06949502
"base","constant","random_01",500,5000,"sap_dense","hk01","no_cost_scale",3,0.560116,0.5427679,0.56854445
"base","constant","random_05",500,1500,"sap_dense","hk01","no_cost_scale",3,0.3192722,0.31854405,0.3198435
"base","constant","random_05",500,500,"sap_dense","hk01","no_cost_scale",3,0.09734749,0.09728107,0.097506855
"base","constant","random_05",500,5000,"sap_dense","hk01","no_cost_scale",3,1.079732,1.079691,1.082238
"base","constant","random_25",500,1500,"sap_dense","hk01","no_cost_scale",3,0.4750297,0.47334425,0.47582815
"base","constant","random_25",500,500,"sap_dense","hk01","no_cost_scale",3,0.1249071,0.12490655,0.1250566
"base","constant","random_25",500,5000,"sap_dense","hk01","no_cost_scale",3,1.692328,1.6914565,1.692983
"base","constant","random_60",500,1500,"sap_dense","hk01","no_cost_scale",3,0.5758391,0.575387,0.57592225
"base","constant","random_60",500,500,"sap_dense","hk01","no_cost_scale",3,0.1281673,0.128058,0.12869095
"base","constant","random_60",500,5000,"sap_dense","hk01","no_cost_scale",3,2.122692,2.121646,2.1261795
"base","dbl_uniform","block_4",500,1500,"sap_dense","jv","default",3,0.01412922,0.01407227,0.014153675
"base","dbl_uniform","block_4",500,500,"sap_dense","jv","default",3,0.006727362,0.0065187335,0.0071200395
"base","dbl_uniform","block_4",500,5000,"sap_dense","jv","default",3,0.03149407,0.02769876,0.034349595
"base","dbl_uniform","none",500,1500,"sap_dense","jv","default",3,0.009365507,0.0092123925,0.0093852895
"base","dbl_uniform","none",500,500,"sap_dense","jv","default",3,0.01192719,0.01181126,0.01196419
"base","dbl_uniform","none",500,5000,"sap_dense","jv","default",3,0.02223127,0.021889675,0.02571592
"base","dbl_uniform","random_01",500,1500,"sap_dense","jv","default",3,0.01459707,0.01262999,0.01467226
"base","dbl_uniform","random_01",500,500,"sap_dense","jv","default",3,0.01019854,0.0097690265,0.010745175
"base","dbl_uniform","random_01",500,5000,"sap_dense","jv","default",3,0.03801381,0.033356575,0.03926185
"base","dbl_uniform","random_05",500,1500,"sap_dense","jv","default",3,0.01523412,0.01523205,0.01529382
"base","dbl_uniform","random_05",500,500,"sap_dense","jv","default",3,0.01239118,0.01174377,0.012819815
"base","dbl_uniform","random_05",500,5000,"sap_dense","jv","default",3,0.03084594,0.02914651,0.03590704
"base","dbl_uniform","random_25",500,1500,"sap_dense","jv","default",3,0.01798408,0.017151675,0.018018025
"base","dbl_uniform","random_25",500,500,"sap_dense","jv","default",3,0.01878341,0.018278125,0.020376875
"base","dbl_uniform","random_25",500,5000,"sap_dense","jv","default",3,0.03830552,0.03748513,0.04072616
"base","dbl_uniform","random_60",500,1500,"sap_dense","jv","default",3,0.01992854,0.018541595,0.020011195
"base","dbl_uniform","random_60",500,500,"sap_dense","jv","default",3,0.02112841,0.019662125,0.022664965
"base","dbl_uniform","random_60",500,5000,"sap_dense","jv","default",3,0.05510962,0.05123194,0.058812515
"base","heavy_tailed","block_4",500,1500,"sap_dense","jv","default",3,0.00900524,0.0090016115,0.010435545
"base","heavy_tailed","block_4",500,500,"sap_dense","jv","default",3,0.0078228,0.0072658355,0.0083222005
"base","heavy_tailed","block_4",500,5000,"sap_dense","jv","default",3,0.03053303,0.03039904,0.032104705
"base","heavy_tailed","none",500,1500,"sap_dense","jv","default",3,0.00932627,0.008342393,0.00979248
"base","heavy_tailed","none",500,500,"sap_dense","jv","default",3,0.01189549,0.011614825,0.012950855
"base","heavy_tailed","none",500,5000,"sap_dense","jv","default",3,0.02708513,0.02655816,0.02732119
"base","heavy_tailed","random_01",500,1500,"sap_dense","jv","default",3,0.009470344,0.0087609415,0.011045607
"base","heavy_tailed","random_01",500,500,"sap_dense","jv","default",3,0.01226359,0.012021835,0.01265877
"base","heavy_tailed","random_01",500,5000,"sap_dense","jv","default",3,0.02474252,0.024681245,0.026159785
"base","heavy_tailed","random_05",500,1500,"sap_dense","jv","default",3,0.01268044,0.01260014,0.01295836
"base","heavy_tailed","random_05",500,500,"sap_dense","jv","default",3,0.01464651,0.01436843,0.01594285
"base","heavy_tailed","random_05",500,5000,"sap_dense","jv","default",3,0.03110604,0.028885975,0.035518215
"base","heavy_tailed","random_25",500,1500,"sap_dense","jv","default",3,0.01325604,0.012962275,0.014732385
"base","heavy_tailed","random_25",500,500,"sap_dense","jv","default",3,0.02207797,0.019477665,0.02264719
"base","heavy_tailed","random_25",500,5000,"sap_dense","jv","default",3,0.03759647,0.03714149,0.042136235
"base","heavy_tailed","random_60",500,1500,"sap_dense","jv","default",3,0.01783074,0.01647091,0.017855975
"base","heavy_tailed","random_60",500,500,"sap_dense","jv","default",3,0.01991509,0.01973781,0.021756955
"base","heavy_tailed","random_60",500,5000,"sap_dense","jv","default",3,0.06237691,0.05988952,0.062751545
"base","int_uniform","block_4",500,1500,"sap_dense","jv","default",3,0.009281621,0.008770392,0.0096540655
"base","int_uniform","block_4",500,500,"sap_dense","jv","default",3,0.006791527,0.0066240215,0.0072969135
"base","int_uniform","block_4",500,5000,"sap_dense","jv","default",3,0.03198246,0.031939285,0.03218867
"base","int_uniform","none",500,1500,"sap_dense","jv","default",3,0.008380318,0.008307338,0.0089667205
"base","int_uniform","none",500,500,"sap_dense","jv","default",3,0.0123066,0.0120861,0.01271619
"base","int_uniform","none",500,5000,"sap_dense","jv","default",3,0.02403223,0.023981455,0.024266055
"base","int_uniform","random_01",500,1500,"sap_dense","jv","default",3,0.01247277,0.011434055,0.012758745
"base","int_uniform","random_01",500,500,"sap_dense","jv","default",3,0.008520866,0.008232349,0.009725468
"base","int_uniform","random_01",500,5000,"sap_dense","jv","default",3,0.02643803,0.0248526,0.031741075
"base","int_uniform","random_05",500,1500,"sap_dense","jv","default",3,0.008817542,0.0087109215,0.010031941
"base","int_uniform","random_05",500,500,"sap_dense","jv","default",3,0.01264178,0.01213151,0.0128764
"base","int_uniform","random_05",500,5000,"sap_dense","jv","default",3,0.02807081,0.026585855,0.028776975
"base","int_uniform","random_25",500,1500,"sap_dense","jv","default",3,0.01319856,0.01269383,0.01476193
"base","int_uniform","random_25",500,500,"sap_dense","jv","default",3,0.01533347,0.01476355,0.01698866
"base","int_uniform","random_25",500,5000,"sap_dense","jv","default",3,0.03928526,0.03737913,0.043005025
"base","int_uniform","random_60",500,1500,"sap_dense","jv","default",3,0.01881506,0.018083745,0.01907453
"base","int_uniform","random_60",500,500,"sap_dense","jv","default",3,0.02058577,0.020350965,0.020818755
"base","int_uniform","random_60",500,5000,"sap_dense","jv","default",3,0.05568661,0.05339053,0.056011435
"base","metric_clustered","block_4",500,1500,"sap_dense","jv","default",3,0.009688341,0.0093418295,0.00981827
"base","metric_clustered","block_4",500,500,"sap_dense","jv","default",3,0.008892203,0.0087665995,0.0093141135
"base","metric_clustered","block_4",500,5000,"sap_dense","jv","default",3,0.02414916,0.023839265,0.028954115
"base","metric_clustered","none",500,1500,"sap_dense","jv","default",3,0.009448901,0.0088484355,0.0100946505
"base","metric_clustered","none",500,500,"sap_dense","jv","default",3,0.01487369,0.01396017,0.01661166
"base","metric_clustered","none",500,5000,"sap_dense","jv","default",3,0.03545053,0.035043685,0.035934555
"base","metric_clustered","random_01",500,1500,"sap_dense","jv","default",3,0.01011839,0.01009584,0.010585275
"base","metric_clustered","random_01",500,500,"sap_dense","jv","default",3,0.009911504,0.00960917,0.009990942
"base","metric_clustered","random_01",500,5000,"sap_dense","jv","default",3,0.02606739,0.02539706,0.027671845
"base","metric_clustered","random_05",500,1500,"sap_dense","jv","default",3,0.01146708,0.01046904,0.01269977
"base","metric_clustered","random_05",500,500,"sap_dense","jv","default",3,0.01507135,0.01441486,0.017811175
"base","metric_clustered","random_05",500,5000,"sap_dense","jv","default",3,0.02701752,0.026711845,0.03310422
"base","metric_clustered","random_25",500,1500,"sap_dense","jv","default",3,0.01413524,0.013381745,0.01467277
"base","metric_clustered","random_25",500,500,"sap_dense","jv","default",3,0.03040531,0.029019245,0.03173779
"base","metric_clustered","random_25",500,5000,"sap_dense","jv","default",3,0.04737657,0.047093035,0.047906555
"base","metric_clustered","random_60",500,1500,"sap_dense","jv","default",3,0.01845545,0.01807362,0.01900686
"base","metric_clustered","random_60",500,500,"sap_dense","jv","default",3,0.0324481,0.02778601,0.03347923
"base","metric_clustered","random_60",500,5000,"sap_dense","jv","default",3,0.05451996,0.050358335,0.054719995
"base","metric_uniform","block_4",500,1500,"sap_dense","jv","default",3,0.008521973,0.0085055115,0.0097038365
"base","metric_uniform","block_4",500,500,"sap_dense","jv","default",3,0.007995574,0.0079327825,0.0080909195
"base","metric_uniform","block_4",500,5000,"sap_dense","jv","default",3,0.03712804,0.03462034,0.037128225
"base","metric_uniform","none",500,1500,"sap_dense","jv","default",3,0.01013147,0.009060939,0.010300715
"base","metric_uniform","none",500,500,"sap_dense","jv","default",3,0.01433016,0.012919595,0.014555885
"base","metric_uniform","none",500,5000,"sap_dense","jv","default",3,0.02107949,0.021023525,0.021531335
"base","metric_uniform","random_01",500,1500,"sap_dense","jv","default",3,0.01284001,0.012776605,0.012991875
"base","metric_uniform","random_01",500,500,"sap_dense","jv","default",3,0.009909536,0.0097261635,0.009982618
"base","metric_uniform","random_01",500,5000,"sap_dense","jv","default",3,0.02740641,0.026063985,0.03193527
"base","metric_uniform","random_05",500,1500,"sap_dense","jv","default",3,0.0136883,0.01275957,0.01377444
"base","metric_uniform","random_05",500,500,"sap_dense","jv","default",3,0.01471219,0.012689785,0.014976745
"base","metric_uniform","random_05",500,5000,"sap_dense","jv","default",3,0.03780286,0.0343859,0.03809564
"base","metric_uniform","random_25",500,1500,"sap_dense","jv","default",3,0.0150657,0.013907325,0.015514605
"base","metric_uniform","random_25",500,500,"sap_dense","jv","default",3,0.02302154,0.02127982,0.024247705
"base","metric_uniform","random_25",500,5000,"sap_dense","jv","default",3,0.04080902,0.03895127,0.04626567
"base","metric_uniform","random_60",500,1500,"sap_dense","jv","default",3,0.01684481,0.01649145,0.01753279
"base","metric_uniform","random_60",500,500,"sap_dense","jv","default",3,0.02321494,0.021432095,0.02452569
"base","metric_uniform","random_60",500,5000,"sap_dense","jv","default",3,0.05157693,0.049192065,0.054086175
"base","tied","block_4",500,1500,"sap_dense","jv","default",3,0.07822197,0.07813378,0.07937149
"base","tied","block_4",500,500,"sap_dense","jv","default",3,0.02610486,0.02598512,0.02641919
"base","tied","block_4",500,5000,"sap_dense","jv","default",3,0.2570361,0.2570107,0.26302915
"base","tied","none",500,1500,"sap_dense","jv","default",3,0.2898783,0.28920075,0.29017065
"base","tied","none",500,500,"sap_dense","jv","default",3,0.09109946,0.09091205,0.091187875
"base","tied","none",500,5000,"sap_dense","jv","default",3,0.9842944,0.98406405,0.98516765
"base","tied","random_01",500,1500,"sap_dense","jv","default",3,0.009097039,0.008685563,0.0093252245
"base","tied","random_01",500,500,"sap_dense","jv","default",3,0.008007382,0.0077183115,0.0081112555
"base","tied","random_01",500,5000,"sap_dense","jv","default",3,0.04041776,0.03484629,0.041137515
"base","tied","random_05",500,1500,"sap_dense","jv","default",3,0.1908919,0.1887868,0.19681445
"base","tied","random_05",500,500,"sap_dense","jv","default",3,0.07008105,0.069942925,0.071349795
"base","tied","random_05",500,5000,"sap_dense","jv","default",3,0.6377472,0.61728525,0.6388345
"base","tied","random_25",500,1500,"sap_dense","jv","default",3,0.4767857,0.47576895,0.4776203
"base","tied","random_25",500,500,"sap_dense","jv","default",3,0.128521,0.1282486,0.128773
"base","tied","random_25",500,5000,"sap_dense","jv","default",3,1.68881,1.6856535,1.690729
"base","tied","random_60",500,1500,"sap_dense","jv","default",3,0.583945,0.5834357,0.58450375
"base","tied","random_60",500,500,"sap_dense","jv","default",3,0.1331728,0.1325479,0.13317695
"base","tied","random_60",500,5000,"sap_dense","jv","default",3,2.145028,2.1446445,2.1452995
