"tier","regime","pattern","n_rows","n_cols","method","auto_method","auto_rule","instances","median_s","q25_s","q75_s"
"base","binary","block_4",500,1500,"auction_scaled","hk01","no_cost_scale",3,0.1590996,0.15663815,0.1616832
"base","binary","block_4",500,500,"auction_scaled","hk01","no_cost_scale",3,0.004633369,0.0046287155,0.004634845
"base","binary","block_4",500,5000,"auction_scaled","hk01","no_cost_scale",3,2.07982,2.0789255,2.156042
"base","binary","none",500,1500,"auction_scaled","hk01","no_cost_scale",3,0.1281915,0.12723085,0.1283186
"base","binary","none",500,500,"auction_scaled","hk01","no_cost_scale",3,0.0143204,0.01423346,0.01433922
"base","binary","none",500,5000,"auction_scaled","hk01","no_cost_scale",3,1.687969,1.686328,1.7383815
"base","binary","random_01",500,1500,"auction_scaled","hk01","no_cost_scale",3,0.1945359,0.1915323,0.19837225
"base","binary","random_01",500,500,"auction_scaled","hk01","no_cost_scale",3,0.001979726,0.0018944255,0.002055207
"base","binary","random_01",500,5000,"auction_scaled","hk01","no_cost_scale",3,2.479928,2.4793965,2.501727
"base","binary","random_05",500,1500,"auction_scaled","hk01","no_cost_scale",3,0.1291226,0.1248336,0.13245365
"base","binary","random_05",500,500,"auction_scaled","hk01","no_cost_scale",3,0.002731543,0.002687796,0.0028248795
"base","binary","random_05",500,5000,"auction_scaled","hk01","no_cost_scale",3,1.831855,1.8229135,1.8913385
"base","binary","random_25",500,1500,"auction_scaled","hk01","no_cost_scale",3,0.109332,0.10575855,0.11474995
"base","binary","random_25",500,500,"auction_scaled","hk01","no_cost_scale",3,0.006101456,0.006098873,0.006141636
"base","binary","random_25",500,5000,"auction_scaled","hk01","no_cost_scale",3,1.670206,1.634957,1.690699
"base","binary","random_60",500,1500,"auction_scaled","hk01","no_cost_scale",3,0.1257714,0.1231894,0.1365655
"base","binary","random_60",500,500,"auction_scaled","hk01","no_cost_scale",3,0.01114519,0.01109226,0.01119999
"base","binary","random_60",500,5000,"auction_scaled","hk01","no_cost_scale",3,1.65416,1.5951535,1.664291
"base","constant","block_4",500,1500,"auction_scaled","hk01","no_cost_scale",3,0.1482068,0.14817085,0.1482323
"base","constant","block_4",500,500,"auction_scaled","hk01","no_cost_scale",3,0.003084758,0.0030833435,0.0030901085
"base","constant","block_4",500,5000,"auction_scaled","hk01","no_cost_scale",3,2.465319,2.464902,2.4653825
"base","constant","none",500,1500,"auction_scaled","hk01","no_cost_scale",3,0.1847073,0.18459525,0.184731
"base","constant","none",500,500,"auction_scaled","hk01","no_cost_scale",3,0.0091102,0.0091081705,0.009114013
"base","constant","none",500,5000,"auction_scaled","hk01","no_cost_scale",3,2.314426,2.314362,2.3147885
"base","constant","random_01",500,1500,"auction_scaled","hk01","no_cost_scale",3,0.1554782,0.1505744,0.15610065
"base","constant","random_01",500,500,"auction_scaled","hk01","no_cost_scale",3,0.001989853,0.001953035,0.00203073
"base","constant","random_01",500,5000,"auction_scaled","hk01","no_cost_scale",3,2.50394,2.348351,2.518852
"base","constant","random_05",500,1500,"auction_scaled","hk01","no_cost_scale",3,0.1385026,0.13752075,0.14056415
"base","constant","random_05",500,500,"auction_scaled","hk01","no_cost_scale",3,0.002575415,0.0025620285,0.002580253
"base","constant","random_05",500,5000,"auction_scaled","hk01","no_cost_scale",3,2.059697,2.0099735,2.119094
"base","constant","random_25",500,1500,"auction_scaled","hk01","no_cost_scale",3,0.1270895,0.12527405,0.13246095
"base","constant","random_25",500,500,"auction_scaled","hk01","no_cost_scale",3,0.005474361,0.005270304,0.0055108715
"base","constant","random_25",500,5000,"auction_scaled","hk01","no_cost_scale",3,1.87291,1.871215,2.023594
"base","constant","random_60",500,1500,"auction_scaled","hk01","no_cost_scale",3,0.1626857,0.1371135,0.17066815
"base","constant","random_60",500,500,"auction_scaled","hk01","no_cost_scale",3,0.008894294,0.008483269,0.0093419115
"base","constant","random_60",500,5000,"auction_scaled","hk01","no_cost_scale",3,2.156204,2.0459805,2.2505175
"base","dbl_uniform","block_4",500,1500,"auction_scaled","jv","default",3,0.277519,0.26560685,0.28369115
"base","dbl_uniform","block_4",500,500,"auction_scaled","jv","default",3,0.002658112,0.002657907,0.0026701455
"base","dbl_uniform","block_4",500,5000,"auction_scaled","jv","default",3,3.741698,3.6835905,3.7656785
"base","dbl_uniform","none",500,1500,"auction_scaled","jv","default",3,0.2640368,0.24953705,0.2716588
"base","dbl_uniform","none",500,500,"auction_scaled","jv","default",3,0.008109923,0.008039116,0.0081613165
"base","dbl_uniform","none",500,5000,"auction_scaled","jv","default",3,3.221962,3.213066,3.257663
"base","dbl_uniform","random_01",500,1500,"auction_scaled","jv","default",3,0.3130194,0.30792525,0.3192338
"base","dbl_uniform","random_01",500,500,"auction_scaled","jv","default",3,0.001379937,0.0013725775,0.0013891415
"base","dbl_uniform","random_01",500,5000,"auction_scaled","jv","default",3,4.457737,4.156735,4.703106
"base","dbl_uniform","random_05",500,1500,"auction_scaled","jv","default",3,0.2682483,0.2553339,0.27322915
"base","dbl_uniform","random_05",500,500,"auction_scaled","jv","default",3,0.001940735,0.0019354255,0.0019664215
"base","dbl_uniform","random_05",500,5000,"auction_scaled","jv","default",3,4.106197,3.7965745,4.1312595
"base","dbl_uniform","random_25",500,1500,"auction_scaled","jv","default",3,0.2366535,0.2355644,0.239883
"base","dbl_uniform","random_25",500,500,"auction_scaled","jv","default",3,0.004259449,0.0042154355,0.004319842
"base","dbl_uniform","random_25",500,5000,"auction_scaled","jv","default",3,3.392408,3.386668,3.428345
"base","dbl_uniform","random_60",500,1500,"auction_scaled","jv","default",3,0.2694404,0.2654212,0.2831659
"base","dbl_uniform","random_60",500,500,"auction_scaled","jv","default",3,0.007432931,0.007319115,0.0075377065
"base","dbl_uniform","random_60",500,5000,"auction_scaled","jv","default",3,3.186964,2.988049,3.32156
"base","heavy_tailed","block_4",500,1500,"auction_scaled","jv","default",1,0.2627342,0.2627342,0.2627342
"base","heavy_tailed","block_4",500,500,"auction_scaled","jv","default",3,0.005798384,0.005750209,0.005859023
"base","heavy_tailed","none",500,1500,"auction_scaled","jv","default",1,0.2566165,0.2566165,0.2566165
"base","heavy_tailed","none",500,500,"auction_scaled","jv","default",3,0.02036745,0.01997178,0.02074627
"base","heavy_tailed","random_01",500,1500,"auction_scaled","jv","default",3,0.3668601,0.3560363,0.38718435
"base","heavy_tailed","random_01",500,500,"auction_scaled","jv","default",3,0.002179519,0.002062915,0.0022108635
"base","heavy_tailed","random_05",500,1500,"auction_scaled","jv","default",2,0.2841768,0.27922475,0.28912885
"base","heavy_tailed","random_05",500,500,"auction_scaled","jv","default",3,0.00322342,0.003147857,0.0032802255
"base","heavy_tailed","random_25",500,1500,"auction_scaled","jv","default",3,0.2307706,0.2262241,0.24728505
"base","heavy_tailed","random_25",500,500,"auction_scaled","jv","default",3,0.007346954,0.007181355,0.0075047835
"base","heavy_tailed","random_60",500,500,"auction_scaled","jv","default",3,0.0140787,0.0140786,0.0141385
"base","int_uniform","block_4",500,1500,"auction_scaled","jv","default",3,0.5230796,0.4543862,0.53414535
"base","int_uniform","block_4",500,500,"auction_scaled","jv","default",3,0.002980741,0.002950975,0.00301924
"base","int_uniform","block_4",500,5000,"auction_scaled","jv","default",3,6.102961,6.061705,6.9451055
"base","int_uniform","none",500,1500,"auction_scaled","jv","default",3,0.5307299,0.5118993,0.5922602
"base","int_uniform","none",500,500,"auction_scaled","jv","default",3,0.00999744,0.0098478515,0.01010728
"base","int_uniform","none",500,5000,"auction_scaled","jv","default",3,4.756397,4.4727235,5.2591365
"base","int_uniform","random_01",500,1500,"auction_scaled","jv","default",3,0.5051119,0.50460295,0.6183853
"base","int_uniform","random_01",500,500,"auction_scaled","jv","default",3,0.001391294,0.001379773,0.001397772
"base","int_uniform","random_01",500,5000,"auction_scaled","jv","default",3,8.201721,7.2451465,9.0492155
"base","int_uniform","random_05",500,1500,"auction_scaled","jv","default",3,0.4633768,0.46017015,0.4661526
"base","int_uniform","random_05",500,500,"auction_scaled","jv","default",3,0.001994158,0.0019708905,0.001994855
"base","int_uniform","random_05",500,5000,"auction_scaled","jv","default",3,6.113238,5.869709,8.205019
"base","int_uniform","random_25",500,1500,"auction_scaled","jv","default",3,0.3628162,0.35091595,0.4516218
"base","int_uniform","random_25",500,500,"auction_scaled","jv","default",3,0.004477487,0.004468385,0.004574001
"base","int_uniform","random_25",500,5000,"auction_scaled","jv","default",3,5.493179,5.414078,6.2459475
"base","int_uniform","random_60",500,1500,"auction_scaled","jv","default",3,0.4426144,0.4129505,0.44825285
"base","int_uniform","random_60",500,500,"auction_scaled","jv","default",3,0.008108775,0.008077984,0.0081738625
"base","int_uniform","random_60",500,5000,"auction_scaled","jv","default",3,5.389657,5.1694465,5.608049
"base","metric_clustered","block_4",500,1500,"auction_scaled","jv","default",3,0.3517435,0.34783975,0.3672292
"base","metric_clustered","block_4",500,500,"auction_scaled","jv","default",3,0.002727443,0.0027188535,0.0027586645
"base","metric_clustered","block_4",500,5000,"auction_scaled","jv","default",3,4.599266,4.479613,4.627796
"base","metric_clustered","none",500,1500,"auction_scaled","jv","default",3,0.3478992,0.3387346,0.3765133
"base","metric_clustered","none",500,500,"auction_scaled","jv","default",3,0.007685819,0.0074812085,0.008282246
"base","metric_clustered","none",500,5000,"auction_scaled","jv","default",3,4.093422,4.0878745,4.5320375
"base","metric_clustered","random_01",500,1500,"auction_scaled","jv","default",3,0.4862702,0.44333675,0.5058629
"base","metric_clustered","random_01",500,500,"auction_scaled","jv","default",3,0.001366858,0.001360749,0.0013735615
"base","metric_clustered","random_01",500,5000,"auction_scaled","jv","default",3,5.692211,5.277851,5.751337
"base","metric_clustered","random_05",500,1500,"auction_scaled","jv","default",3,0.4028559,0.36705435,0.4662443
"base","metric_clustered","random_05",500,500,"auction_scaled","jv","default",3,0.002113304,0.002049795,0.002120971
"base","metric_clustered","random_05",500,5000,"auction_scaled","jv","default",3,4.628148,4.514213,5.0866515
"base","metric_clustered","random_25",500,1500,"auction_scaled","jv","default",3,0.3363887,0.32494135,0.35480985
"base","metric_clustered","random_25",500,500,"auction_scaled","jv","default",3,0.004559733,0.0045565145,0.004580807
"base","metric_clustered","random_25",500,5000,"auction_scaled","jv","default",3,4.124605,4.0594025,4.9427495
"base","metric_clustered","random_60",500,1500,"auction_scaled","jv","default",3,0.3460271,0.34222065,0.37369015
"base","metric_clustered","random_60",500,500,"auction_scaled","jv","default",3,0.007591806,0.007517391,0.007623089
"base","metric_clustered","random_60",500,5000,"auction_scaled","jv","default",3,4.243531,4.1117495,4.286616
"base","metric_uniform","block_4",500,1500,"auction_scaled","jv","default",3,0.319826,0.302202,0.33028715
"base","metric_uniform","block_4",500,500,"auction_scaled","jv","default",3,0.002430439,0.0024250475,0.0024783065
"base","metric_uniform","block_4",500,5000,"auction_scaled","jv","default",3,4.257615,4.1401825,4.732942
"base","metric_uniform","none",500,1500,"auction_scaled","jv","default",3,0.3256797,0.30348905,0.34907175
"base","metric_uniform","none",500,500,"auction_scaled","jv","default",3,0.00696467,0.0069273395,0.0070397615
"base","metric_uniform","none",500,5000,"auction_scaled","jv","default",3,3.959691,3.9454885,4.086648
"base","metric_uniform","random_01",500,1500,"auction_scaled","jv","default",3,0.3346303,0.32624525,0.34178455
"base","metric_uniform","random_01",500,500,"auction_scaled","jv","default",3,0.001395107,0.0013945125,0.001405562
"base","metric_uniform","random_01",500,5000,"auction_scaled","jv","default",3,4.503919,4.4528415,4.7902225
"base","metric_uniform","random_05",500,1500,"auction_scaled","jv","default",3,0.2865925,0.2854202,0.29423025
"base","metric_uniform","random_05",500,500,"auction_scaled","jv","default",3,0.001897808,0.0018881115,0.0018992225
"base","metric_uniform","random_05",500,5000,"auction_scaled","jv","default",3,4.060095,3.896305,4.3559845
"base","metric_uniform","random_25",500,1500,"auction_scaled","jv","default",3,0.2942483,0.29410765,0.29923965
"base","metric_uniform","random_25",500,500,"auction_scaled","jv","default",3,0.004031776,0.0040212185,0.004071792
"base","metric_uniform","random_25",500,5000,"auction_scaled","jv","default",3,3.991374,3.885479,4.1844965
"base","metric_uniform","random_60",500,1500,"auction_scaled","jv","default",3,0.2775634,0.27103625,0.29924465
"base","metric_uniform","random_60",500,500,"auction_scaled","jv","default",3,0.006593907,0.006527405,0.006766271
"base","metric_uniform","random_60",500,5000,"auction_scaled","jv","default",3,3.523428,3.4990055,3.7842835
"base","tied","block_4",500,1500,"auction_scaled","jv","default",3,0.1664394,0.16523375,0.16910935
"base","tied","block_4",500,500,"auction_scaled","jv","default",3,0.004012506,0.004003486,0.004085445
"base","tied","block_4",500,5000,"auction_scaled","jv","default",3,2.663481,2.5949855,2.736996
"base","tied","none",500,1500,"auction_scaled","jv","default",3,0.1491446,0.14576765,0.15100075
"base","tied","none",500,500,"auction_scaled","jv","default",3,0.01367276,0.01345169,0.014310805
"base","tied","none",500,5000,"auction_scaled","jv","default",3,1.818512,1.818001,1.878048
"base","tied","random_01",500,1500,"auction_scaled","jv","default",3,0.2863199,0.28563935,0.29796745
"base","tied","random_01",500,500,"auction_scaled","jv","default",3,0.00150306,0.001426226,0.0015942235
"base","tied","random_01",500,5000,"auction_scaled","jv","default",3,2.753349,2.6711945,2.768472
"base","tied","random_05",500,1500,"auction_scaled","jv","default",3,0.1481508,0.14565135,0.1484125
"base","tied","random_05",500,500,"auction_scaled","jv","default",3,0.003819191,0.00370763,0.003965028
"base","tied","random_05",500,5000,"auction_scaled","jv","default",3,2.345838,2.1887585,2.441652
"base","tied","random_25",500,1500,"auction_scaled","jv","default",3,0.1381199,0.1288573,0.1407545
"base","tied","random_25",500,500,"auction_scaled","jv","default",3,0.005872184,0.005856276,0.005923393
"base","tied","random_25",500,5000,"auction_scaled","jv","default",3,1.747231,1.715267,1.8096945
"base","tied","random_60",500,1500,"auction_scaled","jv","default",3,0.1406701,0.13611565,0.1444673
"base","tied","random_60",500,500,"auction_scaled","jv","default",3,0.01124802,0.0107264,0.01134482
"base","tied","random_60",500,5000,"auction_scaled","jv","default",3,1.514688,1.5051105,1.698941
"base","binary","block_4",500,1500,"auto","hk01","no_cost_scale",3,0.004696181,0.004690195,0.004697616
"base","binary","block_4",500,500,"auto","hk01","no_cost_scale",3,0.001674153,0.001670299,0.001674809
"base","binary","block_4",500,5000,"auto","hk01","no_cost_scale",3,0.01603366,0.016012465,0.016046065
"base","binary","none",500,1500,"auto","hk01","no_cost_scale",3,0.01035246,0.010348565,0.010356005
"base","binary","none",500,500,"auto","hk01","no_cost_scale",3,0.00355716,0.003552855,0.003583236
"base","binary","none",500,5000,"auto","hk01","no_cost_scale",3,0.03465791,0.03463393,0.03477429
"base","binary","random_01",500,1500,"auto","hk01","no_cost_scale",3,0.003282788,0.0032730915,0.003292874
"base","binary","random_01",500,500,"auto","hk01","no_cost_scale",3,0.004444687,0.004251454,0.0051074725
"base","binary","random_01",500,5000,"auto","hk01","no_cost_scale",3,0.01182559,0.01178059,0.011869295
"base","binary","random_05",500,1500,"auto","hk01","no_cost_scale",3,0.003963675,0.0039636545,0.0039676315
"base","binary","random_05",500,500,"auto","hk01","no_cost_scale",3,0.001407776,0.001407284,0.0014129625
"base","binary","random_05",500,5000,"auto","hk01","no_cost_scale",3,0.01330786,0.01329435,0.01331034
"base","binary","random_25",500,1500,"auto","hk01","no_cost_scale",3,0.007894796,0.007892623,0.0079017865
"base","binary","random_25",500,500,"auto","hk01","no_cost_scale",3,0.002726049,0.0027187715,0.002727976
"base","binary","random_25",500,5000,"auto","hk01","no_cost_scale",3,0.02641995,0.026406995,0.02643178
"base","binary","random_60",500,1500,"auto","hk01","no_cost_scale",3,0.01226999,0.01220927,0.01227079
"base","binary","random_60",500,500,"auto","hk01","no_cost_scale",3,0.004205534,0.0042047345,0.004211028
"base","binary","random_60",500,5000,"auto","hk01","no_cost_scale",3,0.04129409,0.041224455,0.04137107
"base","constant","block_4",500,1500,"auto","hk01","no_cost_scale",3,0.003544081,0.003539038,0.0035477095
"base","constant","block_4",500,500,"auto","hk01","no_cost_scale",3,0.001236806,0.00123615,0.001239102
"base","constant","block_4",500,5000,"auto","hk01","no_cost_scale",3,0.01188692,0.011853425,0.01191515
"base","constant","none",500,1500,"auto","hk01","no_cost_scale",3,0.004945748,0.0049419145,0.0049491305
"base","constant","none",500,500,"auto","hk01","no_cost_scale",3,0.001751561,0.0017478915,0.001753406
"base","constant","none",500,5000,"auto","hk01","no_cost_scale",3,0.01652899,0.016508795,0.0165295
"base","constant","random_01",500,1500,"auto","hk01","no_cost_scale",3,0.003161059,0.0031509935,0.003165528
"base","constant","random_01",500,500,"auto","hk01","no_cost_scale",3,0.001132256,0.001128853,0.0011343675
"base","constant","random_01",500,5000,"auto","hk01","no_cost_scale",3,0.0113201,0.011309705,0.011438755
"base","constant","random_05",500,1500,"auto","hk01","no_cost_scale",3,0.003710992,0.003704596,0.003712017
"base","constant","random_05",500,500,"auto","hk01","no_cost_scale",3,0.001326514,0.0013228445,0.001328441
"base","constant","random_05",500,5000,"auto","hk01","no_cost_scale",3,0.01242616,0.012353505,0.01245412
"base","constant","random_25",500,1500,"auto","hk01","no_cost_scale",3,0.006604321,0.0066039315,0.0066063915
"base","constant","random_25",500,500,"auto","hk01","no_cost_scale",3,0.002283577,0.0022819575,0.0023054915
"base","constant","random_25",500,5000,"auto","hk01","no_cost_scale",3,0.0219202,0.02179927,0.021944945
"base","constant","random_60",500,1500,"auto","hk01","no_cost_scale",3,0.009049233,0.0090311725,0.0090667195
"base","constant","random_60",500,500,"auto","hk01","no_cost_scale",3,0.003152695,0.0031468935,0.003190661
"base","constant","random_60",500,5000,"auto","hk01","no_cost_scale",3,0.0302245,0.029984015,0.03026712
"base","dbl_uniform","block_4",500,1500,"auto","jv","default",3,0.003839199,0.003834607,0.003888727
"base","dbl_uniform","block_4",500,500,"auto","jv","default",3,0.003654289,0.003588525,0.0036890365
"base","dbl_uniform","block_4",500,5000,"auto","jv","default",3,0.01219184,0.01218364,0.012208445
"base","dbl_uniform","none",500,1500,"auto","jv","default",3,0.004110086,0.0040082625,0.004160762
"base","dbl_uniform","none",500,500,"auto","jv","default",3,0.00324843,0.003210956,0.0034285635
"base","dbl_uniform","none",500,5000,"auto","jv","default",3,0.0116597,0.01158633,0.01170556
"base","dbl_uniform","random_01",500,1500,"auto","jv","default",3,0.003757773,0.0037561125,0.0037684945
"base","dbl_uniform","random_01",500,500,"auto","jv","default",3,0.005819253,0.0055438355,0.005857178
"base","dbl_uniform","random_01",500,5000,"auto","jv","default",3,0.0124328,0.012427695,0.012453935
"base","dbl_uniform","random_05",500,1500,"auto","jv","default",3,0.004173062,0.004160475,0.0041823075
"base","dbl_uniform","random_05",500,500,"auto","jv","default",3,0.006814856,0.0065336985,0.00705651
"base","dbl_uniform","random_05",500,5000,"auto","jv","default",3,0.01371069,0.013690845,0.013723585
"base","dbl_uniform","random_25",500,1500,"auto","jv","default",3,0.006270007,0.0062578915,0.0062881905
"base","dbl_uniform","random_25",500,500,"auto","jv","default",3,0.008443991,0.008099181,0.008957762
"base","dbl_uniform","random_25",500,5000,"auto","jv","default",3,0.0198611,0.01985142,0.01992629
"base","dbl_uniform","random_60",500,1500,"auto","jv","default",3,0.008035467,0.0079797685,0.008147233
"base","dbl_uniform","random_60",500,500,"auto","jv","default",3,0.008850219,0.0084988695,0.0095174945
"base","dbl_uniform","random_60",500,5000,"auto","jv","default",3,0.02488106,0.02486507,0.02495875
"base","heavy_tailed","block_4",500,1500,"auto","jv","default",3,0.003833377,0.00381874,0.00384375
"base","heavy_tailed","block_4",500,500,"auto","jv","default",3,0.004216399,0.0039386035,0.004306148
"base","heavy_tailed","block_4",500,5000,"auto","jv","default",3,0.0122378,0.01220543,0.012260435
"base","heavy_tailed","none",500,1500,"auto","jv","default",3,0.003866956,0.003853385,0.0039316745
"base","heavy_tailed","none",500,500,"auto","jv","default",3,0.003668106,0.003649041,0.003846333
"base","heavy_tailed","none",500,5000,"auto","jv","default",3,0.01152567,0.011514415,0.011560605
"base","heavy_tailed","random_01",500,1500,"auto","jv","default",3,0.003762365,0.003758675,0.00377241
"base","heavy_tailed","random_01",500,500,"auto","jv","default",3,0.007184266,0.007095091,0.007640719
"base","heavy_tailed","random_01",500,5000,"auto","jv","default",3,0.01239975,0.01233044,0.012409305
"base","heavy_tailed","random_05",500,1500,"auto","jv","default",3,0.004152521,0.004150512,0.0041622175
"base","heavy_tailed","random_05",500,500,"auto","jv","default",3,0.007422435,0.0072567745,0.0084706205
"base","heavy_tailed","random_05",500,5000,"auto","jv","default",3,0.0135908,0.01349736,0.013640555
"base","heavy_tailed","random_25",500,1500,"auto","jv","default",3,0.006310925,0.0063087725,0.006359223
"base","heavy_tailed","random_25",500,500,"auto","jv","default",3,0.0100063,0.0086764425,0.01004613
"base","heavy_tailed","random_25",500,5000,"auto","jv","default",3,0.01992354,0.01983867,0.01993549
"base","heavy_tailed","random_60",500,1500,"auto","jv","default",3,0.008027841,0.0079573825,0.0080370455
"base","heavy_tailed","random_60",500,500,"auto","jv","default",3,0.00848987,0.0084467175,0.0090689745
"base","heavy_tailed","random_60",500,5000,"auto","jv","default",3,0.02492066,0.02486168,0.025008115
"base","int_uniform","block_4",500,1500,"auto","jv","default",3,0.003892827,0.0038219995,0.003905127
"base","int_uniform","block_4",500,500,"auto","jv","default",3,0.003748343,0.003737888,0.0038927245
"base","int_uniform","block_4",500,5000,"auto","jv","default",3,0.01225461,0.012250325,0.01227015
"base","int_uniform","none",500,1500,"auto","jv","default",3,0.004659855,0.0046152265,0.0047035815
"base","int_uniform","none",500,500,"auto","jv","default",3,0.004513977,0.00412829,0.004585768
"base","int_uniform","none",500,5000,"auto","jv","default",3,0.01341868,0.013324505,0.01347473
"base","int_uniform","random_01",500,1500,"auto","jv","default",3,0.003755559,0.003732517,0.003757773
"base","int_uniform","random_01",500,500,"auto","jv","default",3,0.004996547,0.0048458515,0.00543004
"base","int_uniform","random_01",500,5000,"auto","jv","default",3,0.01232128,0.012236715,0.012348975
"base","int_uniform","random_05",500,1500,"auto","jv","default",3,0.004146781,0.004138827,0.004173103
"base","int_uniform","random_05",500,500,"auto","jv","default",3,0.00658829,0.006401576,0.006882957
"base","int_uniform","random_05",500,5000,"auto","jv","default",3,0.01358851,0.013564525,0.01366983
"base","int_uniform","random_25",500,1500,"auto","jv","default",3,0.006271565,0.0062359975,0.00633122
"base","int_uniform","random_25",500,500,"auto","jv","default",3,0.006682426,0.006675333,0.0076629615
"base","int_uniform","random_25",500,5000,"auto","jv","default",3,0.01986122,0.01975706,0.019901935
"base","int_uniform","random_60",500,1500,"auto","jv","default",3,0.008137598,0.0080781275,0.0082529105
"base","int_uniform","random_60",500,500,"auto","jv","default",3,0.008679208,0.0086629515,0.0088434745
"base","int_uniform","random_60",500,5000,"auto","jv","default",3,0.02509725,0.024977385,0.025102725
"base","metric_clustered","block_4",500,1500,"auto","jv","default",3,0.004005782,0.0039807105,0.0040456955
"base","metric_clustered","block_4",500,500,"auto","jv","default",3,0.005049027,0.0047623345,0.00505776
"base","metric_clustered","block_4",500,5000,"auto","jv","default",3,0.0123269,0.01230763,0.012332865
"base","metric_clustered","none",500,1500,"auto","jv","default",3,0.004054244,0.004005372,0.0040750925
"base","metric_clustered","none",500,500,"auto","jv","default",3,0.006273779,0.0060573605,0.007050278
"base","metric_clustered","none",500,5000,"auto","jv","default",3,0.01143109,0.011382255,0.01144804
"base","metric_clustered","random_01",500,1500,"auto","jv","default",3,0.003780938,0.0037694375,0.0038230245
"base","metric_clustered","random_01",500,500,"auto","jv","default",3,0.005278504,0.00511516,0.005533811
"base","metric_clustered","random_01",500,5000,"auto","jv","default",3,0.01246507,0.01244539,0.012473065
"base","metric_clustered","random_05",500,1500,"auto","jv","default",3,0.004274537,0.00426441,0.004320662
"base","metric_clustered","random_05",500,500,"auto","jv","default",3,0.008444032,0.007727188,0.009767616
"base","metric_clustered","random_05",500,5000,"auto","jv","default",3,0.01385402,0.01375064,0.013854555
"base","metric_clustered","random_25",500,1500,"auto","jv","default",3,0.006716989,0.006695259,0.006764344
"base","metric_clustered","random_25",500,500,"auto","jv","default",3,0.01342611,0.012711785,0.01393174
"base","metric_clustered","random_25",500,5000,"auto","jv","default",3,0.02003043,0.019975325,0.020172105
"base","metric_clustered","random_60",500,1500,"auto","jv","default",3,0.008605818,0.008515454,0.0086744725
"base","metric_clustered","random_60",500,500,"auto","jv","default",3,0.01344989,0.011963965,0.01382393
"base","metric_clustered","random_60",500,5000,"auto","jv","default",3,0.02498528,0.02496652,0.02511318
"base","metric_uniform","block_4",500,1500,"auto","jv","default",3,0.003798281,0.003780241,0.003829195
"base","metric_uniform","block_4",500,500,"auto","jv","default",3,0.004163099,0.0041617665,0.0043009205
"base","metric_uniform","block_4",500,5000,"auto","jv","default",3,0.01224941,0.01219953,0.012256275
"base","metric_uniform","none",500,1500,"auto","jv","default",3,0.003841126,0.0038263865,0.0039657865
"base","metric_uniform","none",500,500,"auto","jv","default",3,0.005688463,0.0050207985,0.0059313675
"base","metric_uniform","none",500,5000,"auto","jv","default",3,0.01136602,0.01125569,0.011388795
"base","metric_uniform","random_01",500,1500,"auto","jv","default",3,0.003792008,0.003789917,0.003817059
"base","metric_uniform","random_01",500,500,"auto","jv","default",3,0.004955178,0.004906265,0.005043246
"base","metric_uniform","random_01",500,5000,"auto","jv","default",3,0.01245465,0.01245387,0.01247913
"base","metric_uniform","random_05",500,1500,"auto","jv","default",3,0.004305779,0.0042647175,0.004317464
"base","metric_uniform","random_05",500,500,"auto","jv","default",3,0.007572823,0.006327981,0.0080364715
"base","metric_uniform","random_05",500,5000,"auto","jv","default",3,0.01374525,0.01372959,0.013803595
"base","metric_uniform","random_25",500,1500,"auto","jv","default",3,0.006365619,0.0063614165,0.006386652
"base","metric_uniform","random_25",500,500,"auto","jv","default",3,0.01047628,0.009530471,0.01072974
"base","metric_uniform","random_25",500,5000,"auto","jv","default",3,0.02000927,0.01988494,0.020028665
"base","metric_uniform","random_60",500,1500,"auto","jv","default",3,0.008069292,0.0080017445,0.0081144125
"base","metric_uniform","random_60",500,500,"auto","jv","default",3,0.009910766,0.0092795915,0.010265353
"base","metric_uniform","random_60",500,5000,"auto","jv","default",3,0.02478466,0.02477564,0.02498093
"base","tied","block_4",500,1500,"auto","jv","default",3,0.05275839,0.052751295,0.05282475
"base","tied","block_4",500,500,"auto","jv","default",3,0.01742816,0.017393635,0.01746028
"base","tied","block_4",500,5000,"auto","jv","default",3,0.1767417,0.1764808,0.17721385
"base","tied","none",500,1500,"auto","jv","default",3,0.1975772,0.197463,0.1977658
"base","tied","none",500,500,"auto","jv","default",3,0.05624154,0.056169855,0.056747175
"base","tied","none",500,5000,"auto","jv","default",3,0.6818127,0.6812031,0.68202515
"base","tied","random_01",500,1500,"auto","jv","default",3,0.003978763,0.0039629575,0.0039806285
"base","tied","random_01",500,500,"auto","jv","default",3,0.00418938,0.003969169,0.004397988
"base","tied","random_01",500,5000,"auto","jv","default",3,0.0133833,0.013344455,0.013587565
"base","tied","random_05",500,1500,"auto","jv","default",3,0.1104923,0.1097471,0.11474155
"base","tied","random_05",500,500,"auto","jv","default",3,0.04030706,0.04011608,0.04097536
"base","tied","random_05",500,5000,"auto","jv","default",3,0.376664,0.36481275,0.37962935
"base","tied","random_25",500,1500,"auto","jv","default",3,0.1973598,0.1973013,0.1975758
"base","tied","random_25",500,500,"auto","jv","default",3,0.06125511,0.06092422,0.06131372
"base","tied","random_25",500,5000,"auto","jv","default",3,0.6817485,0.68137285,0.6836999
"base","tied","random_60",500,1500,"auto","jv","default",3,0.2024571,0.2022264,0.202491
"base","tied","random_60",500,500,"auto","jv","default",3,0.06238318,0.062141815,0.062507265
"base","tied","random_60",500,5000,"auto","jv","default",3,0.6967217,0.6960339,0.69714915
"large","binary","none",1000,10000,"auto","hk01","no_cost_scale",2,0.1594573,0.1593645,0.1595501
"large","binary","none",1500,1500,"auto","hk01","no_cost_scale",2,0.031896135,0.0317198875,0.0320723825
"large","binary","none",1500,4500,"auto","hk01","no_cost_scale",2,0.1105938,0.11056965,0.11061795
"large","binary","random_01",1000,10000,"auto","hk01","no_cost_scale",2,0.071845425,0.0717386925,0.0719521575
"large","binary","random_01",1500,1500,"auto","hk01","no_cost_scale",2,0.010631275,0.0105957175,0.0106668325
"large","binary","random_01",1500,4500,"auto","hk01","no_cost_scale",2,0.049833985,0.0497496075,0.0499183625
"large","binary","random_25",1000,10000,"auto","hk01","no_cost_scale",2,0.12697,0.1268897,0.1270503
"large","binary","random_25",1500,1500,"auto","hk01","no_cost_scale",2,0.02404443,0.024031915,0.024056945
"large","binary","random_25",1500,4500,"auto","hk01","no_cost_scale",2,0.0873671,0.08732897,0.08740523
"large","dbl_uniform","none",1000,10000,"auto","jv","default",2,0.067250925,0.0670258875,0.0674759625
"large","dbl_uniform","none",1500,1500,"auto","jv","default",2,0.04588347,0.04579001,0.04597693
"large","dbl_uniform","none",1500,4500,"auto","jv","default",2,0.05336923,0.05334255,0.05339591
"large","dbl_uniform","random_01",1000,10000,"auto","jv","default",2,0.07027312,0.070139715,0.070406525
"large","dbl_uniform","random_01",1500,1500,"auto","jv","default",2,0.07703373,0.074490225,0.079577235
"large","dbl_uniform","random_01",1500,4500,"auto","jv","default",2,0.050455765,0.0504228925,0.0504886375
"large","dbl_uniform","random_25",1000,10000,"auto","jv","default",2,0.1002989,0.1002922,0.1003056
"large","dbl_uniform","random_25",1500,1500,"auto","jv","default",2,0.093685545,0.0881885675,0.0991825225
"large","dbl_uniform","random_25",1500,4500,"auto","jv","default",2,0.07299759,0.07290579,0.07308939
"large","heavy_tailed","none",1000,10000,"auto","jv","default",2,0.06639077,0.066324165,0.066457375
"large","heavy_tailed","none",1500,1500,"auto","jv","default",2,0.04393367,0.042867055,0.045000285
"large","heavy_tailed","none",1500,4500,"auto","jv","default",2,0.05296247,0.052940095,0.052984845
"large","heavy_tailed","random_01",1000,10000,"auto","jv","default",2,0.070712965,0.0706639175,0.0707620125
"large","heavy_tailed","random_01",1500,1500,"auto","jv","default",2,0.104932545,0.0986665675,0.1111985225
"large","heavy_tailed","random_01",1500,4500,"auto","jv","default",2,0.05002619,0.049967025,0.050085355
"large","heavy_tailed","random_25",1000,10000,"auto","jv","default",2,0.09990546,0.099883475,0.099927445
"large","heavy_tailed","random_25",1500,1500,"auto","jv","default",2,0.09338785,0.0930705,0.0937052
"large","heavy_tailed","random_25",1500,4500,"auto","jv","default",2,0.07273527,0.07263853,0.07283201
"large","int_uniform","none",1000,10000,"auto","jv","default",2,0.07492572,0.07441731,0.07543413
"large","int_uniform","none",1500,1500,"auto","jv","default",2,0.041125995,0.0405979775,0.0416540125
"large","int_uniform","none",1500,4500,"auto","jv","default",2,0.059219885,0.0588057125,0.0596340575
"large","int_uniform","random_01",1000,10000,"auto","jv","default",2,0.07011828,0.07007363,0.07016293
"large","int_uniform","random_01",1500,1500,"auto","jv","default",2,0.081735635,0.0807853775,0.0826858925
"large","int_uniform","random_01",1500,4500,"auto","jv","default",2,0.05060597,0.05052108,0.05069086
"large","int_uniform","random_25",1000,10000,"auto","jv","default",2,0.1001996,0.10018905,0.10021015
"large","int_uniform","random_25",1500,1500,"auto","jv","default",2,0.09278591,0.09208516,0.09348666
"large","int_uniform","random_25",1500,4500,"auto","jv","default",2,0.072832235,0.0727253275,0.0729391425
"large","metric_clustered","none",1000,10000,"auto","jv","default",2,0.065851085,0.0656676925,0.0660344775
"large","metric_clustered","none",1500,1500,"auto","jv","default",2,0.1488993,0.13612605,0.16167255
"large","metric_clustered","none",1500,4500,"auto","jv","default",2,0.052626065,0.0521356125,0.0531165175
"large","metric_clustered","random_01",1000,10000,"auto","jv","default",2,0.070375785,0.0702555425,0.0704960275
"large","metric_clustered","random_01",1500,1500,"auto","jv","default",2,0.086768485,0.0845907825,0.0889461875
"large","metric_clustered","random_01",1500,4500,"auto","jv","default",2,0.05111173,0.051081135,0.051142325
"large","metric_clustered","random_25",1000,10000,"auto","jv","default",2,0.10096905,0.100845575,0.101092525
"large","metric_clustered","random_25",1500,1500,"auto","jv","default",2,0.14469605,0.139171425,0.150220675
"large","metric_clustered","random_25",1500,4500,"auto","jv","default",2,0.075690755,0.0755976225,0.0757838875
"base","binary","block_4",500,1500,"csa","hk01","no_cost_scale",3,0.101944,0.09704401,0.10206575
"base","binary","block_4",500,500,"csa","hk01","no_cost_scale",3,0.004804831,0.0047917315,0.0048143635
"base","binary","block_4",500,5000,"csa","hk01","no_cost_scale",3,1.360112,1.3592765,1.385074
"base","binary","none",500,1500,"csa","hk01","no_cost_scale",3,0.08806689,0.082609565,0.08817757
"base","binary","none",500,500,"csa","hk01","no_cost_scale",3,0.01422958,0.014137025,0.014259655
"base","binary","none",500,5000,"csa","hk01","no_cost_scale",3,1.108241,1.0703735,1.24582
"base","binary","random_01",500,1500,"csa","hk01","no_cost_scale",3,0.1270705,0.11448885,0.13848435
"base","binary","random_01",500,500,"csa","hk01","no_cost_scale",3,0.00225459,0.0020587125,0.0023145935
"base","binary","random_01",500,5000,"csa","hk01","no_cost_scale",3,1.389897,1.3777385,1.3993565
"base","binary","random_05",500,1500,"csa","hk01","no_cost_scale",3,0.08613288,0.085803445,0.08643417
"base","binary","random_05",500,500,"csa","hk01","no_cost_scale",3,0.002848106,0.0028010995,0.002939946
"base","binary","random_05",500,5000,"csa","hk01","no_cost_scale",3,1.352836,1.2853655,1.4112375
"base","binary","random_25",500,1500,"csa","hk01","no_cost_scale",3,0.08390941,0.079164725,0.084023225
"base","binary","random_25",500,500,"csa","hk01","no_cost_scale",3,0.006411457,0.006411375,0.0064200875
"base","binary","random_25",500,5000,"csa","hk01","no_cost_scale",3,1.105012,1.103833,1.222369
"base","binary","random_60",500,1500,"csa","hk01","no_cost_scale",3,0.09549146,0.092648275,0.095550375
"base","binary","random_60",500,500,"csa","hk01","no_cost_scale",3,0.01154187,0.01146401,0.011581045
"base","binary","random_60",500,5000,"csa","hk01","no_cost_scale",3,1.288866,1.211074,1.324954
"base","constant","block_4",500,1500,"csa","hk01","no_cost_scale",3,0.1011091,0.10102545,0.1011145
"base","constant","block_4",500,500,"csa","hk01","no_cost_scale",3,0.003206897,0.003205667,0.003209234
"base","constant","block_4",500,5000,"csa","hk01","no_cost_scale",3,1.297545,1.293002,1.300435
"base","constant","none",500,1500,"csa","hk01","no_cost_scale",3,0.07639485,0.076374945,0.07641008
"base","constant","none",500,500,"csa","hk01","no_cost_scale",3,0.008847062,0.0088438435,0.0088583575
"base","constant","none",500,5000,"csa","hk01","no_cost_scale",3,0.9296178,0.9294013,0.92964275
"base","constant","random_01",500,1500,"csa","hk01","no_cost_scale",3,0.08956671,0.089511795,0.089612715
"base","constant","random_01",500,500,"csa","hk01","no_cost_scale",3,0.002241511,0.002212032,0.0023432525
"base","constant","random_01",500,5000,"csa","hk01","no_cost_scale",3,1.503227,1.5031955,1.504264
"base","constant","random_05",500,1500,"csa","hk01","no_cost_scale",3,0.07798749,0.07517844,0.078873275
"base","constant","random_05",500,500,"csa","hk01","no_cost_scale",3,0.002689887,0.0026887185,0.0027266845
"base","constant","random_05",500,5000,"csa","hk01","no_cost_scale",3,1.26574,1.2422445,1.3347565
"base","constant","random_25",500,1500,"csa","hk01","no_cost_scale",3,0.06555962,0.063933085,0.06559574
"base","constant","random_25",500,500,"csa","hk01","no_cost_scale",3,0.005731882,0.005514869,0.005750619
"base","constant","random_25",500,5000,"csa","hk01","no_cost_scale",3,0.9590978,0.8789552,0.9960439
"base","constant","random_60",500,1500,"csa","hk01","no_cost_scale",3,0.08376124,0.078858625,0.083766815
"base","constant","random_60",500,500,"csa","hk01","no_cost_scale",3,0.00915407,0.0087188755,0.009588895
"base","constant","random_60",500,5000,"csa","hk01","no_cost_scale",3,1.047742,1.0055191,1.084243
"base","dbl_uniform","block_4",500,1500,"csa","jv","default",3,4.651759,4.6409245,4.7228345
"base","dbl_uniform","block_4",500,500,"csa","jv","default",3,0.00379291,0.003753837,0.003794099
"base","dbl_uniform","none",500,1500,"csa","jv","default",3,4.733923,4.717495,4.75417
"base","dbl_uniform","none",500,500,"csa","jv","default",3,0.01160911,0.01147424,0.011623175
"base","dbl_uniform","random_01",500,1500,"csa","jv","default",3,4.68738,4.6691365,4.731752
"base","dbl_uniform","random_01",500,500,"csa","jv","default",3,0.001625199,0.001622616,0.001633563
"base","dbl_uniform","random_05",500,1500,"csa","jv","default",3,4.666444,4.6431695,4.6821745
"base","dbl_uniform","random_05",500,500,"csa","jv","default",3,0.002378164,0.0023606365,0.002393744
"base","dbl_uniform","random_25",500,1500,"csa","jv","default",3,4.65864,4.6542105,4.688048
"base","dbl_uniform","random_25",500,500,"csa","jv","default",3,0.005764969,0.005727659,0.0058705235
"base","dbl_uniform","random_60",500,1500,"csa","jv","default",3,4.764686,4.7233765,4.8336345
"base","dbl_uniform","random_60",500,500,"csa","jv","default",3,0.01044487,0.010317135,0.010482225
"base","heavy_tailed","random_01",500,500,"csa","jv","default",2,0.0022596535,0.00222223075,0.00229707625
"base","int_uniform","block_4",500,1500,"csa","jv","default",3,0.4814245,0.3996317,0.4945484
"base","int_uniform","block_4",500,500,"csa","jv","default",3,0.003184019,0.003147365,0.0032277865
"base","int_uniform","block_4",500,5000,"csa","jv","default",3,4.897557,4.613637,4.949236
"base","int_uniform","none",500,1500,"csa","jv","default",3,0.3908892,0.3850155,0.4274136
"base","int_uniform","none",500,500,"csa","jv","default",3,0.01007013,0.0099290505,0.010210535
"base","int_uniform","none",500,5000,"csa","jv","default",3,4.72286,4.715326,4.845314
"base","int_uniform","random_01",500,1500,"csa","jv","default",3,0.4503771,0.4414438,0.4677353
"base","int_uniform","random_01",500,500,"csa","jv","default",3,0.001495434,0.001491744,0.001531145
"base","int_uniform","random_01",500,5000,"csa","jv","default",3,6.450148,5.834245,7.5485445
"base","int_uniform","random_05",500,1500,"csa","jv","default",3,0.4480791,0.42862965,0.46194575
"base","int_uniform","random_05",500,500,"csa","jv","default",3,0.00214635,0.002129581,0.002149466
"base","int_uniform","random_05",500,5000,"csa","jv","default",3,5.13484,5.0192335,5.319036
"base","int_uniform","random_25",500,1500,"csa","jv","default",3,0.4639047,0.3878759,0.495718
"base","int_uniform","random_25",500,500,"csa","jv","default",3,0.004771662,0.00476338,0.0048838175
"base","int_uniform","random_25",500,5000,"csa","jv","default",3,6.176988,5.564448,6.3160075
"base","int_uniform","random_60",500,1500,"csa","jv","default",3,0.369408,0.3589655,0.38559885
"base","int_uniform","random_60",500,500,"csa","jv","default",3,0.008530255,0.0084985415,0.0085782865
"base","int_uniform","random_60",500,5000,"csa","jv","default",3,4.51418,4.4603845,4.7096765
"base","metric_clustered","block_4",500,1500,"csa","jv","default",3,4.741291,4.6917245,4.7480405
"base","metric_clustered","block_4",500,500,"csa","jv","default",3,0.003722759,0.0037201145,0.0037331525
"base","metric_clustered","none",500,1500,"csa","jv","default",3,4.645543,4.63035,4.651972
"base","metric_clustered","none",500,500,"csa","jv","default",3,0.01093076,0.01092822,0.01109023
"base","metric_clustered","random_01",500,1500,"csa","jv","default",3,4.934834,4.9265885,4.958126
"base","metric_clustered","random_01",500,500,"csa","jv","default",3,0.001603018,0.0016027925,0.001605314
"base","metric_clustered","random_05",500,1500,"csa","jv","default",3,4.892131,4.780718,4.9025365
"base","metric_clustered","random_05",500,500,"csa","jv","default",3,0.002487388,0.0024271795,0.002509446
"base","metric_clustered","random_25",500,1500,"csa","jv","default",3,4.759559,4.6995515,4.7651995
"base","metric_clustered","random_25",500,500,"csa","jv","default",3,0.006082432,0.0060316535,0.006263406
"base","metric_clustered","random_60",500,1500,"csa","jv","default",3,4.695277,4.683392,4.770376
"base","metric_clustered","random_60",500,500,"csa","jv","default",3,0.0101805,0.010145695,0.010231015
"base","metric_uniform","block_4",500,1500,"csa","jv","default",3,4.759304,4.7300605,4.781742
"base","metric_uniform","block_4",500,500,"csa","jv","default",3,0.003482499,0.0034691945,0.003550313
"base","metric_uniform","none",500,1500,"csa","jv","default",3,4.698217,4.6905215,4.7446675
"base","metric_uniform","none",500,500,"csa","jv","default",3,0.009846109,0.009758861,0.0101915545
"base","metric_uniform","random_01",500,1500,"csa","jv","default",3,4.675119,4.672009,4.6769405
"base","metric_uniform","random_01",500,500,"csa","jv","default",3,0.001702115,0.001690553,0.0017075065
"base","metric_uniform","random_05",500,1500,"csa","jv","default",3,4.813304,4.7290455,4.8344175
"base","metric_uniform","random_05",500,500,"csa","jv","default",3,0.002353236,0.002341592,0.002358853
"base","metric_uniform","random_25",500,1500,"csa","jv","default",3,4.670402,4.5994225,4.7431255
"base","metric_uniform","random_25",500,500,"csa","jv","default",3,0.005532745,0.0055168985,0.0055771275
"base","metric_uniform","random_60",500,1500,"csa","jv","default",3,4.693031,4.6852325,4.7585925
"base","metric_uniform","random_60",500,500,"csa","jv","default",3,0.009462677,0.0094568755,0.0095012375
"base","tied","block_4",500,1500,"csa","jv","default",3,0.1035437,0.10338785,0.1059003
"base","tied","block_4",500,500,"csa","jv","default",3,0.004240999,0.0042196995,0.0043037495
"base","tied","block_4",500,5000,"csa","jv","default",3,1.680014,1.6792425,1.692208
"base","tied","none",500,1500,"csa","jv","default",3,0.09376274,0.092660045,0.10630087
"base","tied","none",500,500,"csa","jv","default",3,0.01370642,0.013483895,0.01436271
"base","tied","none",500,5000,"csa","jv","default",3,1.410136,1.348188,1.429302
"base","tied","random_01",500,1500,"csa","jv","default",3,0.2402315,0.22287735,0.24031135
"base","tied","random_01",500,500,"csa","jv","default",3,0.001652792,0.0015899185,0.0016727385
"base","tied","random_01",500,5000,"csa","jv","default",3,1.708441,1.704585,1.787366
"base","tied","random_05",500,1500,"csa","jv","default",3,0.1020939,0.09655566,0.10560725
"base","tied","random_05",500,500,"csa","jv","default",3,0.003948751,0.003829769,0.004108569
"base","tied","random_05",500,5000,"csa","jv","default",3,1.631309,1.629444,1.6444565
"base","tied","random_25",500,1500,"csa","jv","default",3,0.09781608,0.0976022,0.09985729
"base","tied","random_25",500,500,"csa","jv","default",3,0.00620904,0.0061799915,0.0062719955
"base","tied","random_25",500,5000,"csa","jv","default",3,1.349187,1.255554,1.3503425
"base","tied","random_60",500,1500,"csa","jv","default",3,0.1051863,0.10238798,0.1070856
"base","tied","random_60",500,500,"csa","jv","default",3,0.01176339,0.01121034,0.01186876
"base","tied","random_60",500,5000,"csa","jv","default",3,1.381695,1.2872335,1.4594485
"base","binary","block_4",500,1500,"csflow","hk01","no_cost_scale",3,0.02625287,0.02621759,0.02625361
"base","binary","block_4",500,500,"csflow","hk01","no_cost_scale",3,0.0113035,0.011284045,0.01137416
"base","binary","block_4",500,5000,"csflow","hk01","no_cost_scale",3,0.07778848,0.07777542,0.07804668
"base","binary","none",500,1500,"csflow","hk01","no_cost_scale",3,0.2633861,0.26286395,0.2635768
"base","binary","none",500,500,"csflow","hk01","no_cost_scale",3,0.1117881,0.11178235,0.11236155
"base","binary","none",500,5000,"csflow","hk01","no_cost_scale",3,0.8230421,0.82254275,0.823155
"base","binary","random_01",500,1500,"csflow","hk01","no_cost_scale",3,0.00529638,0.0051094405,0.005480429
"base","binary","random_01",500,500,"csflow","hk01","no_cost_scale",3,0.004086716,0.0039160535,0.004750219
"base","binary","random_01",500,5000,"csflow","hk01","no_cost_scale",3,0.01819719,0.01808848,0.01897988
"base","binary","random_05",500,1500,"csflow","hk01","no_cost_scale",3,0.0482276,0.04821116,0.04893446
"base","binary","random_05",500,500,"csflow","hk01","no_cost_scale",3,0.02443559,0.024389795,0.02453432
"base","binary","random_05",500,5000,"csflow","hk01","no_cost_scale",3,0.129836,0.1290143,0.13055685
"base","binary","random_25",500,1500,"csflow","hk01","no_cost_scale",3,0.1007396,0.10066185,0.1009232
"base","binary","random_25",500,500,"csflow","hk01","no_cost_scale",3,0.04578462,0.045603685,0.045838125
"base","binary","random_25",500,5000,"csflow","hk01","no_cost_scale",3,0.2977323,0.2970432,0.2998934
"base","binary","random_60",500,1500,"csflow","hk01","no_cost_scale",3,0.1815031,0.18132805,0.18157815
"base","binary","random_60",500,500,"csflow","hk01","no_cost_scale",3,0.08024901,0.07991853,0.0803231
"base","binary","random_60",500,5000,"csflow","hk01","no_cost_scale",3,0.5635502,0.5632385,0.56397195
"base","constant","block_4",500,1500,"csflow","hk01","no_cost_scale",3,0.02202434,0.0220138,0.02204484
"base","constant","block_4",500,500,"csflow","hk01","no_cost_scale",3,0.008674493,0.0086710285,0.0087208845
"base","constant","block_4",500,5000,"csflow","hk01","no_cost_scale",3,0.06736025,0.06722729,0.06748573
"base","constant","none",500,1500,"csflow","hk01","no_cost_scale",3,0.2443294,0.24403745,0.24438275
"base","constant","none",500,500,"csflow","hk01","no_cost_scale",3,0.1026587,0.10248805,0.103088
"base","constant","none",500,5000,"csflow","hk01","no_cost_scale",3,0.7746162,0.77431235,0.7756997
"base","constant","random_01",500,1500,"csflow","hk01","no_cost_scale",3,0.01752283,0.01698741,0.017762655
"base","constant","random_01",500,500,"csflow","hk01","no_cost_scale",3,0.01001368,0.0099591275,0.010202545
"base","constant","random_01",500,5000,"csflow","hk01","no_cost_scale",3,0.04038742,0.0395264,0.0408491
"base","constant","random_05",500,1500,"csflow","hk01","no_cost_scale",3,0.03639316,0.036292035,0.036439715
"base","constant","random_05",500,500,"csflow","hk01","no_cost_scale",3,0.01834574,0.01831378,0.01843403
"base","constant","random_05",500,5000,"csflow","hk01","no_cost_scale",3,0.096373,0.096267405,0.096741365
"base","constant","random_25",500,1500,"csflow","hk01","no_cost_scale",3,0.08323123,0.08318984,0.083527535
"base","constant","random_25",500,500,"csflow","hk01","no_cost_scale",3,0.037523,0.03751236,0.037598315
"base","constant","random_25",500,5000,"csflow","hk01","no_cost_scale",3,0.2496969,0.2491444,0.24999605
"base","constant","random_60",500,1500,"csflow","hk01","no_cost_scale",3,0.1647776,0.1642796,0.16495595
"base","constant","random_60",500,500,"csflow","hk01","no_cost_scale",3,0.07152368,0.07139789,0.071830505
"base","constant","random_60",500,5000,"csflow","hk01","no_cost_scale",3,0.5291742,0.5232694,0.53838485
"base","dbl_uniform","block_4",500,1500,"csflow","jv","default",3,0.009705971,0.009680592,0.009837417
"base","dbl_uniform","block_4",500,500,"csflow","jv","default",3,0.005082032,0.0050242835,0.0051137455
"base","dbl_uniform","block_4",500,5000,"csflow","jv","default",3,0.03046103,0.030310705,0.03057907
"base","dbl_uniform","none",500,1500,"csflow","jv","default",3,0.0276529,0.02757867,0.027811715
"base","dbl_uniform","none",500,500,"csflow","jv","default",3,0.01997627,0.01971438,0.020275135
"base","dbl_uniform","none",500,5000,"csflow","jv","default",3,0.1015705,0.1010531,0.10185275
"base","dbl_uniform","random_01",500,1500,"csflow","jv","default",3,0.00422956,0.004132554,0.004231446
"base","dbl_uniform","random_01",500,500,"csflow","jv","default",3,0.002810345,0.002737365,0.002818094
"base","dbl_uniform","random_01",500,5000,"csflow","jv","default",3,0.01377473,0.01376241,0.01382477
"base","dbl_uniform","random_05",500,1500,"csflow","jv","default",3,0.005497772,0.005468498,0.0055222695
"base","dbl_uniform","random_05",500,500,"csflow","jv","default",3,0.00469819,0.0046170305,0.004831645
"base","dbl_uniform","random_05",500,5000,"csflow","jv","default",3,0.01765157,0.01758402,0.017676045
"base","dbl_uniform","random_25",500,1500,"csflow","jv","default",3,0.01271365,0.012679745,0.01281158
"base","dbl_uniform","random_25",500,500,"csflow","jv","default",3,0.01000978,0.0097930545,0.010405595
"base","dbl_uniform","random_25",500,5000,"csflow","jv","default",3,0.04166764,0.041467625,0.04178441
"base","dbl_uniform","random_60",500,1500,"csflow","jv","default",3,0.02331453,0.023172585,0.02364423
"base","dbl_uniform","random_60",500,500,"csflow","jv","default",3,0.01622042,0.015873315,0.017003235
"base","dbl_uniform","random_60",500,5000,"csflow","jv","default",3,0.07506838,0.07485655,0.075145645
"base","heavy_tailed","block_4",500,1500,"csflow","jv","default",3,0.009268911,0.0092604035,0.009309706
"base","heavy_tailed","block_4",500,500,"csflow","jv","default",3,0.005439798,0.00521643,0.0055242785
"base","heavy_tailed","block_4",500,5000,"csflow","jv","default",3,0.03053381,0.030439675,0.0305482
"base","heavy_tailed","none",500,1500,"csflow","jv","default",3,0.02654143,0.026530525,0.026585795
"base","heavy_tailed","none",500,500,"csflow","jv","default",3,0.01985552,0.019217255,0.020799525
"base","heavy_tailed","none",500,5000,"csflow","jv","default",3,0.09957756,0.09939392,0.10028213
"base","heavy_tailed","random_01",500,1500,"csflow","jv","default",3,0.003906685,0.003895328,0.0039316745
"base","heavy_tailed","random_01",500,500,"csflow","jv","default",3,0.003230595,0.003211653,0.0033725165
"base","heavy_tailed","random_01",500,5000,"csflow","jv","default",3,0.0133457,0.01333545,0.013401895
"base","heavy_tailed","random_05",500,1500,"csflow","jv","default",3,0.005268828,0.005246237,0.005270673
"base","heavy_tailed","random_05",500,500,"csflow","jv","default",3,0.004891915,0.0048590125,0.005284736
"base","heavy_tailed","random_05",500,5000,"csflow","jv","default",3,0.01728277,0.017254665,0.017286975
"base","heavy_tailed","random_25",500,1500,"csflow","jv","default",3,0.01254559,0.012477775,0.012555245
"base","heavy_tailed","random_25",500,500,"csflow","jv","default",3,0.01078993,0.010049531,0.011059215
"base","heavy_tailed","random_25",500,5000,"csflow","jv","default",3,0.04074941,0.04074207,0.040800025
"base","heavy_tailed","random_60",500,1500,"csflow","jv","default",3,0.02266833,0.022614125,0.022864635
"base","heavy_tailed","random_60",500,500,"csflow","jv","default",3,0.01590058,0.01583377,0.01664926
"base","heavy_tailed","random_60",500,5000,"csflow","jv","default",3,0.07535554,0.074790865,0.07575976
"base","int_uniform","block_4",500,1500,"csflow","jv","default",3,0.009464235,0.009342383,0.009491869
"base","int_uniform","block_4",500,500,"csflow","jv","default",3,0.005163376,0.0051551145,0.005248287
"base","int_uniform","block_4",500,5000,"csflow","jv","default",3,0.03084286,0.03082261,0.03111744
"base","int_uniform","none",500,1500,"csflow","jv","default",3,0.02761698,0.027453515,0.02792612
"base","int_uniform","none",500,500,"csflow","jv","default",3,0.02115395,0.02085715,0.021413195
"base","int_uniform","none",500,5000,"csflow","jv","default",3,0.1034062,0.10301235,0.10391365
"base","int_uniform","random_01",500,1500,"csflow","jv","default",3,0.003908776,0.003905045,0.0039338885
"base","int_uniform","random_01",500,500,"csflow","jv","default",3,0.002543968,0.0024949115,0.0026724415
"base","int_uniform","random_01",500,5000,"csflow","jv","default",3,0.01376272,0.01374759,0.013818785
"base","int_uniform","random_05",500,1500,"csflow","jv","default",3,0.005313313,0.0052975895,0.0053241165
"base","int_uniform","random_05",500,500,"csflow","jv","default",3,0.004635829,0.0045121115,0.004741445
"base","int_uniform","random_05",500,5000,"csflow","jv","default",3,0.01747281,0.017461985,0.017507515
"base","int_uniform","random_25",500,1500,"csflow","jv","default",3,0.01245818,0.01240945,0.01247462
"base","int_uniform","random_25",500,500,"csflow","jv","default",3,0.009021763,0.0089361755,0.0095889365
"base","int_uniform","random_25",500,5000,"csflow","jv","default",3,0.04220298,0.041853415,0.042425835
"base","int_uniform","random_60",500,1500,"csflow","jv","default",3,0.02336397,0.023262335,0.023627685
"base","int_uniform","random_60",500,500,"csflow","jv","default",3,0.01629414,0.016170095,0.01649299
"base","int_uniform","random_60",500,5000,"csflow","jv","default",3,0.07552901,0.075421365,0.076081795
"base","metric_clustered","block_4",500,1500,"csflow","jv","default",3,0.009336479,0.00922787,0.0094866415
"base","metric_clustered","block_4",500,500,"csflow","jv","default",3,0.006237166,0.0060881925,0.006357378
"base","metric_clustered","block_4",500,5000,"csflow","jv","default",3,0.0293316,0.02926633,0.029618645
"base","metric_clustered","none",500,1500,"csflow","jv","default",3,0.02576575,0.025670325,0.025857015
"base","metric_clustered","none",500,500,"csflow","jv","default",3,0.0244647,0.023498,0.026503345
"base","metric_clustered","none",500,5000,"csflow","jv","default",3,0.09790472,0.097846375,0.098084565
"base","metric_clustered","random_01",500,1500,"csflow","jv","default",3,0.004069865,0.004037188,0.004082247
"base","metric_clustered","random_01",500,500,"csflow","jv","default",3,0.002651511,0.0025935575,0.0027228305
"base","metric_clustered","random_01",500,5000,"csflow","jv","default",3,0.01384804,0.013815175,0.0138521
"base","metric_clustered","random_05",500,1500,"csflow","jv","default",3,0.005598837,0.005576164,0.0056231705
"base","metric_clustered","random_05",500,500,"csflow","jv","default",3,0.005724625,0.005291378,0.0062254605
"base","metric_clustered","random_05",500,5000,"csflow","jv","default",3,0.01759601,0.01755571,0.01769687
"base","metric_clustered","random_25",500,1500,"csflow","jv","default",3,0.01333644,0.013305585,0.013367885
"base","metric_clustered","random_25",500,500,"csflow","jv","default",3,0.01454454,0.01392731,0.014825495
"base","metric_clustered","random_25",500,5000,"csflow","jv","default",3,0.04131287,0.041308075,0.04158466
"base","metric_clustered","random_60",500,1500,"csflow","jv","default",3,0.02451218,0.02431331,0.02473864
"base","metric_clustered","random_60",500,500,"csflow","jv","default",3,0.02266086,0.020817295,0.02301746
"base","metric_clustered","random_60",500,5000,"csflow","jv","default",3,0.07619469,0.076178595,0.0764592
"base","metric_uniform","block_4",500,1500,"csflow","jv","default",3,0.009582602,0.0095811465,0.009728439
"base","metric_uniform","block_4",500,500,"csflow","jv","default",3,0.005604864,0.005580469,0.0056628175
"base","metric_uniform","block_4",500,5000,"csflow","jv","default",3,0.0307256,0.030674945,0.030793745
"base","metric_uniform","none",500,1500,"csflow","jv","default",3,0.02747492,0.02744085,0.02784101
"base","metric_uniform","none",500,500,"csflow","jv","default",3,0.02262241,0.021406655,0.02335233
"base","metric_uniform","none",500,5000,"csflow","jv","default",3,0.0994207,0.09919848,0.099540765
"base","metric_uniform","random_01",500,1500,"csflow","jv","default",3,0.004058344,0.004039033,0.00407581
"base","metric_uniform","random_01",500,500,"csflow","jv","default",3,0.002531545,0.0025284905,0.0025769935
"base","metric_uniform","random_01",500,5000,"csflow","jv","default",3,0.01378297,0.013765485,0.01384523
"base","metric_uniform","random_05",500,1500,"csflow","jv","default",3,0.00568711,0.005624175,0.0056901235
"base","metric_uniform","random_05",500,500,"csflow","jv","default",3,0.005020942,0.0044819355,0.005215282
"base","metric_uniform","random_05",500,5000,"csflow","jv","default",3,0.01760794,0.01758035,0.017650665
"base","metric_uniform","random_25",500,1500,"csflow","jv","default",3,0.01290126,0.01275444,0.012944805
"base","metric_uniform","random_25",500,500,"csflow","jv","default",3,0.01186048,0.01113521,0.011962325
"base","metric_uniform","random_25",500,5000,"csflow","jv","default",3,0.04143448,0.041334625,0.04151771
"base","metric_uniform","random_60",500,1500,"csflow","jv","default",3,0.02323921,0.023009035,0.02337244
"base","metric_uniform","random_60",500,500,"csflow","jv","default",3,0.01757358,0.01682242,0.017996415
"base","metric_uniform","random_60",500,5000,"csflow","jv","default",3,0.0759935,0.075924885,0.07622558
"base","tied","block_4",500,1500,"csflow","jv","default",3,0.03062069,0.030612015,0.030713985
"base","tied","block_4",500,500,"csflow","jv","default",3,0.01329015,0.013233365,0.013292425
"base","tied","block_4",500,5000,"csflow","jv","default",3,0.09194418,0.09160683,0.09204984
"base","tied","none",500,1500,"csflow","jv","default",3,0.2823171,0.28146545,0.2823852
"base","tied","none",500,500,"csflow","jv","default",3,0.1203446,0.1203335,0.121355
"base","tied","none",500,5000,"csflow","jv","default",3,0.8860286,0.88590565,0.8864357
"base","tied","random_01",500,1500,"csflow","jv","default",3,0.004068758,0.004035999,0.00407089
"base","tied","random_01",500,500,"csflow","jv","default",3,0.002393334,0.0023258685,0.002472423
"base","tied","random_01",500,5000,"csflow","jv","default",3,0.01409625,0.014065645,0.014141145
"base","tied","random_05",500,1500,"csflow","jv","default",3,0.03955582,0.03947154,0.04074865
"base","tied","random_05",500,500,"csflow","jv","default",3,0.02061226,0.02060072,0.020971625
"base","tied","random_05",500,5000,"csflow","jv","default",3,0.111726,0.1094954,0.11261405
"base","tied","random_25",500,1500,"csflow","jv","default",3,0.115812,0.11551355,0.11582185
"base","tied","random_25",500,500,"csflow","jv","default",3,0.05244589,0.052259175,0.05244995
"base","tied","random_25",500,5000,"csflow","jv","default",3,0.3483058,0.3474642,0.35064995
"base","tied","random_60",500,1500,"csflow","jv","default",3,0.1996418,0.19948725,0.20009325
"base","tied","random_60",500,500,"csflow","jv","default",3,0.08801876,0.08752504,0.0881245
"base","tied","random_60",500,5000,"csflow","jv","default",3,0.637345,0.62876345,0.64410755
"base","binary","block_4",500,1500,"hk01","hk01","no_cost_scale",3,0.004866372,0.0048625385,0.0048699595
"base","binary","block_4",500,500,"hk01","hk01","no_cost_scale",3,0.001722943,0.001718023,0.001730528
"base","binary","block_4",500,5000,"hk01","hk01","no_cost_scale",3,0.01617651,0.016156275,0.016200205
"base","binary","none",500,1500,"hk01","hk01","no_cost_scale",3,0.01038378,0.01036605,0.01041004
"base","binary","none",500,500,"hk01","hk01","no_cost_scale",3,0.003656585,0.003632723,0.0036593115
"base","binary","none",500,5000,"hk01","hk01","no_cost_scale",3,0.03489248,0.034891125,0.03495199
"base","binary","random_01",500,1500,"hk01","hk01","no_cost_scale",3,0.003571674,0.003569132,0.0035751385
"base","binary","random_01",500,500,"hk01","hk01","no_cost_scale",3,0.004508073,0.0043219125,0.0051826665
"base","binary","random_01",500,5000,"hk01","hk01","no_cost_scale",3,0.01243386,0.01243343,0.012451985
"base","binary","random_05",500,1500,"hk01","hk01","no_cost_scale",3,0.004037844,0.004033785,0.004042436
"base","binary","random_05",500,500,"hk01","hk01","no_cost_scale",3,0.001441478,0.0014379315,0.0014436305
"base","binary","random_05",500,5000,"hk01","hk01","no_cost_scale",3,0.01354255,0.01349267,0.013578605
"base","binary","random_25",500,1500,"hk01","hk01","no_cost_scale",3,0.007948752,0.007935304,0.0079671405
"base","binary","random_25",500,500,"hk01","hk01","no_cost_scale",3,0.002784146,0.002780661,0.0027843715
"base","binary","random_25",500,5000,"hk01","hk01","no_cost_scale",3,0.02662819,0.026577635,0.02664676
"base","binary","random_60",500,1500,"hk01","hk01","no_cost_scale",3,0.01242603,0.012406145,0.01244153
"base","binary","random_60",500,500,"hk01","hk01","no_cost_scale",3,0.004331896,0.0043160495,0.004337923
"base","binary","random_60",500,5000,"hk01","hk01","no_cost_scale",3,0.04163329,0.041592065,0.04167445
"base","constant","block_4",500,1500,"hk01","hk01","no_cost_scale",3,0.003650681,0.0036474215,0.003657036
"base","constant","block_4",500,500,"hk01","hk01","no_cost_scale",3,0.001238077,0.001235494,0.0012381385
"base","constant","block_4",500,5000,"hk01","hk01","no_cost_scale",3,0.01212079,0.012103405,0.01213883
"base","constant","none",500,1500,"hk01","hk01","no_cost_scale",3,0.004963296,0.0049631115,0.0049719675
"base","constant","none",500,500,"hk01","hk01","no_cost_scale",3,0.001764435,0.001754636,0.001766854
"base","constant","none",500,5000,"hk01","hk01","no_cost_scale",3,0.01689577,0.016846695,0.01691455
"base","constant","random_01",500,1500,"hk01","hk01","no_cost_scale",3,0.003486681,0.0034617735,0.003494348
"base","constant","random_01",500,500,"hk01","hk01","no_cost_scale",3,0.001183588,0.0011754085,0.001185023
"base","constant","random_01",500,5000,"hk01","hk01","no_cost_scale",3,0.0119394,0.011899695,0.01202122
"base","constant","random_05",500,1500,"hk01","hk01","no_cost_scale",3,0.003744858,0.0037439765,0.003752197
"base","constant","random_05",500,500,"hk01","hk01","no_cost_scale",3,0.001340946,0.001339183,0.001343857
"base","constant","random_05",500,5000,"hk01","hk01","no_cost_scale",3,0.01262136,0.012576035,0.012628535
"base","constant","random_25",500,1500,"hk01","hk01","no_cost_scale",3,0.006526257,0.0065167655,0.0065289015
"base","constant","random_25",500,500,"hk01","hk01","no_cost_scale",3,0.002319329,0.0023153725,0.002328554
"base","constant","random_25",500,5000,"hk01","hk01","no_cost_scale",3,0.02177908,0.02167217,0.021793755
"base","constant","random_60",500,1500,"hk01","hk01","no_cost_scale",3,0.008995195,0.008992366,0.0090071875
"base","constant","random_60",500,500,"hk01","hk01","no_cost_scale",3,0.003208373,0.003172334,0.0032249165
"base","constant","random_60",500,5000,"hk01","hk01","no_cost_scale",3,0.03013176,0.029956835,0.030196765
"large","binary","none",1000,10000,"hk01","hk01","no_cost_scale",2,0.1610724,0.16104705,0.16109775
"large","binary","none",1500,1500,"hk01","hk01","no_cost_scale",2,0.03195581,0.031795235,0.032116385
"large","binary","none",1500,4500,"hk01","hk01","no_cost_scale",2,0.1103762,0.11016235,0.11059005
"large","binary","random_01",1000,10000,"hk01","hk01","no_cost_scale",2,0.07258023,0.07254168,0.07261878
"large","binary","random_01",1500,1500,"hk01","hk01","no_cost_scale",2,0.011293165,0.0112798825,0.0113064475
"large","binary","random_01",1500,4500,"hk01","hk01","no_cost_scale",2,0.05002338,0.050020335,0.050026425
"large","binary","random_25",1000,10000,"hk01","hk01","no_cost_scale",2,0.12695725,0.126912875,0.127001625
"large","binary","random_25",1500,1500,"hk01","hk01","no_cost_scale",2,0.02420164,0.02417376,0.02422952
"large","binary","random_25",1500,4500,"hk01","hk01","no_cost_scale",2,0.08767772,0.08758914,0.0877663
"base","binary","block_4",500,1500,"hungarian","hk01","no_cost_scale",3,0.05213552,0.05206629,0.0522142
"base","binary","block_4",500,500,"hungarian","hk01","no_cost_scale",3,0.01733841,0.01733509,0.01735692
"base","binary","block_4",500,5000,"hungarian","hk01","no_cost_scale",3,0.1750337,0.1750192,0.17503535
"base","binary","none",500,1500,"hungarian","hk01","no_cost_scale",3,0.1932059,0.19318905,0.19393355
"base","binary","none",500,500,"hungarian","hk01","no_cost_scale",3,0.05874029,0.058659765,0.05965873
"base","binary","none",500,5000,"hungarian","hk01","no_cost_scale",3,0.6666432,0.6665379,0.66688525
"base","binary","random_01",500,1500,"hungarian","hk01","no_cost_scale",3,0.01043774,0.0095258175,0.011506345
"base","binary","random_01",500,500,"hungarian","hk01","no_cost_scale",3,0.01044471,0.009676062,0.0125951
"base","binary","random_01",500,5000,"hungarian","hk01","no_cost_scale",3,0.04020382,0.03970315,0.04520293
"base","binary","random_05",500,1500,"hungarian","hk01","no_cost_scale",3,0.1805451,0.1803821,0.181936
"base","binary","random_05",500,500,"hungarian","hk01","no_cost_scale",3,0.05609788,0.05599567,0.056294085
"base","binary","random_05",500,5000,"hungarian","hk01","no_cost_scale",3,0.6172705,0.61487155,0.6201349
"base","binary","random_25",500,1500,"hungarian","hk01","no_cost_scale",3,0.1975467,0.19745645,0.197807
"base","binary","random_25",500,500,"hungarian","hk01","no_cost_scale",3,0.06027226,0.060239825,0.06029813
"base","binary","random_25",500,5000,"hungarian","hk01","no_cost_scale",3,0.6820509,0.68185075,0.68255835
"base","binary","random_60",500,1500,"hungarian","hk01","no_cost_scale",3,0.1991982,0.1990418,0.199882
"base","binary","random_60",500,500,"hungarian","hk01","no_cost_scale",3,0.06124363,0.060885925,0.06156874
"base","binary","random_60",500,5000,"hungarian","hk01","no_cost_scale",3,0.6855877,0.68554425,0.68600485
"base","constant","block_4",500,1500,"hungarian","hk01","no_cost_scale",3,0.05118547,0.051173805,0.051209125
"base","constant","block_4",500,500,"hungarian","hk01","no_cost_scale",3,0.01689229,0.016888805,0.01691072
"base","constant","block_4",500,5000,"hungarian","hk01","no_cost_scale",3,0.172378,0.1722878,0.17241145
"base","constant","none",500,1500,"hungarian","hk01","no_cost_scale",3,0.1889629,0.18824405,0.189277
"base","constant","none",500,500,"hungarian","hk01","no_cost_scale",3,0.05633642,0.055882345,0.05750168
"base","constant","none",500,5000,"hungarian","hk01","no_cost_scale",3,0.6525694,0.65221035,0.65323525
"base","constant","random_01",500,1500,"hungarian","hk01","no_cost_scale",3,0.1194787,0.1142757,0.12113435
"base","constant","random_01",500,500,"hungarian","hk01","no_cost_scale",3,0.04216801,0.04205534,0.043026755
"base","constant","random_01",500,5000,"hungarian","hk01","no_cost_scale",3,0.3572286,0.34972215,0.3627793
"base","constant","random_05",500,1500,"hungarian","hk01","no_cost_scale",3,0.1894015,0.1889725,0.18953655
"base","constant","random_05",500,500,"hungarian","hk01","no_cost_scale",3,0.05794128,0.057918425,0.05814179
"base","constant","random_05",500,5000,"hungarian","hk01","no_cost_scale",3,0.6505112,0.6504675,0.65197735
"base","constant","random_25",500,1500,"hungarian","hk01","no_cost_scale",3,0.196358,0.19602835,0.1968891
"base","constant","random_25",500,500,"hungarian","hk01","no_cost_scale",3,0.05955352,0.05943208,0.060248575
"base","constant","random_25",500,5000,"hungarian","hk01","no_cost_scale",3,0.6755863,0.6754565,0.67603045
"base","constant","random_60",500,1500,"hungarian","hk01","no_cost_scale",3,0.1962531,0.1960144,0.19629505
"base","constant","random_60",500,500,"hungarian","hk01","no_cost_scale",3,0.05993929,0.05986795,0.060045195
"base","constant","random_60",500,5000,"hungarian","hk01","no_cost_scale",3,0.674347,0.6743168,0.6748321
"base","dbl_uniform","block_4",500,1500,"hungarian","jv","default",3,0.003714928,0.003693526,0.0037821475
"base","dbl_uniform","block_4",500,500,"hungarian","jv","default",3,0.003636946,0.0035742775,0.0036707095
"base","dbl_uniform","block_4",500,5000,"hungarian","jv","default",3,0.01171317,0.01170511,0.011769505
"base","dbl_uniform","none",500,1500,"hungarian","jv","default",3,0.004014843,0.0039222035,0.00409918
"base","dbl_uniform","none",500,500,"hungarian","jv","default",3,0.007567657,0.007528174,0.0078420495
"base","dbl_uniform","none",500,5000,"hungarian","jv","default",3,0.01135274,0.011239905,0.011396115
"base","dbl_uniform","random_01",500,1500,"hungarian","jv","default",3,0.003699799,0.0036852645,0.003700701
"base","dbl_uniform","random_01",500,500,"hungarian","jv","default",3,0.0057892,0.0055264105,0.0058429715
"base","dbl_uniform","random_01",500,5000,"hungarian","jv","default",3,0.01196831,0.011963965,0.011994735
"base","dbl_uniform","random_05",500,1500,"hungarian","jv","default",3,0.00408524,0.004082083,0.004114268
"base","dbl_uniform","random_05",500,500,"hungarian","jv","default",3,0.006790051,0.006516499,0.007035764
"base","dbl_uniform","random_05",500,5000,"hungarian","jv","default",3,0.01323931,0.01322785,0.013254375
"base","dbl_uniform","random_25",500,1500,"hungarian","jv","default",3,0.006191615,0.0061805245,0.0062097985
"base","dbl_uniform","random_25",500,500,"hungarian","jv","default",3,0.008426238,0.008093359,0.0089369135
"base","dbl_uniform","random_25",500,5000,"hungarian","jv","default",3,0.01950698,0.019454685,0.01952098
"base","dbl_uniform","random_60",500,1500,"hungarian","jv","default",3,0.007924603,0.007890368,0.0080575865
"base","dbl_uniform","random_60",500,500,"hungarian","jv","default",3,0.008851244,0.008482203,0.009522352
"base","dbl_uniform","random_60",500,5000,"hungarian","jv","default",3,0.02447286,0.02445734,0.024568965
"base","heavy_tailed","block_4",500,1500,"hungarian","jv","default",3,0.003688401,0.0036850185,0.0037180645
"base","heavy_tailed","block_4",500,500,"hungarian","jv","default",3,0.004187289,0.003911523,0.004283844
"base","heavy_tailed","block_4",500,5000,"hungarian","jv","default",3,0.01188389,0.011868925,0.011899735
"base","heavy_tailed","none",500,1500,"hungarian","jv","default",3,0.003838666,0.0038156445,0.003873721
"base","heavy_tailed","none",500,500,"hungarian","jv","default",3,0.008002913,0.007520507,0.008571337
"base","heavy_tailed","none",500,5000,"hungarian","jv","default",3,0.01118763,0.011168215,0.01122955
"base","heavy_tailed","random_01",500,1500,"hungarian","jv","default",3,0.003698815,0.003686843,0.003704391
"base","heavy_tailed","random_01",500,500,"hungarian","jv","default",3,0.007164463,0.007067539,0.007620998
"base","heavy_tailed","random_01",500,5000,"hungarian","jv","default",3,0.01195002,0.01189375,0.01200478
"base","heavy_tailed","random_05",500,1500,"hungarian","jv","default",3,0.004084502,0.0040805865,0.0040959205
"base","heavy_tailed","random_05",500,500,"hungarian","jv","default",3,0.007378934,0.0072179065,0.008441531
"base","heavy_tailed","random_05",500,5000,"hungarian","jv","default",3,0.01318753,0.013174205,0.0131937
"base","heavy_tailed","random_25",500,1500,"hungarian","jv","default",3,0.006273451,0.0062574405,0.006300552
"base","heavy_tailed","random_25",500,500,"hungarian","jv","default",3,0.00996095,0.0086303565,0.010009065
"base","heavy_tailed","random_25",500,5000,"hungarian","jv","default",3,0.01955839,0.019505665,0.019563125
"base","heavy_tailed","random_60",500,1500,"hungarian","jv","default",3,0.007796314,0.007733953,0.007843956
"base","heavy_tailed","random_60",500,500,"hungarian","jv","default",3,0.008474823,0.0084179765,0.0090672115
"base","heavy_tailed","random_60",500,5000,"hungarian","jv","default",3,0.02449529,0.024436555,0.02460804
"base","int_uniform","block_4",500,1500,"hungarian","jv","default",3,0.003768474,0.003688114,0.0038020325
"base","int_uniform","block_4",500,500,"hungarian","jv","default",3,0.003735182,0.003724973,0.003882987
"base","int_uniform","block_4",500,5000,"hungarian","jv","default",3,0.01184662,0.01181292,0.01184976
"base","int_uniform","none",500,1500,"hungarian","jv","default",3,0.00457765,0.0045439275,0.0046122335
"base","int_uniform","none",500,500,"hungarian","jv","default",3,0.008484991,0.008402581,0.0086579495
"base","int_uniform","none",500,5000,"hungarian","jv","default",3,0.01301816,0.013005245,0.01302964
"base","int_uniform","random_01",500,1500,"hungarian","jv","default",3,0.00365515,0.003640677,0.0036626325
"base","int_uniform","random_01",500,500,"hungarian","jv","default",3,0.004986297,0.0048238755,0.005417863
"base","int_uniform","random_01",500,5000,"hungarian","jv","default",3,0.01192579,0.011924665,0.011956235
"base","int_uniform","random_05",500,1500,"hungarian","jv","default",3,0.004061173,0.0040478275,0.0040957975
"base","int_uniform","random_05",500,500,"hungarian","jv","default",3,0.006538967,0.006376074,0.006853191
"base","int_uniform","random_05",500,5000,"hungarian","jv","default",3,0.01316375,0.0131618,0.01323687
"base","int_uniform","random_25",500,1500,"hungarian","jv","default",3,0.006217568,0.0061948335,0.006270786
"base","int_uniform","random_25",500,500,"hungarian","jv","default",3,0.006668404,0.006654464,0.0076405755
"base","int_uniform","random_25",500,5000,"hungarian","jv","default",3,0.01952166,0.01950489,0.01952875
"base","int_uniform","random_60",500,1500,"hungarian","jv","default",3,0.008011236,0.007968227,0.008128947
"base","int_uniform","random_60",500,500,"hungarian","jv","default",3,0.008691139,0.008643661,0.0088187515
"base","int_uniform","random_60",500,5000,"hungarian","jv","default",3,0.02460631,0.024605285,0.0247854
"base","metric_clustered","block_4",500,1500,"hungarian","jv","default",3,0.003955516,0.00391755,0.003998853
"base","metric_clustered","block_4",500,500,"hungarian","jv","default",3,0.005042139,0.004754319,0.0050513435
"base","metric_clustered","block_4",500,5000,"hungarian","jv","default",3,0.01181247,0.011809455,0.011850765
"base","metric_clustered","none",500,1500,"hungarian","jv","default",3,0.004014392,0.0039538555,0.0040314275
"base","metric_clustered","none",500,500,"hungarian","jv","default",3,0.009721879,0.009299907,0.0111941495
"base","metric_clustered","none",500,5000,"hungarian","jv","default",3,0.01112383,0.01111762,0.01113861
"base","metric_clustered","random_01",500,1500,"hungarian","jv","default",3,0.003695248,0.00368795,0.003729237
"base","metric_clustered","random_01",500,500,"hungarian","jv","default",3,0.005256856,0.005085763,0.0055163245
"base","metric_clustered","random_01",500,5000,"hungarian","jv","default",3,0.01203272,0.011972675,0.01205156
"base","metric_clustered","random_05",500,1500,"hungarian","jv","default",3,0.004185608,0.0041778795,0.0042397075
"base","metric_clustered","random_05",500,500,"hungarian","jv","default",3,0.008467197,0.007731698,0.0097668585
"base","metric_clustered","random_05",500,5000,"hungarian","jv","default",3,0.01338806,0.013357925,0.013414465
"base","metric_clustered","random_25",500,1500,"hungarian","jv","default",3,0.006621377,0.006597433,0.006669019
"base","metric_clustered","random_25",500,500,"hungarian","jv","default",3,0.013374,0.01267263,0.01389353
"base","metric_clustered","random_25",500,5000,"hungarian","jv","default",3,0.01971522,0.019630125,0.019858125
"base","metric_clustered","random_60",500,1500,"hungarian","jv","default",3,0.008574289,0.008497414,0.0086007955
"base","metric_clustered","random_60",500,500,"hungarian","jv","default",3,0.01342438,0.01193184,0.013801335
"base","metric_clustered","random_60",500,5000,"hungarian","jv","default",3,0.02466203,0.02464727,0.0246664
"base","metric_uniform","block_4",500,1500,"hungarian","jv","default",3,0.003655396,0.0036345065,0.0037036735
"base","metric_uniform","block_4",500,500,"hungarian","jv","default",3,0.004150225,0.004147683,0.0042832495
"base","metric_uniform","block_4",500,5000,"hungarian","jv","default",3,0.01184937,0.01176825,0.011850045
"base","metric_uniform","none",500,1500,"hungarian","jv","default",3,0.003798404,0.003772861,0.003922839
"base","metric_uniform","none",500,500,"hungarian","jv","default",3,0.00927502,0.008374537,0.00970187
"base","metric_uniform","none",500,5000,"hungarian","jv","default",3,0.01087956,0.01086377,0.01095151
"base","metric_uniform","random_01",500,1500,"hungarian","jv","default",3,0.003729934,0.0037264285,0.003735141
"base","metric_uniform","random_01",500,500,"hungarian","jv","default",3,0.004935416,0.004879205,0.005027461
"base","metric_uniform","random_01",500,5000,"hungarian","jv","default",3,0.01206068,0.01198713,0.012098585
"base","metric_uniform","random_05",500,1500,"hungarian","jv","default",3,0.004211684,0.004190446,0.004220786
"base","metric_uniform","random_05",500,500,"hungarian","jv","default",3,0.007555972,0.0063148405,0.0080157665
"base","metric_uniform","random_05",500,5000,"hungarian","jv","default",3,0.01321684,0.01318488,0.013301075
"base","metric_uniform","random_25",500,1500,"hungarian","jv","default",3,0.006295017,0.0062942995,0.0063014335
"base","metric_uniform","random_25",500,500,"hungarian","jv","default",3,0.01045065,0.009518927,0.0107101
"base","metric_uniform","random_25",500,5000,"hungarian","jv","default",3,0.01958558,0.01957078,0.0196357
"base","metric_uniform","random_60",500,1500,"hungarian","jv","default",3,0.007948793,0.007888646,0.0080389725
"base","metric_uniform","random_60",500,500,"hungarian","jv","default",3,0.009877843,0.0092645445,0.0102411215
"base","metric_uniform","random_60",500,5000,"hungarian","jv","default",3,0.02460767,0.024458245,0.02463971
"base","tied","block_4",500,1500,"hungarian","jv","default",3,0.05269033,0.052676285,0.052721205
"base","tied","block_4",500,500,"hungarian","jv","default",3,0.0173692,0.017365265,0.01737252
"base","tied","block_4",500,5000,"hungarian","jv","default",3,0.1763891,0.1760482,0.17680785
"base","tied","none",500,1500,"hungarian","jv","default",3,0.1977692,0.19754695,0.1982115
"base","tied","none",500,500,"hungarian","jv","default",3,0.06067758,0.06065429,0.06095425
"base","tied","none",500,5000,"hungarian","jv","default",3,0.6810331,0.68069765,0.6817221
"base","tied","random_01",500,1500,"hungarian","jv","default",3,0.00390976,0.0038910845,0.0039222445
"base","tied","random_01",500,500,"hungarian","jv","default",3,0.004153054,0.0039431545,0.0043656185
"base","tied","random_01",500,5000,"hungarian","jv","default",3,0.01294345,0.01294169,0.01313363
"base","tied","random_05",500,1500,"hungarian","jv","default",3,0.1105334,0.1097794,0.1147471
"base","tied","random_05",500,500,"hungarian","jv","default",3,0.0402408,0.040089325,0.040942125
"base","tied","random_05",500,5000,"hungarian","jv","default",3,0.3766057,0.3646991,0.37945125
"base","tied","random_25",500,1500,"hungarian","jv","default",3,0.1975226,0.19745685,0.1976064
"base","tied","random_25",500,500,"hungarian","jv","default",3,0.06135658,0.060966015,0.06144596
"base","tied","random_25",500,5000,"hungarian","jv","default",3,0.6818504,0.68132655,0.6833563
"base","tied","random_60",500,1500,"hungarian","jv","default",3,0.2024999,0.20234035,0.20256205
"base","tied","random_60",500,500,"hungarian","jv","default",3,0.06207228,0.0616336,0.062099155
"base","tied","random_60",500,5000,"hungarian","jv","default",3,0.6969209,0.69661775,0.69718335
"base","binary","block_4",500,1500,"jv","hk01","no_cost_scale",3,0.0521768,0.05214929,0.05217994
"base","binary","block_4",500,500,"jv","hk01","no_cost_scale",3,0.01728183,0.01727369,0.017302635
"base","binary","block_4",500,5000,"jv","hk01","no_cost_scale",3,0.1750902,0.17507985,0.1750907
"base","binary","none",500,1500,"jv","hk01","no_cost_scale",3,0.1916517,0.1915815,0.19295725
"base","binary","none",500,500,"jv","hk01","no_cost_scale",3,0.0588881,0.05870005,0.058933445
"base","binary","none",500,5000,"jv","hk01","no_cost_scale",3,0.6669076,0.66655305,0.66734335
"base","binary","random_01",500,1500,"jv","hk01","no_cost_scale",3,0.01042737,0.0095090705,0.01147295
"base","binary","random_01",500,500,"jv","hk01","no_cost_scale",3,0.0104721,0.0096849395,0.012622465
"base","binary","random_01",500,5000,"jv","hk01","no_cost_scale",3,0.040654,0.04014564,0.04556873
"base","binary","random_05",500,1500,"jv","hk01","no_cost_scale",3,0.1805283,0.1803555,0.1818962
"base","binary","random_05",500,500,"jv","hk01","no_cost_scale",3,0.05609333,0.05601537,0.056394495
"base","binary","random_05",500,5000,"jv","hk01","no_cost_scale",3,0.617893,0.61493565,0.62048145
"base","binary","random_25",500,1500,"jv","hk01","no_cost_scale",3,0.1983026,0.1979121,0.1985492
"base","binary","random_25",500,500,"jv","hk01","no_cost_scale",3,0.06000149,0.05978946,0.060330825
"base","binary","random_25",500,5000,"jv","hk01","no_cost_scale",3,0.6815876,0.68149905,0.68242835
"base","binary","random_60",500,1500,"jv","hk01","no_cost_scale",3,0.1979929,0.19794495,0.19856045
"base","binary","random_60",500,500,"jv","hk01","no_cost_scale",3,0.06107909,0.061030935,0.061143995
"base","binary","random_60",500,5000,"jv","hk01","no_cost_scale",3,0.686516,0.68616675,0.6870827
"base","constant","block_4",500,1500,"jv","hk01","no_cost_scale",3,0.0512468,0.051227735,0.05124684
"base","constant","block_4",500,500,"jv","hk01","no_cost_scale",3,0.01682189,0.016817935,0.01686092
"base","constant","block_4",500,5000,"jv","hk01","no_cost_scale",3,0.1725501,0.17244795,0.17255075
"base","constant","none",500,1500,"jv","hk01","no_cost_scale",3,0.1877662,0.18773395,0.1882833
"base","constant","none",500,500,"jv","hk01","no_cost_scale",3,0.05595496,0.055945485,0.056462375
"base","constant","none",500,5000,"jv","hk01","no_cost_scale",3,0.6528201,0.6525069,0.65362875
"base","constant","random_01",500,1500,"jv","hk01","no_cost_scale",3,0.119373,0.1142668,0.12101705
"base","constant","random_01",500,500,"jv","hk01","no_cost_scale",3,0.04216128,0.042047915,0.0430157
"base","constant","random_01",500,5000,"jv","hk01","no_cost_scale",3,0.3571999,0.34983405,0.3630412
"base","constant","random_05",500,1500,"jv","hk01","no_cost_scale",3,0.1891408,0.18871725,0.1891952
"base","constant","random_05",500,500,"jv","hk01","no_cost_scale",3,0.05799163,0.057827325,0.058158605
"base","constant","random_05",500,5000,"jv","hk01","no_cost_scale",3,0.6514829,0.65101175,0.65289635
"base","constant","random_25",500,1500,"jv","hk01","no_cost_scale",3,0.1974216,0.1965922,0.1975981
"base","constant","random_25",500,500,"jv","hk01","no_cost_scale",3,0.0608144,0.06024661,0.060920755
"base","constant","random_25",500,5000,"jv","hk01","no_cost_scale",3,0.6760146,0.676005,0.67605435
"base","constant","random_60",500,1500,"jv","hk01","no_cost_scale",3,0.1964558,0.19575085,0.1967411
"base","constant","random_60",500,500,"jv","hk01","no_cost_scale",3,0.0603037,0.05979893,0.06047666
"base","constant","random_60",500,5000,"jv","hk01","no_cost_scale",3,0.6758004,0.675455,0.675921
"base","dbl_uniform","block_4",500,1500,"jv","jv","default",3,0.003704965,0.003703571,0.003732394
"base","dbl_uniform","block_4",500,500,"jv","jv","default",3,0.003582498,0.003516693,0.003635429
"base","dbl_uniform","block_4",500,5000,"jv","jv","default",3,0.0118629,0.01185597,0.01190179
"base","dbl_uniform","none",500,1500,"jv","jv","default",3,0.003901642,0.003798117,0.0039820225
"base","dbl_uniform","none",500,500,"jv","jv","default",3,0.003140518,0.003101076,0.003323993
"base","dbl_uniform","none",500,5000,"jv","jv","default",3,0.01134847,0.01122213,0.011404705
"base","dbl_uniform","random_01",500,1500,"jv","jv","default",3,0.003679053,0.003678028,0.0036832555
"base","dbl_uniform","random_01",500,500,"jv","jv","default",3,0.005839671,0.005550621,0.0058681045
"base","dbl_uniform","random_01",500,5000,"jv","jv","default",3,0.01213834,0.012092705,0.012171325
"base","dbl_uniform","random_05",500,1500,"jv","jv","default",3,0.004069783,0.0040683685,0.0041046945
"base","dbl_uniform","random_05",500,500,"jv","jv","default",3,0.00680231,0.0065259085,0.0070388185
"base","dbl_uniform","random_05",500,5000,"jv","jv","default",3,0.01337051,0.013321165,0.013423175
"base","dbl_uniform","random_25",500,1500,"jv","jv","default",3,0.006172181,0.0061620335,0.0061812625
"base","dbl_uniform","random_25",500,500,"jv","jv","default",3,0.008436037,0.008095778,0.0089502385
"base","dbl_uniform","random_25",500,5000,"jv","jv","default",3,0.01956987,0.019533605,0.019588345
"base","dbl_uniform","random_60",500,1500,"jv","jv","default",3,0.007831,0.0077961295,0.0079151115
"base","dbl_uniform","random_60",500,500,"jv","jv","default",3,0.008824102,0.0084695955,0.009509846
"base","dbl_uniform","random_60",500,5000,"jv","jv","default",3,0.02445031,0.024413,0.024451315
"base","heavy_tailed","block_4",500,1500,"jv","jv","default",3,0.003681595,0.003669049,0.0036861665
"base","heavy_tailed","block_4",500,500,"jv","jv","default",3,0.004164575,0.0038808345,0.004269945
"base","heavy_tailed","block_4",500,5000,"jv","jv","default",3,0.01198803,0.01196993,0.01199164
"base","heavy_tailed","none",500,1500,"jv","jv","default",3,0.003672411,0.0036611975,0.0037505365
"base","heavy_tailed","none",500,500,"jv","jv","default",3,0.003568558,0.0035531625,0.003754575
"base","heavy_tailed","none",500,5000,"jv","jv","default",3,0.01113527,0.011091645,0.01115854
"base","heavy_tailed","random_01",500,1500,"jv","jv","default",3,0.003690492,0.003679996,0.0037034685
"base","heavy_tailed","random_01",500,500,"jv","jv","default",3,0.007183651,0.0070842055,0.007647443
"base","heavy_tailed","random_01",500,5000,"jv","jv","default",3,0.01213793,0.0120466,0.01214213
"base","heavy_tailed","random_05",500,1500,"jv","jv","default",3,0.004073801,0.004058016,0.004077286
"base","heavy_tailed","random_05",500,500,"jv","jv","default",3,0.007416449,0.0072475905,0.008467279
"base","heavy_tailed","random_05",500,5000,"jv","jv","default",3,0.01334976,0.013331415,0.01335491
"base","heavy_tailed","random_25",500,1500,"jv","jv","default",3,0.006231508,0.0062086505,0.0062838855
"base","heavy_tailed","random_25",500,500,"jv","jv","default",3,0.009946067,0.0086410165,0.0100099435
"base","heavy_tailed","random_25",500,5000,"jv","jv","default",3,0.0196538,0.019640105,0.019658495
"base","heavy_tailed","random_60",500,1500,"jv","jv","default",3,0.007861217,0.0077972365,0.00791546
"base","heavy_tailed","random_60",500,500,"jv","jv","default",3,0.008489993,0.008430338,0.009070512
"base","heavy_tailed","random_60",500,5000,"jv","jv","default",3,0.02457733,0.024507385,0.02470613
"base","int_uniform","block_4",500,1500,"jv","jv","default",3,0.00374986,0.0036839935,0.003752402
"base","int_uniform","block_4",500,500,"jv","jv","default",3,0.003699717,0.003673477,0.003853713
"base","int_uniform","block_4",500,5000,"jv","jv","default",3,0.01194248,0.01191741,0.011991535
"base","int_uniform","none",500,1500,"jv","jv","default",3,0.004492411,0.0044796395,0.0045457315
"base","int_uniform","none",500,500,"jv","jv","default",3,0.004494994,0.004101353,0.004540217
"base","int_uniform","none",500,5000,"jv","jv","default",3,0.01322869,0.01312123,0.013263255
"base","int_uniform","random_01",500,1500,"jv","jv","default",3,0.003662653,0.003645023,0.003670771
"base","int_uniform","random_01",500,500,"jv","jv","default",3,0.004993964,0.0048471225,0.0054248125
"base","int_uniform","random_01",500,5000,"jv","jv","default",3,0.01207319,0.01206167,0.01211089
"base","int_uniform","random_05",500,1500,"jv","jv","default",3,0.004041124,0.0040372085,0.0040766505
"base","int_uniform","random_05",500,500,"jv","jv","default",3,0.006556023,0.0063938475,0.006865819
"base","int_uniform","random_05",500,5000,"jv","jv","default",3,0.01326539,0.013223895,0.013350075
"base","int_uniform","random_25",500,1500,"jv","jv","default",3,0.006203915,0.006176076,0.0062579735
"base","int_uniform","random_25",500,500,"jv","jv","default",3,0.006670413,0.006659343,0.0076560735
"base","int_uniform","random_25",500,5000,"jv","jv","default",3,0.01957278,0.01957018,0.019619625
"base","int_uniform","random_60",500,1500,"jv","jv","default",3,0.007978682,0.007908572,0.008075565
"base","int_uniform","random_60",500,500,"jv","jv","default",3,0.00873915,0.0086642635,0.0088511005
"base","int_uniform","random_60",500,5000,"jv","jv","default",3,0.02486851,0.0247919,0.02487958
"base","metric_clustered","block_4",500,1500,"jv","jv","default",3,0.003845513,0.0038320035,0.0038909205
"base","metric_clustered","block_4",500,500,"jv","jv","default",3,0.005023402,0.00473017,0.005029019
"base","metric_clustered","block_4",500,5000,"jv","jv","default",3,0.01199918,0.011991185,0.01200763
"base","metric_clustered","none",500,1500,"jv","jv","default",3,0.003853959,0.003806071,0.003865849
"base","metric_clustered","none",500,500,"jv","jv","default",3,0.006201619,0.005981531,0.006980414
"base","metric_clustered","none",500,5000,"jv","jv","default",3,0.01110481,0.010993535,0.01111885
"base","metric_clustered","random_01",500,1500,"jv","jv","default",3,0.003687909,0.0036847725,0.0037263875
"base","metric_clustered","random_01",500,500,"jv","jv","default",3,0.005269361,0.0050964025,0.0055256315
"base","metric_clustered","random_01",500,5000,"jv","jv","default",3,0.01220115,0.012169045,0.012217425
"base","metric_clustered","random_05",500,1500,"jv","jv","default",3,0.004160147,0.0041597985,0.004201885
"base","metric_clustered","random_05",500,500,"jv","jv","default",3,0.008454282,0.007725835,0.009768701
"base","metric_clustered","random_05",500,5000,"jv","jv","default",3,0.01351786,0.013490555,0.01355011
"base","metric_clustered","random_25",500,1500,"jv","jv","default",3,0.006575949,0.0065689585,0.0065873265
"base","metric_clustered","random_25",500,500,"jv","jv","default",3,0.0134054,0.01270022,0.01391304
"base","metric_clustered","random_25",500,5000,"jv","jv","default",3,0.01974662,0.019690125,0.01990281
"base","metric_clustered","random_60",500,1500,"jv","jv","default",3,0.008503523,0.0084228145,0.0085079715
"base","metric_clustered","random_60",500,500,"jv","jv","default",3,0.01344423,0.011959475,0.013833155
"base","metric_clustered","random_60",500,5000,"jv","jv","default",3,0.0246886,0.02468735,0.02469055
"base","metric_uniform","block_4",500,1500,"jv","jv","default",3,0.003667696,0.0036420505,0.0036891595
"base","metric_uniform","block_4",500,500,"jv","jv","default",3,0.00413772,0.004131898,0.0042765665
"base","metric_uniform","block_4",500,5000,"jv","jv","default",3,0.01195654,0.011950105,0.011966195
"base","metric_uniform","none",500,1500,"jv","jv","default",3,0.003637602,0.003611116,0.003794427
"base","metric_uniform","none",500,500,"jv","jv","default",3,0.005627414,0.004943739,0.005867838
"base","metric_uniform","none",500,5000,"jv","jv","default",3,0.01090034,0.01082232,0.01102404
"base","metric_uniform","random_01",500,1500,"jv","jv","default",3,0.003718946,0.0037146,0.00373674
"base","metric_uniform","random_01",500,500,"jv","jv","default",3,0.004950709,0.0049000125,0.00504013
"base","metric_uniform","random_01",500,5000,"jv","jv","default",3,0.01218364,0.012159205,0.012207215
"base","metric_uniform","random_05",500,1500,"jv","jv","default",3,0.0041861,0.0041638165,0.004199302
"base","metric_uniform","random_05",500,500,"jv","jv","default",3,0.007557038,0.006307112,0.0080290505
"base","metric_uniform","random_05",500,5000,"jv","jv","default",3,0.01334726,0.0133234,0.013452715
"base","metric_uniform","random_25",500,1500,"jv","jv","default",3,0.006281774,0.0062719135,0.0062893795
"base","metric_uniform","random_25",500,500,"jv","jv","default",3,0.01044028,0.009506034,0.0106837
"base","metric_uniform","random_25",500,5000,"jv","jv","default",3,0.01975405,0.01974759,0.019785105
"base","metric_uniform","random_60",500,1500,"jv","jv","default",3,0.00787897,0.0077994915,0.007933582
"base","metric_uniform","random_60",500,500,"jv","jv","default",3,0.009862386,0.009258866,0.010259163
"base","metric_uniform","random_60",500,5000,"jv","jv","default",3,0.02444896,0.024395045,0.02460933
"base","tied","block_4",500,1500,"jv","jv","default",3,0.05258348,0.05252485,0.05262477
"base","tied","block_4",500,500,"jv","jv","default",3,0.01727068,0.01722642,0.0172961
"base","tied","block_4",500,5000,"jv","jv","default",3,0.176638,0.17637275,0.1770049
"base","tied","none",500,1500,"jv","jv","default",3,0.1969063,0.19661355,0.1969319
"base","tied","none",500,500,"jv","jv","default",3,0.05551904,0.05496353,0.05589997
"base","tied","none",500,5000,"jv","jv","default",3,0.6809969,0.6808876,0.68120925
"base","tied","random_01",500,1500,"jv","jv","default",3,0.003904143,0.003892048,0.003920912
"base","tied","random_01",500,500,"jv","jv","default",3,0.004182984,0.003960231,0.0043915715
"base","tied","random_01",500,5000,"jv","jv","default",3,0.0131314,0.01309817,0.01324163
"base","tied","random_05",500,1500,"jv","jv","default",3,0.1105255,0.1097278,0.1147176
"base","tied","random_05",500,500,"jv","jv","default",3,0.04026823,0.040077805,0.04093067
"base","tied","random_05",500,5000,"jv","jv","default",3,0.3767273,0.36477805,0.37951005
"base","tied","random_25",500,1500,"jv","jv","default",3,0.1975515,0.19742655,0.19759795
"base","tied","random_25",500,500,"jv","jv","default",3,0.06105921,0.060850415,0.06121829
"base","tied","random_25",500,5000,"jv","jv","default",3,0.6820218,0.68142865,0.6832947
"base","tied","random_60",500,1500,"jv","jv","default",3,0.2024478,0.20228325,0.20245655
"base","tied","random_60",500,500,"jv","jv","default",3,0.06198655,0.06185291,0.062136565
"base","tied","random_60",500,5000,"jv","jv","default",3,0.6960346,0.69581335,0.6963341
"large","binary","none",1000,10000,"jv","hk01","no_cost_scale",2,5.2953475,5.29393825,5.29675675
"large","binary","none",1500,1500,"jv","hk01","no_cost_scale",2,1.483635,1.48328,1.48399
"large","binary","none",1500,4500,"jv","hk01","no_cost_scale",2,5.109895,5.1064355,5.1133545
"large","binary","random_01",1000,10000,"jv","hk01","no_cost_scale",2,2.981663,2.9729865,2.9903395
"large","binary","random_01",1500,1500,"jv","hk01","no_cost_scale",2,1.230102,1.2243775,1.2358265
"large","binary","random_01",1500,4500,"jv","hk01","no_cost_scale",2,4.0823845,4.06154925,4.10321975
"large","binary","random_25",1000,10000,"jv","hk01","no_cost_scale",2,5.3644355,5.36106125,5.36780975
"large","binary","random_25",1500,1500,"jv","hk01","no_cost_scale",2,1.50557,1.5039635,1.5071765
"large","binary","random_25",1500,4500,"jv","hk01","no_cost_scale",2,5.1836955,5.17994975,5.18744125
"large","dbl_uniform","none",1000,10000,"jv","jv","default",2,0.067325425,0.0671353375,0.0675155125
"large","dbl_uniform","none",1500,1500,"jv","jv","default",2,0.04572277,0.04565476,0.04579078
"large","dbl_uniform","none",1500,4500,"jv","jv","default",2,0.052800165,0.0525833575,0.0530169725
"large","dbl_uniform","random_01",1000,10000,"jv","jv","default",2,0.070074165,0.0700341075,0.0701142225
"large","dbl_uniform","random_01",1500,1500,"jv","jv","default",2,0.07691198,0.074383735,0.079440225
"large","dbl_uniform","random_01",1500,4500,"jv","jv","default",2,0.05011867,0.05005882,0.05017852
"large","dbl_uniform","random_25",1000,10000,"jv","jv","default",2,0.10014535,0.100096075,0.100194625
"large","dbl_uniform","random_25",1500,1500,"jv","jv","default",2,0.093650125,0.0882144375,0.0990858125
"large","dbl_uniform","random_25",1500,4500,"jv","jv","default",2,0.073118845,0.0730555925,0.0731820975
"large","heavy_tailed","none",1000,10000,"jv","jv","default",2,0.066178735,0.0661412325,0.0662162375
"large","heavy_tailed","none",1500,1500,"jv","jv","default",2,0.04407734,0.04299455,0.04516013
"large","heavy_tailed","none",1500,4500,"jv","jv","default",2,0.052829135,0.0526800875,0.0529781825
"large","heavy_tailed","random_01",1000,10000,"jv","jv","default",2,0.0700493,0.07000054,0.07009806
"large","heavy_tailed","random_01",1500,1500,"jv","jv","default",2,0.104870435,0.0986084525,0.1111324175
"large","heavy_tailed","random_01",1500,4500,"jv","jv","default",2,0.050281005,0.0501961775,0.0503658325
"large","heavy_tailed","random_25",1000,10000,"jv","jv","default",2,0.1001216,0.10009225,0.10015095
"large","heavy_tailed","random_25",1500,1500,"jv","jv","default",2,0.09328029,0.09297244,0.09358814
"large","heavy_tailed","random_25",1500,4500,"jv","jv","default",2,0.072465615,0.0723351725,0.0725960575
"large","int_uniform","none",1000,10000,"jv","jv","default",2,0.074102535,0.0740687925,0.0741362775
"large","int_uniform","none",1500,1500,"jv","jv","default",2,0.041015475,0.0405983925,0.0414325575
"large","int_uniform","none",1500,4500,"jv","jv","default",2,0.05771457,0.05733738,0.05809176
"large","int_uniform","random_01",1000,10000,"jv","jv","default",2,0.069804795,0.0697360975,0.0698734925
"large","int_uniform","random_01",1500,1500,"jv","jv","default",2,0.081475795,0.0804345075,0.0825170825
"large","int_uniform","random_01",1500,4500,"jv","jv","default",2,0.050503245,0.0504771375,0.0505293525
"large","int_uniform","random_25",1000,10000,"jv","jv","default",2,0.099946235,0.0998400025,0.1000524675
"large","int_uniform","random_25",1500,1500,"jv","jv","default",2,0.093113255,0.0925152275,0.0937112825
"large","int_uniform","random_25",1500,4500,"jv","jv","default",2,0.07287828,0.072828015,0.072928545
"large","metric_clustered","none",1000,10000,"jv","jv","default",2,0.06561853,0.06553413,0.06570293
"large","metric_clustered","none",1500,1500,"jv","jv","default",2,0.14876155,0.135951275,0.161571825
"large","metric_clustered","none",1500,4500,"jv","jv","default",2,0.05247631,0.051965675,0.052986945
"large","metric_clustered","random_01",1000,10000,"jv","jv","default",2,0.070338455,0.0703221775,0.0703547325
"large","metric_clustered","random_01",1500,1500,"jv","jv","default",2,0.08654036,0.08420942,0.0888713
"large","metric_clustered","random_01",1500,4500,"jv","jv","default",2,0.050690205,0.0506785925,0.0507018175
"large","metric_clustered","random_25",1000,10000,"jv","jv","default",2,0.1009345,0.10088485,0.10098415
"large","metric_clustered","random_25",1500,1500,"jv","jv","default",2,0.1442975,0.1384943,0.1501007
"large","metric_clustered","random_25",1500,4500,"jv","jv","default",2,0.07552977,0.075388025,0.075671515
"base","binary","block_4",500,1500,"lapmod","hk01","no_cost_scale",3,0.05662096,0.056583795,0.056629305
"base","binary","block_4",500,500,"lapmod","hk01","no_cost_scale",3,0.01841634,0.01834428,0.018444895
"base","binary","block_4",500,5000,"lapmod","hk01","no_cost_scale",3,0.1888616,0.18885635,0.1889649
"base","binary","none",500,1500,"lapmod","hk01","no_cost_scale",3,0.2918925,0.2916949,0.2923691
"base","binary","none",500,500,"lapmod","hk01","no_cost_scale",3,0.09349533,0.093310975,0.09353258
"base","binary","none",500,5000,"lapmod","hk01","no_cost_scale",3,0.9973566,0.99588765,1.0035368
"base","binary","random_01",500,1500,"lapmod","hk01","no_cost_scale",3,0.01060699,0.009691028,0.01161813
"base","binary","random_01",500,500,"lapmod","hk01","no_cost_scale",3,0.01026476,0.0094946775,0.01253897
"base","binary","random_01",500,5000,"lapmod","hk01","no_cost_scale",3,0.04116728,0.04073358,0.046142485
"base","binary","random_05",500,1500,"lapmod","hk01","no_cost_scale",3,0.1851161,0.18473665,0.1866171
"base","binary","random_05",500,500,"lapmod","hk01","no_cost_scale",3,0.06119496,0.06116454,0.06124416
"base","binary","random_05",500,5000,"lapmod","hk01","no_cost_scale",3,0.616281,0.61314485,0.61790245
"base","binary","random_25",500,1500,"lapmod","hk01","no_cost_scale",3,0.2200987,0.22004505,0.2204259
"base","binary","random_25",500,500,"lapmod","hk01","no_cost_scale",3,0.07132926,0.071300825,0.071354455
"base","binary","random_25",500,5000,"lapmod","hk01","no_cost_scale",3,0.7397602,0.73974995,0.74056525
"base","binary","random_60",500,1500,"lapmod","hk01","no_cost_scale",3,0.2582536,0.2579686,0.258576
"base","binary","random_60",500,500,"lapmod","hk01","no_cost_scale",3,0.08332151,0.083087255,0.083646315
"base","binary","random_60",500,5000,"lapmod","hk01","no_cost_scale",3,0.8711942,0.86978945,0.8713525
"base","constant","block_4",500,1500,"lapmod","hk01","no_cost_scale",3,0.05545611,0.055435465,0.05553278
"base","constant","block_4",500,500,"lapmod","hk01","no_cost_scale",3,0.01782008,0.01769015,0.017842915
"base","constant","block_4",500,5000,"lapmod","hk01","no_cost_scale",3,0.1860258,0.18591535,0.1861272
"base","constant","none",500,1500,"lapmod","hk01","no_cost_scale",3,0.2867287,0.28669055,0.2868497
"base","constant","none",500,500,"lapmod","hk01","no_cost_scale",3,0.09099995,0.09088726,0.091471575
"base","constant","none",500,5000,"lapmod","hk01","no_cost_scale",3,0.9829388,0.98292895,0.9831358
"base","constant","random_01",500,1500,"lapmod","hk01","no_cost_scale",3,0.119831,0.114622,0.12149905
"base","constant","random_01",500,500,"lapmod","hk01","no_cost_scale",3,0.04536683,0.04531761,0.04637842
"base","constant","random_01",500,5000,"lapmod","hk01","no_cost_scale",3,0.3491319,0.3418123,0.35454245
"base","constant","random_05",500,1500,"lapmod","hk01","no_cost_scale",3,0.1923379,0.19208,0.1925095
"base","constant","random_05",500,500,"lapmod","hk01","no_cost_scale",3,0.06243988,0.06240981,0.062564315
"base","constant","random_05",500,5000,"lapmod","hk01","no_cost_scale",3,0.645919,0.6452218,0.6475425
"base","constant","random_25",500,1500,"lapmod","hk01","no_cost_scale",3,0.2178581,0.2177644,0.2180435
"base","constant","random_25",500,500,"lapmod","hk01","no_cost_scale",3,0.06977696,0.069762545,0.069983435
"base","constant","random_25",500,5000,"lapmod","hk01","no_cost_scale",3,0.7325982,0.7320535,0.73260675
"base","constant","random_60",500,1500,"lapmod","hk01","no_cost_scale",3,0.2542252,0.25404625,0.2544687
"base","constant","random_60",500,500,"lapmod","hk01","no_cost_scale",3,0.08146413,0.081421775,0.081497915
"base","constant","random_60",500,5000,"lapmod","hk01","no_cost_scale",3,0.8617042,0.86145465,0.8620645
"base","dbl_uniform","block_4",500,1500,"lapmod","jv","default",3,0.004275111,0.0042593875,0.004309592
"base","dbl_uniform","block_4",500,500,"lapmod","jv","default",3,0.004213734,0.00414059,0.004244976
"base","dbl_uniform","block_4",500,5000,"lapmod","jv","default",3,0.01347334,0.013462145,0.013526415
"base","dbl_uniform","none",500,1500,"lapmod","jv","default",3,0.005371,0.005273502,0.0054416635
"base","dbl_uniform","none",500,500,"lapmod","jv","default",3,0.01061162,0.010563115,0.011076375
"base","dbl_uniform","none",500,5000,"lapmod","jv","default",3,0.01657101,0.016432595,0.01658282
"base","dbl_uniform","random_01",500,1500,"lapmod","jv","default",3,0.004085814,0.004085691,0.0040945675
"base","dbl_uniform","random_01",500,500,"lapmod","jv","default",3,0.005727741,0.0054632295,0.0057729025
"base","dbl_uniform","random_01",500,5000,"lapmod","jv","default",3,0.0141999,0.01417001,0.014238255
"base","dbl_uniform","random_05",500,1500,"lapmod","jv","default",3,0.004587449,0.004585932,0.0046065345
"base","dbl_uniform","random_05",500,500,"lapmod","jv","default",3,0.006820104,0.0065298855,0.0070413605
"base","dbl_uniform","random_05",500,5000,"lapmod","jv","default",3,0.01503905,0.015023855,0.01504368
"base","dbl_uniform","random_25",500,1500,"lapmod","jv","default",3,0.007130023,0.0071074935,0.0071333235
"base","dbl_uniform","random_25",500,500,"lapmod","jv","default",3,0.01015119,0.0096622855,0.010771785
"base","dbl_uniform","random_25",500,5000,"lapmod","jv","default",3,0.02321928,0.0232068,0.02326303
"base","dbl_uniform","random_60",500,1500,"lapmod","jv","default",3,0.009542381,0.0095411715,0.0096100925
"base","dbl_uniform","random_60",500,500,"lapmod","jv","default",3,0.01236109,0.01177856,0.0138359
"base","dbl_uniform","random_60",500,5000,"lapmod","jv","default",3,0.03071937,0.03069225,0.03077222
"base","heavy_tailed","block_4",500,1500,"lapmod","jv","default",3,0.004244156,0.0042239635,0.0042476
"base","heavy_tailed","block_4",500,500,"lapmod","jv","default",3,0.004903477,0.0045707825,0.0050155505
"base","heavy_tailed","block_4",500,5000,"lapmod","jv","default",3,0.01363918,0.01362401,0.013643915
"base","heavy_tailed","none",500,1500,"lapmod","jv","default",3,0.005179407,0.005164483,0.00521971
"base","heavy_tailed","none",500,500,"lapmod","jv","default",3,0.0114602,0.0106317525,0.012300495
"base","heavy_tailed","none",500,5000,"lapmod","jv","default",3,0.01637663,0.016360125,0.01641113
"base","heavy_tailed","random_01",500,1500,"lapmod","jv","default",3,0.004114555,0.004107052,0.0041181835
"base","heavy_tailed","random_01",500,500,"lapmod","jv","default",3,0.007112639,0.0070131525,0.007534283
"base","heavy_tailed","random_01",500,5000,"lapmod","jv","default",3,0.0141202,0.01411829,0.014138485
"base","heavy_tailed","random_05",500,1500,"lapmod","jv","default",3,0.004564243,0.004563587,0.0045798435
"base","heavy_tailed","random_05",500,500,"lapmod","jv","default",3,0.007450151,0.007279181,0.0085651665
"base","heavy_tailed","random_05",500,5000,"lapmod","jv","default",3,0.01500912,0.014991285,0.0150608
"base","heavy_tailed","random_25",500,1500,"lapmod","jv","default",3,0.007139781,0.0070242635,0.0071992925
"base","heavy_tailed","random_25",500,500,"lapmod","jv","default",3,0.01209672,0.010309203,0.01222333
"base","heavy_tailed","random_25",500,5000,"lapmod","jv","default",3,0.02330629,0.0232675,0.023308585
"base","heavy_tailed","random_60",500,1500,"lapmod","jv","default",3,0.00953496,0.0095052555,0.00956284
"base","heavy_tailed","random_60",500,500,"lapmod","jv","default",3,0.01214363,0.012025055,0.0132799
"base","heavy_tailed","random_60",500,5000,"lapmod","jv","default",3,0.03084733,0.03073253,0.0309673
"base","int_uniform","block_4",500,1500,"lapmod","jv","default",3,0.004327386,0.004247559,0.004329928
"base","int_uniform","block_4",500,500,"lapmod","jv","default",3,0.004329969,0.004312954,0.00451287
"base","int_uniform","block_4",500,5000,"lapmod","jv","default",3,0.01353627,0.01350997,0.01357393
"base","int_uniform","none",500,1500,"lapmod","jv","default",3,0.005968288,0.0059186165,0.005985713
"base","int_uniform","none",500,500,"lapmod","jv","default",3,0.01208852,0.01188791,0.012386285
"base","int_uniform","none",500,5000,"lapmod","jv","default",3,0.01812606,0.01807325,0.01821587
"base","int_uniform","random_01",500,1500,"lapmod","jv","default",3,0.004074006,0.004057647,0.0040929275
"base","int_uniform","random_01",500,500,"lapmod","jv","default",3,0.004910693,0.004759772,0.00539478
"base","int_uniform","random_01",500,5000,"lapmod","jv","default",3,0.01411204,0.01408707,0.01415392
"base","int_uniform","random_05",500,1500,"lapmod","jv","default",3,0.004560676,0.0045583185,0.0045955055
"base","int_uniform","random_05",500,500,"lapmod","jv","default",3,0.006531423,0.006405348,0.00692613
"base","int_uniform","random_05",500,5000,"lapmod","jv","default",3,0.01502794,0.01500586,0.01504407
"base","int_uniform","random_25",500,1500,"lapmod","jv","default",3,0.007148514,0.0071152015,0.007166185
"base","int_uniform","random_25",500,500,"lapmod","jv","default",3,0.007682252,0.007640719,0.009031991
"base","int_uniform","random_25",500,5000,"lapmod","jv","default",3,0.02326151,0.023254625,0.023288265
"base","int_uniform","random_60",500,1500,"lapmod","jv","default",3,0.009652876,0.009601503,0.0097204645
"base","int_uniform","random_60",500,500,"lapmod","jv","default",3,0.0125672,0.012111485,0.01266517
"base","int_uniform","random_60",500,5000,"lapmod","jv","default",3,0.03088965,0.0308557,0.03095369
"base","metric_clustered","block_4",500,1500,"lapmod","jv","default",3,0.004470476,0.004442965,0.0045125625
"base","metric_clustered","block_4",500,500,"lapmod","jv","default",3,0.005887805,0.005571244,0.005914332
"base","metric_clustered","block_4",500,5000,"lapmod","jv","default",3,0.01359048,0.013558415,0.01360485
"base","metric_clustered","none",500,1500,"lapmod","jv","default",3,0.00551204,0.0054318235,0.0055136595
"base","metric_clustered","none",500,500,"lapmod","jv","default",3,0.01407042,0.013499125,0.01661314
"base","metric_clustered","none",500,5000,"lapmod","jv","default",3,0.01620984,0.016191185,0.016223595
"base","metric_clustered","random_01",500,1500,"lapmod","jv","default",3,0.004105986,0.00410205,0.0041369
"base","metric_clustered","random_01",500,500,"lapmod","jv","default",3,0.005182564,0.0050175185,0.0054401465
"base","metric_clustered","random_01",500,5000,"lapmod","jv","default",3,0.01423262,0.014177065,0.014254205
"base","metric_clustered","random_05",500,1500,"lapmod","jv","default",3,0.004680314,0.0046791455,0.004709014
"base","metric_clustered","random_05",500,500,"lapmod","jv","default",3,0.008321688,0.007592995,0.009643549
"base","metric_clustered","random_05",500,5000,"lapmod","jv","default",3,0.0150864,0.01508013,0.015162355
"base","metric_clustered","random_25",500,1500,"lapmod","jv","default",3,0.007401197,0.0073986345,0.007404313
"base","metric_clustered","random_25",500,500,"lapmod","jv","default",3,0.01620062,0.015343655,0.01688464
"base","metric_clustered","random_25",500,5000,"lapmod","jv","default",3,0.02334737,0.02328798,0.023368465
"base","metric_clustered","random_60",500,1500,"lapmod","jv","default",3,0.009961196,0.0099382975,0.010063943
"base","metric_clustered","random_60",500,500,"lapmod","jv","default",3,0.02074707,0.017732725,0.0210936
"base","metric_clustered","random_60",500,5000,"lapmod","jv","default",3,0.03096812,0.03090137,0.0310042
"base","metric_uniform","block_4",500,1500,"lapmod","jv","default",3,0.004218736,0.0042051855,0.00425867
"base","metric_uniform","block_4",500,500,"lapmod","jv","default",3,0.004823814,0.004820124,0.0050045625
"base","metric_uniform","block_4",500,5000,"lapmod","jv","default",3,0.01354378,0.013528975,0.01362748
"base","metric_uniform","none",500,1500,"lapmod","jv","default",3,0.005170059,0.005144434,0.0053099715
"base","metric_uniform","none",500,500,"lapmod","jv","default",3,0.0132735,0.01180148,0.01400578
"base","metric_uniform","none",500,5000,"lapmod","jv","default",3,0.01602268,0.01595294,0.016133175
"base","metric_uniform","random_01",500,1500,"lapmod","jv","default",3,0.004120008,0.0041191265,0.0041365515
"base","metric_uniform","random_01",500,500,"lapmod","jv","default",3,0.004849234,0.0048035395,0.0049593395
"base","metric_uniform","random_01",500,5000,"lapmod","jv","default",3,0.01421671,0.01411261,0.01427167
"base","metric_uniform","random_05",500,1500,"lapmod","jv","default",3,0.004638125,0.004610983,0.004657969
"base","metric_uniform","random_05",500,500,"lapmod","jv","default",3,0.007675897,0.00637345,0.0080839495
"base","metric_uniform","random_05",500,5000,"lapmod","jv","default",3,0.01506188,0.01504593,0.01511766
"base","metric_uniform","random_25",500,1500,"lapmod","jv","default",3,0.007169383,0.0071665335,0.0071897805
"base","metric_uniform","random_25",500,500,"lapmod","jv","default",3,0.01255371,0.0112281585,0.013031545
"base","metric_uniform","random_25",500,5000,"lapmod","jv","default",3,0.02337201,0.023308745,0.02337695
"base","metric_uniform","random_60",500,1500,"lapmod","jv","default",3,0.00958129,0.0095198105,0.0096398585
"base","metric_uniform","random_60",500,500,"lapmod","jv","default",3,0.01441597,0.01315977,0.015019615
"base","metric_uniform","random_60",500,5000,"lapmod","jv","default",3,0.03074324,0.03060685,0.03085035
"base","tied","block_4",500,1500,"lapmod","jv","default",3,0.0571565,0.057138275,0.05722042
"base","tied","block_4",500,500,"lapmod","jv","default",3,0.01867944,0.01864959,0.018689915
"base","tied","block_4",500,5000,"lapmod","jv","default",3,0.1906395,0.1903727,0.1911071
"base","tied","none",500,1500,"lapmod","jv","default",3,0.2958518,0.29556165,0.29622915
"base","tied","none",500,500,"lapmod","jv","default",3,0.09565599,0.095642275,0.095932785
"base","tied","none",500,5000,"lapmod","jv","default",3,1.012932,1.0127835,1.013341
"base","tied","random_01",500,1500,"lapmod","jv","default",3,0.004312503,0.004305451,0.0043312605
"base","tied","random_01",500,500,"lapmod","jv","default",3,0.004141205,0.0039073615,0.0043544255
"base","tied","random_01",500,5000,"lapmod","jv","default",3,0.01507041,0.015045275,0.015263685
"base","tied","random_05",500,1500,"lapmod","jv","default",3,0.1144249,0.11352825,0.11863965
"base","tied","random_05",500,500,"lapmod","jv","default",3,0.04396471,0.043723525,0.044669685
"base","tied","random_05",500,5000,"lapmod","jv","default",3,0.3798764,0.3677137,0.38287
"base","tied","random_25",500,1500,"lapmod","jv","default",3,0.2217189,0.2214821,0.2218092
"base","tied","random_25",500,500,"lapmod","jv","default",3,0.07289464,0.072887095,0.073110055
"base","tied","random_25",500,5000,"lapmod","jv","default",3,0.7444078,0.74408155,0.7462962
"base","tied","random_60",500,1500,"lapmod","jv","default",3,0.2612212,0.260749,0.2614567
"base","tied","random_60",500,500,"lapmod","jv","default",3,0.08467205,0.084639475,0.084718135
"base","tied","random_60",500,5000,"lapmod","jv","default",3,0.884562,0.8839582,0.8845801
"large","binary","none",1000,10000,"lapmod","hk01","no_cost_scale",2,7.9339815,7.93376525,7.93419775
"large","binary","none",1500,1500,"lapmod","hk01","no_cost_scale",2,2.5069435,2.50687125,2.50701575
"large","binary","none",1500,4500,"lapmod","hk01","no_cost_scale",2,7.849311,7.8395755,7.8590465
"large","binary","random_01",1000,10000,"lapmod","hk01","no_cost_scale",2,2.8690965,2.86122625,2.87696675
"large","binary","random_01",1500,1500,"lapmod","hk01","no_cost_scale",2,1.369826,1.3628385,1.3768135
"large","binary","random_01",1500,4500,"lapmod","hk01","no_cost_scale",2,4.0573215,4.03917125,4.07547175
"large","binary","random_25",1000,10000,"lapmod","hk01","no_cost_scale",2,5.9425335,5.94228775,5.94277925
"large","binary","random_25",1500,1500,"lapmod","hk01","no_cost_scale",2,1.880043,1.879711,1.880375
"large","binary","random_25",1500,4500,"lapmod","hk01","no_cost_scale",2,5.757232,5.748524,5.76594
"large","dbl_uniform","none",1000,10000,"lapmod","jv","default",2,0.088145635,0.0879086025,0.0883826675
"large","dbl_uniform","none",1500,1500,"lapmod","jv","default",2,0.1588874,0.1573255,0.1604493
"large","dbl_uniform","none",1500,4500,"lapmod","jv","default",2,0.06641352,0.06634632,0.06648072
"large","dbl_uniform","random_01",1000,10000,"lapmod","jv","default",2,0.08099433,0.080960905,0.081027755
"large","dbl_uniform","random_01",1500,1500,"lapmod","jv","default",2,0.076338125,0.0740687625,0.0786074875
"large","dbl_uniform","random_01",1500,4500,"lapmod","jv","default",2,0.0567636,0.05666526,0.05686194
"large","dbl_uniform","random_25",1000,10000,"lapmod","jv","default",2,0.11484635,0.114732775,0.114959925
"large","dbl_uniform","random_25",1500,1500,"lapmod","jv","default",2,0.1165443,0.10843085,0.12465775
"large","dbl_uniform","random_25",1500,4500,"lapmod","jv","default",2,0.08117695,0.081073435,0.081280465
"large","heavy_tailed","none",1000,10000,"lapmod","jv","default",2,0.0873718,0.08704996,0.08769364
"large","heavy_tailed","none",1500,1500,"lapmod","jv","default",2,0.1377476,0.13662245,0.13887275
"large","heavy_tailed","none",1500,4500,"lapmod","jv","default",2,0.066465815,0.0664090825,0.0665225475
"large","heavy_tailed","random_01",1000,10000,"lapmod","jv","default",2,0.08174207,0.08149939,0.08198475
"large","heavy_tailed","random_01",1500,1500,"lapmod","jv","default",2,0.103882515,0.0974994725,0.1102655575
"large","heavy_tailed","random_01",1500,4500,"lapmod","jv","default",2,0.056511735,0.0564330375,0.0565904325
"large","heavy_tailed","random_25",1000,10000,"lapmod","jv","default",2,0.11492885,0.114808575,0.115049125
"large","heavy_tailed","random_25",1500,1500,"lapmod","jv","default",2,0.11572415,0.115297125,0.116151175
"large","heavy_tailed","random_25",1500,4500,"lapmod","jv","default",2,0.080589845,0.0805155325,0.0806641575
"large","int_uniform","none",1000,10000,"lapmod","jv","default",2,0.09605519,0.095815045,0.096295335
"large","int_uniform","none",1500,1500,"lapmod","jv","default",2,0.12623965,0.124193775,0.128285525
"large","int_uniform","none",1500,4500,"lapmod","jv","default",2,0.072989635,0.0726673525,0.0733119175
"large","int_uniform","random_01",1000,10000,"lapmod","jv","default",2,0.08045426,0.080426215,0.080482305
"large","int_uniform","random_01",1500,1500,"lapmod","jv","default",2,0.0811538,0.08040272,0.08190488
"large","int_uniform","random_01",1500,4500,"lapmod","jv","default",2,0.05627258,0.056270715,0.056274445
"large","int_uniform","random_25",1000,10000,"lapmod","jv","default",2,0.1152448,0.1151618,0.1153278
"large","int_uniform","random_25",1500,1500,"lapmod","jv","default",2,0.11679555,0.115951125,0.117639975
"large","int_uniform","random_25",1500,4500,"lapmod","jv","default",2,0.080852305,0.0808290075,0.0808756025
"large","metric_clustered","none",1000,10000,"lapmod","jv","default",2,0.087048085,0.0869797175,0.0871164525
"large","metric_clustered","none",1500,1500,"lapmod","jv","default",2,0.3030383,0.28205975,0.32401685
"large","metric_clustered","none",1500,4500,"lapmod","jv","default",2,0.06639056,0.06577511,0.06700601
"large","metric_clustered","random_01",1000,10000,"lapmod","jv","default",2,0.08109468,0.080967805,0.081221555
"large","metric_clustered","random_01",1500,1500,"lapmod","jv","default",2,0.08616636,0.08400315,0.08832957
"large","metric_clustered","random_01",1500,4500,"lapmod","jv","default",2,0.05711179,0.056988945,0.057234635
"large","metric_clustered","random_25",1000,10000,"lapmod","jv","default",2,0.1156585,0.11558085,0.11573615
"large","metric_clustered","random_25",1500,1500,"lapmod","jv","default",2,0.1778954,0.1701955,0.1855953
"large","metric_clustered","random_25",1500,4500,"lapmod","jv","default",2,0.08278058,0.082708225,0.082852935
"base","binary","block_4",500,1500,"network_simplex","hk01","no_cost_scale",3,0.03037928,0.02855519,0.03100898
"base","binary","block_4",500,500,"network_simplex","hk01","no_cost_scale",3,0.005023648,0.0046235495,0.005123975
"base","binary","block_4",500,5000,"network_simplex","hk01","no_cost_scale",3,0.1758984,0.17569265,0.1849388
"base","binary","none",500,1500,"network_simplex","hk01","no_cost_scale",3,0.02270482,0.02173781,0.02781588
"base","binary","none",500,500,"network_simplex","hk01","no_cost_scale",3,0.003943052,0.003191276,0.0039713215
"base","binary","none",500,5000,"network_simplex","hk01","no_cost_scale",3,0.1049769,0.0963122,0.10938945
"base","binary","random_01",500,1500,"network_simplex","hk01","no_cost_scale",3,0.02831259,0.02809728,0.028575135
"base","binary","random_01",500,500,"network_simplex","hk01","no_cost_scale",3,0.02240834,0.020113305,0.023779135
"base","binary","random_01",500,5000,"network_simplex","hk01","no_cost_scale",3,0.193561,0.1929018,0.1969822
"base","binary","random_05",500,1500,"network_simplex","hk01","no_cost_scale",3,0.02785979,0.027644495,0.02828125
"base","binary","random_05",500,500,"network_simplex","hk01","no_cost_scale",3,0.008697125,0.0080193745,0.008972153
"base","binary","random_05",500,5000,"network_simplex","hk01","no_cost_scale",3,0.1997932,0.19979175,0.20386315
"base","binary","random_25",500,1500,"network_simplex","hk01","no_cost_scale",3,0.03028424,0.030112265,0.030482865
"base","binary","random_25",500,500,"network_simplex","hk01","no_cost_scale",3,0.006252008,0.006069394,0.0063419005
"base","binary","random_25",500,5000,"network_simplex","hk01","no_cost_scale",3,0.1809478,0.17767465,0.1845847
"base","binary","random_60",500,1500,"network_simplex","hk01","no_cost_scale",3,0.03589669,0.034120895,0.03752037
"base","binary","random_60",500,500,"network_simplex","hk01","no_cost_scale",3,0.00604914,0.0059117695,0.006234337
"base","binary","random_60",500,5000,"network_simplex","hk01","no_cost_scale",3,0.1793514,0.1743964,0.18277835
"base","constant","block_4",500,1500,"network_simplex","hk01","no_cost_scale",3,0.01662927,0.016603955,0.01720204
"base","constant","block_4",500,500,"network_simplex","hk01","no_cost_scale",3,0.002479352,0.002476031,0.0025820775
"base","constant","block_4",500,5000,"network_simplex","hk01","no_cost_scale",3,0.0992808,0.099006285,0.099592625
"base","constant","none",500,1500,"network_simplex","hk01","no_cost_scale",3,0.007847646,0.007741579,0.0079185145
"base","constant","none",500,500,"network_simplex","hk01","no_cost_scale",3,0.002384396,0.002368611,0.0025252105
"base","constant","none",500,5000,"network_simplex","hk01","no_cost_scale",3,0.02782641,0.02728316,0.027879525
"base","constant","random_01",500,1500,"network_simplex","hk01","no_cost_scale",3,0.02154448,0.02126012,0.0218307
"base","constant","random_01",500,500,"network_simplex","hk01","no_cost_scale",3,0.002895051,0.0028672325,0.0029627215
"base","constant","random_01",500,5000,"network_simplex","hk01","no_cost_scale",3,0.1375646,0.13684665,0.1377032
"base","constant","random_05",500,1500,"network_simplex","hk01","no_cost_scale",3,0.02156186,0.02137445,0.021987745
"base","constant","random_05",500,500,"network_simplex","hk01","no_cost_scale",3,0.002890992,0.0028791635,0.00299382
"base","constant","random_05",500,5000,"network_simplex","hk01","no_cost_scale",3,0.1340188,0.13388615,0.1348846
"base","constant","random_25",500,1500,"network_simplex","hk01","no_cost_scale",3,0.02339321,0.023052455,0.02442887
"base","constant","random_25",500,500,"network_simplex","hk01","no_cost_scale",3,0.00356454,0.003559538,0.003575692
"base","constant","random_25",500,5000,"network_simplex","hk01","no_cost_scale",3,0.1225392,0.12243695,0.12267745
"base","constant","random_60",500,1500,"network_simplex","hk01","no_cost_scale",3,0.02748,0.02486209,0.02750298
"base","constant","random_60",500,500,"network_simplex","hk01","no_cost_scale",3,0.004198441,0.004164411,0.0043173205
"base","constant","random_60",500,5000,"network_simplex","hk01","no_cost_scale",3,0.1071136,0.10349931,0.11407395
"base","dbl_uniform","block_4",500,1500,"network_simplex","jv","default",3,0.09600216,0.09421509,0.09820603
"base","dbl_uniform","block_4",500,500,"network_simplex","jv","default",3,0.02807377,0.027397125,0.028241745
"base","dbl_uniform","block_4",500,5000,"network_simplex","jv","default",3,0.5554621,0.54610455,0.5624026
"base","dbl_uniform","none",500,1500,"network_simplex","jv","default",3,0.09739575,0.09669629,0.122964575
"base","dbl_uniform","none",500,500,"network_simplex","jv","default",3,0.09204225,0.08485932,0.098073475
"base","dbl_uniform","none",500,5000,"network_simplex","jv","default",3,0.5626345,0.5617766,0.58712135
"base","dbl_uniform","random_01",500,1500,"network_simplex","jv","default",3,0.06829427,0.065774535,0.07262576
"base","dbl_uniform","random_01",500,500,"network_simplex","jv","default",3,0.04349014,0.04276813,0.0456943
"base","dbl_uniform","random_01",500,5000,"network_simplex","jv","default",3,0.3096241,0.3051531,0.3133798
"base","dbl_uniform","random_05",500,1500,"network_simplex","jv","default",3,0.1008033,0.098318885,0.1106472
"base","dbl_uniform","random_05",500,500,"network_simplex","jv","default",3,0.08715747,0.086079255,0.08939882
"base","dbl_uniform","random_05",500,5000,"network_simplex","jv","default",3,0.4683668,0.4679063,0.55424715
"base","dbl_uniform","random_25",500,1500,"network_simplex","jv","default",3,0.112937,0.1078078,0.1591082
"base","dbl_uniform","random_25",500,500,"network_simplex","jv","default",3,0.08626142,0.082347495,0.092279215
"base","dbl_uniform","random_25",500,5000,"network_simplex","jv","default",3,0.6007281,0.59864225,0.6199897
"base","dbl_uniform","random_60",500,1500,"network_simplex","jv","default",3,0.1196318,0.1185592,0.1325013
"base","dbl_uniform","random_60",500,500,"network_simplex","jv","default",3,0.09958088,0.087870545,0.09994819
"base","dbl_uniform","random_60",500,5000,"network_simplex","jv","default",3,0.7062601,0.66770375,0.71993255
"base","heavy_tailed","block_4",500,1500,"network_simplex","jv","default",3,0.1112168,0.10490567,0.11190435
"base","heavy_tailed","block_4",500,500,"network_simplex","jv","default",3,0.02915969,0.027265165,0.030169725
"base","heavy_tailed","block_4",500,5000,"network_simplex","jv","default",3,0.6627521,0.65083745,0.67961995
"base","heavy_tailed","none",500,1500,"network_simplex","jv","default",3,0.1136537,0.10900765,0.13272145
"base","heavy_tailed","none",500,500,"network_simplex","jv","default",3,0.08940804,0.08797204,0.093141975
"base","heavy_tailed","none",500,5000,"network_simplex","jv","default",3,0.7830469,0.73652305,0.8039249
"base","heavy_tailed","random_01",500,1500,"network_simplex","jv","default",3,0.08056225,0.072710405,0.088437635
"base","heavy_tailed","random_01",500,500,"network_simplex","jv","default",3,0.03779823,0.0374404,0.038492525
"base","heavy_tailed","random_01",500,5000,"network_simplex","jv","default",3,0.3132161,0.31001185,0.3147337
"base","heavy_tailed","random_05",500,1500,"network_simplex","jv","default",3,0.103838,0.094856025,0.10718245
"base","heavy_tailed","random_05",500,500,"network_simplex","jv","default",3,0.07042656,0.07018173,0.071687845
"base","heavy_tailed","random_05",500,5000,"network_simplex","jv","default",3,0.526708,0.5197315,0.5637743
"base","heavy_tailed","random_25",500,1500,"network_simplex","jv","default",3,0.1354924,0.1304499,0.1497662
"base","heavy_tailed","random_25",500,500,"network_simplex","jv","default",3,0.09432444,0.09001019,0.09542076
"base","heavy_tailed","random_25",500,5000,"network_simplex","jv","default",3,0.6892326,0.6774205,0.74504295
"base","heavy_tailed","random_60",500,1500,"network_simplex","jv","default",3,0.1707468,0.1626794,0.1893124
"base","heavy_tailed","random_60",500,500,"network_simplex","jv","default",3,0.08650639,0.085366835,0.088209345
"base","heavy_tailed","random_60",500,5000,"network_simplex","jv","default",3,0.7356523,0.72116895,0.74595335
"base","int_uniform","block_4",500,1500,"network_simplex","jv","default",3,0.09177985,0.091500455,0.091884855
"base","int_uniform","block_4",500,500,"network_simplex","jv","default",3,0.02829996,0.02739042,0.02939798
"base","int_uniform","block_4",500,5000,"network_simplex","jv","default",3,0.5370091,0.53657805,0.55000855
"base","int_uniform","none",500,1500,"network_simplex","jv","default",3,0.09022259,0.08854153,0.096246895
"base","int_uniform","none",500,500,"network_simplex","jv","default",3,0.09735175,0.09061301,0.097461285
"base","int_uniform","none",500,5000,"network_simplex","jv","default",3,0.5614105,0.5585317,0.64989205
"base","int_uniform","random_01",500,1500,"network_simplex","jv","default",3,0.06297157,0.059458875,0.074377525
"base","int_uniform","random_01",500,500,"network_simplex","jv","default",3,0.04521755,0.044230085,0.04756689
"base","int_uniform","random_01",500,5000,"network_simplex","jv","default",3,0.302483,0.3024543,0.30308645
"base","int_uniform","random_05",500,1500,"network_simplex","jv","default",3,0.1092975,0.102100265,0.1156361
"base","int_uniform","random_05",500,500,"network_simplex","jv","default",3,0.08549029,0.08328857,0.097329395
"base","int_uniform","random_05",500,5000,"network_simplex","jv","default",3,0.4654185,0.4596005,0.48804855
"base","int_uniform","random_25",500,1500,"network_simplex","jv","default",3,0.1038619,0.1035279,0.13203245
"base","int_uniform","random_25",500,500,"network_simplex","jv","default",3,0.1030223,0.097207145,0.10402375
"base","int_uniform","random_25",500,5000,"network_simplex","jv","default",3,0.6292977,0.61219555,0.63368255
"base","int_uniform","random_60",500,1500,"network_simplex","jv","default",3,0.1340449,0.12726555,0.1486532
"base","int_uniform","random_60",500,500,"network_simplex","jv","default",3,0.08691032,0.08620678,0.09554491
"base","int_uniform","random_60",500,5000,"network_simplex","jv","default",3,0.6497615,0.64631,0.7048708
"base","metric_clustered","block_4",500,1500,"network_simplex","jv","default",3,0.08556729,0.08362276,0.09116307
"base","metric_clustered","block_4",500,500,"network_simplex","jv","default",3,0.01936057,0.019137385,0.0205557
"base","metric_clustered","block_4",500,5000,"network_simplex","jv","default",3,0.596092,0.5948691,0.6002201
"base","metric_clustered","none",500,1500,"network_simplex","jv","default",3,0.1003643,0.09996974,0.10606185
"base","metric_clustered","none",500,500,"network_simplex","jv","default",3,0.03495808,0.03406473,0.036100585
"base","metric_clustered","none",500,5000,"network_simplex","jv","default",3,0.6061656,0.5970648,0.6357572
"base","metric_clustered","random_01",500,1500,"network_simplex","jv","default",3,0.08722594,0.087151815,0.13925502
"base","metric_clustered","random_01",500,500,"network_simplex","jv","default",3,0.04946199,0.044670195,0.051460165
"base","metric_clustered","random_01",500,5000,"network_simplex","jv","default",3,0.3084197,0.3077986,0.31270255
"base","metric_clustered","random_05",500,1500,"network_simplex","jv","default",3,0.09274659,0.087892045,0.101416495
"base","metric_clustered","random_05",500,500,"network_simplex","jv","default",3,0.06917582,0.06612683,0.0722279
"base","metric_clustered","random_05",500,5000,"network_simplex","jv","default",3,0.4876226,0.4773868,0.51005455
"base","metric_clustered","random_25",500,1500,"network_simplex","jv","default",3,0.1148973,0.11098475,0.1153467
"base","metric_clustered","random_25",500,500,"network_simplex","jv","default",3,0.05229587,0.050982865,0.05264435
"base","metric_clustered","random_25",500,5000,"network_simplex","jv","default",3,0.6606127,0.65763185,0.6620353
"base","metric_clustered","random_60",500,1500,"network_simplex","jv","default",3,0.1204644,0.11865795,0.12072025
"base","metric_clustered","random_60",500,500,"network_simplex","jv","default",3,0.03733776,0.035805815,0.037559035
"base","metric_clustered","random_60",500,5000,"network_simplex","jv","default",3,0.6629356,0.65715555,0.66377155
"base","metric_uniform","block_4",500,1500,"network_simplex","jv","default",3,0.09137617,0.087725895,0.092401125
"base","metric_uniform","block_4",500,500,"network_simplex","jv","default",3,0.02525961,0.02420349,0.025728015
"base","metric_uniform","block_4",500,5000,"network_simplex","jv","default",3,0.5099761,0.50803645,0.51411385
"base","metric_uniform","none",500,1500,"network_simplex","jv","default",3,0.1151496,0.104586505,0.1817706
"base","metric_uniform","none",500,500,"network_simplex","jv","default",3,0.06879156,0.06602769,0.08073765
"base","metric_uniform","none",500,5000,"network_simplex","jv","default",3,0.57427,0.5484552,0.60451925
"base","metric_uniform","random_01",500,1500,"network_simplex","jv","default",3,0.1020784,0.101102,0.10430865
"base","metric_uniform","random_01",500,500,"network_simplex","jv","default",3,0.05630382,0.05184655,0.059850405
"base","metric_uniform","random_01",500,5000,"network_simplex","jv","default",3,0.3296598,0.32448095,0.33285805
"base","metric_uniform","random_05",500,1500,"network_simplex","jv","default",3,0.2719769,0.183225495,0.3033603
"base","metric_uniform","random_05",500,500,"network_simplex","jv","default",3,0.0934595,0.092531915,0.095009525
"base","metric_uniform","random_05",500,5000,"network_simplex","jv","default",3,0.5169084,0.49952145,0.5391838
"base","metric_uniform","random_25",500,1500,"network_simplex","jv","default",3,0.138498,0.12854635,0.1699623
"base","metric_uniform","random_25",500,500,"network_simplex","jv","default",3,0.08612468,0.085374215,0.09024022
"base","metric_uniform","random_25",500,5000,"network_simplex","jv","default",3,0.6358291,0.62777975,0.6790822
"base","metric_uniform","random_60",500,1500,"network_simplex","jv","default",3,0.2215027,0.1846037,0.25480605
"base","metric_uniform","random_60",500,500,"network_simplex","jv","default",3,0.07757495,0.076672375,0.078312705
"base","metric_uniform","random_60",500,5000,"network_simplex","jv","default",3,0.6152739,0.60578005,0.6537356
"base","tied","block_4",500,1500,"network_simplex","jv","default",3,0.03041224,0.0296865,0.03059428
"base","tied","block_4",500,500,"network_simplex","jv","default",3,0.005497157,0.00525948,0.0055082475
"base","tied","block_4",500,5000,"network_simplex","jv","default",3,0.2117595,0.20729765,0.21431795
"base","tied","none",500,1500,"network_simplex","jv","default",3,0.02067478,0.02055,0.02128316
"base","tied","none",500,500,"network_simplex","jv","default",3,0.005472803,0.005096792,0.0056039825
"base","tied","none",500,5000,"network_simplex","jv","default",3,0.125945,0.12365425,0.1289291
"base","tied","random_01",500,1500,"network_simplex","jv","default",3,0.03712948,0.03681579,0.038651255
"base","tied","random_01",500,500,"network_simplex","jv","default",3,0.03126373,0.031095505,0.03344364
"base","tied","random_01",500,5000,"network_simplex","jv","default",3,0.2269123,0.2266207,0.22939735
"base","tied","random_05",500,1500,"network_simplex","jv","default",3,0.03746092,0.03684588,0.037867745
"base","tied","random_05",500,500,"network_simplex","jv","default",3,0.02693376,0.02651669,0.027741175
"base","tied","random_05",500,5000,"network_simplex","jv","default",3,0.2741264,0.2695544,0.28213385
"base","tied","random_25",500,1500,"network_simplex","jv","default",3,0.03563864,0.034978925,0.03596338
"base","tied","random_25",500,500,"network_simplex","jv","default",3,0.008346493,0.0082010045,0.0086639355
"base","tied","random_25",500,5000,"network_simplex","jv","default",3,0.2330138,0.2275867,0.2340387
"base","tied","random_60",500,1500,"network_simplex","jv","default",3,0.03543946,0.034363885,0.036197385
"base","tied","random_60",500,500,"network_simplex","jv","default",3,0.007328053,0.0072656715,0.00762887
"base","tied","random_60",500,5000,"network_simplex","jv","default",3,0.1932811,0.192319,0.1932827
"base","binary","block_4",500,1500,"ramshaw_tarjan","hk01","no_cost_scale",3,0.03952572,0.03952533,0.03956375
"base","binary","block_4",500,500,"ramshaw_tarjan","hk01","no_cost_scale",3,0.01377895,0.013731885,0.01380601
"base","binary","block_4",500,5000,"ramshaw_tarjan","hk01","no_cost_scale",3,0.1276143,0.12761015,0.12765745
"base","binary","none",500,1500,"ramshaw_tarjan","hk01","no_cost_scale",3,0.2126957,0.21263125,0.2128506
"base","binary","none",500,500,"ramshaw_tarjan","hk01","no_cost_scale",3,0.06372581,0.063705085,0.0637722
"base","binary","none",500,5000,"ramshaw_tarjan","hk01","no_cost_scale",3,0.766717,0.76534195,0.77674145
"base","binary","random_01",500,1500,"ramshaw_tarjan","hk01","no_cost_scale",3,0.01102908,0.0102500605,0.01180519
"base","binary","random_01",500,500,"ramshaw_tarjan","hk01","no_cost_scale",3,0.01063396,0.009837476,0.01277246
"base","binary","random_01",500,5000,"ramshaw_tarjan","hk01","no_cost_scale",3,0.03939464,0.039072445,0.043148235
"base","binary","random_05",500,1500,"ramshaw_tarjan","hk01","no_cost_scale",3,0.1744107,0.17428125,0.17643835
"base","binary","random_05",500,500,"ramshaw_tarjan","hk01","no_cost_scale",3,0.05733994,0.057175405,0.057587005
"base","binary","random_05",500,5000,"ramshaw_tarjan","hk01","no_cost_scale",3,0.568393,0.5658588,0.57035795
"base","binary","random_25",500,1500,"ramshaw_tarjan","hk01","no_cost_scale",3,0.3867005,0.3866037,0.38731305
"base","binary","random_25",500,500,"ramshaw_tarjan","hk01","no_cost_scale",3,0.09915288,0.0991324,0.09936026
"base","binary","random_25",500,5000,"ramshaw_tarjan","hk01","no_cost_scale",3,1.371487,1.3711695,1.3733275
"base","binary","random_60",500,1500,"ramshaw_tarjan","hk01","no_cost_scale",3,0.5392022,0.53824615,0.53998895
"base","binary","random_60",500,500,"ramshaw_tarjan","hk01","no_cost_scale",3,0.137897,0.13764935,0.1383395
"base","binary","random_60",500,5000,"ramshaw_tarjan","hk01","no_cost_scale",3,1.950356,1.950355,1.9505215
"base","constant","block_4",500,1500,"ramshaw_tarjan","hk01","no_cost_scale",3,0.03649168,0.03648336,0.03651429
"base","constant","block_4",500,500,"ramshaw_tarjan","hk01","no_cost_scale",3,0.01241632,0.012413735,0.01242134
"base","constant","block_4",500,5000,"ramshaw_tarjan","hk01","no_cost_scale",3,0.1189217,0.11887245,0.11899775
"base","constant","none",500,1500,"ramshaw_tarjan","hk01","no_cost_scale",3,0.2017598,0.2016572,0.20179405
"base","constant","none",500,500,"ramshaw_tarjan","hk01","no_cost_scale",3,0.05877366,0.058757015,0.05879127
"base","constant","none",500,5000,"ramshaw_tarjan","hk01","no_cost_scale",3,0.7303993,0.7296997,0.7424844
"base","constant","random_01",500,1500,"ramshaw_tarjan","hk01","no_cost_scale",3,0.08508562,0.08181587,0.0865805
"base","constant","random_01",500,500,"ramshaw_tarjan","hk01","no_cost_scale",3,0.03469445,0.03457192,0.035148645
"base","constant","random_01",500,5000,"ramshaw_tarjan","hk01","no_cost_scale",3,0.2394741,0.23441895,0.24293055
"base","constant","random_05",500,1500,"ramshaw_tarjan","hk01","no_cost_scale",3,0.1702999,0.1699718,0.1705323
"base","constant","random_05",500,500,"ramshaw_tarjan","hk01","no_cost_scale",3,0.05271837,0.052670875,0.05280611
"base","constant","random_05",500,5000,"ramshaw_tarjan","hk01","no_cost_scale",3,0.5652481,0.5651018,0.5677079
"base","constant","random_25",500,1500,"ramshaw_tarjan","hk01","no_cost_scale",3,0.374134,0.37387565,0.37488855
"base","constant","random_25",500,500,"ramshaw_tarjan","hk01","no_cost_scale",3,0.09309255,0.09299862,0.09341977
"base","constant","random_25",500,5000,"ramshaw_tarjan","hk01","no_cost_scale",3,1.340421,1.3392185,1.340552
"base","constant","random_60",500,1500,"ramshaw_tarjan","hk01","no_cost_scale",3,0.5281511,0.52758015,0.52843935
"base","constant","random_60",500,500,"ramshaw_tarjan","hk01","no_cost_scale",3,0.1312463,0.13109685,0.1314891
"base","constant","random_60",500,5000,"ramshaw_tarjan","hk01","no_cost_scale",3,1.914666,1.910846,1.9165105
"base","dbl_uniform","block_4",500,1500,"ramshaw_tarjan","jv","default",3,0.007683564,0.0076648885,0.007725138
"base","dbl_uniform","block_4",500,500,"ramshaw_tarjan","jv","default",3,0.005068338,0.0049795115,0.005072274
"base","dbl_uniform","block_4",500,5000,"ramshaw_tarjan","jv","default",3,0.02347418,0.023426725,0.023638325
"base","dbl_uniform","none",500,1500,"ramshaw_tarjan","jv","default",3,0.01435582,0.01416556,0.0144648
"base","dbl_uniform","none",500,500,"ramshaw_tarjan","jv","default",3,0.01345185,0.013381145,0.01379584
"base","dbl_uniform","none",500,5000,"ramshaw_tarjan","jv","default",3,0.04623701,0.045930045,0.0462923
"base","dbl_uniform","random_01",500,1500,"ramshaw_tarjan","jv","default",3,0.005710193,0.0057047195,0.0057111565
"base","dbl_uniform","random_01",500,500,"ramshaw_tarjan","jv","default",3,0.006369268,0.0060590415,0.0063702725
"base","dbl_uniform","random_01",500,5000,"ramshaw_tarjan","jv","default",3,0.01915036,0.01909487,0.0192045
"base","dbl_uniform","random_05",500,1500,"ramshaw_tarjan","jv","default",3,0.006664263,0.0066532545,0.006691897
"base","dbl_uniform","random_05",500,500,"ramshaw_tarjan","jv","default",3,0.009565546,0.0091900885,0.009890453
"base","dbl_uniform","random_05",500,5000,"ramshaw_tarjan","jv","default",3,0.02148142,0.02147822,0.02151184
"base","dbl_uniform","random_25",500,1500,"ramshaw_tarjan","jv","default",3,0.01141219,0.01140645,0.011484305
"base","dbl_uniform","random_25",500,500,"ramshaw_tarjan","jv","default",3,0.01767485,0.01682603,0.01880184
"base","dbl_uniform","random_25",500,5000,"ramshaw_tarjan","jv","default",3,0.03578185,0.03576055,0.03578302
"base","dbl_uniform","random_60",500,1500,"ramshaw_tarjan","jv","default",3,0.01751889,0.01743779,0.017704375
"base","dbl_uniform","random_60",500,500,"ramshaw_tarjan","jv","default",3,0.0219302,0.020975865,0.02371438
"base","dbl_uniform","random_60",500,5000,"ramshaw_tarjan","jv","default",3,0.05559334,0.055310805,0.055712485
"base","heavy_tailed","block_4",500,1500,"ramshaw_tarjan","jv","default",3,0.007643589,0.0076085955,0.007651584
"base","heavy_tailed","block_4",500,500,"ramshaw_tarjan","jv","default",3,0.005490351,0.0052413785,0.0055846305
"base","heavy_tailed","block_4",500,5000,"ramshaw_tarjan","jv","default",3,0.02354519,0.02349015,0.02363773
"base","heavy_tailed","none",500,1500,"ramshaw_tarjan","jv","default",3,0.01390978,0.01390406,0.013986205
"base","heavy_tailed","none",500,500,"ramshaw_tarjan","jv","default",3,0.01374455,0.013225695,0.014502725
"base","heavy_tailed","none",500,5000,"ramshaw_tarjan","jv","default",3,0.04580282,0.0457389,0.045809215
"base","heavy_tailed","random_01",500,1500,"ramshaw_tarjan","jv","default",3,0.005695064,0.0056720835,0.0057105415
"base","heavy_tailed","random_01",500,500,"ramshaw_tarjan","jv","default",3,0.007644614,0.0075566895,0.008101518
"base","heavy_tailed","random_01",500,5000,"ramshaw_tarjan","jv","default",3,0.01913823,0.01907689,0.019191405
"base","heavy_tailed","random_05",500,1500,"ramshaw_tarjan","jv","default",3,0.006641262,0.0066397655,0.0066639555
"base","heavy_tailed","random_05",500,500,"ramshaw_tarjan","jv","default",3,0.01035594,0.010134173,0.01181663
"base","heavy_tailed","random_05",500,5000,"ramshaw_tarjan","jv","default",3,0.0213341,0.021307165,0.021401465
"base","heavy_tailed","random_25",500,1500,"ramshaw_tarjan","jv","default",3,0.01152625,0.011490765,0.01162348
"base","heavy_tailed","random_25",500,500,"ramshaw_tarjan","jv","default",3,0.02099262,0.01795831,0.02100877
"base","heavy_tailed","random_25",500,5000,"ramshaw_tarjan","jv","default",3,0.0359317,0.035815055,0.03598656
"base","heavy_tailed","random_60",500,1500,"ramshaw_tarjan","jv","default",3,0.01744599,0.01731676,0.017576475
"base","heavy_tailed","random_60",500,500,"ramshaw_tarjan","jv","default",3,0.02098962,0.020740835,0.022540015
"base","heavy_tailed","random_60",500,5000,"ramshaw_tarjan","jv","default",3,0.05520437,0.055135265,0.055359205
"base","int_uniform","block_4",500,1500,"ramshaw_tarjan","jv","default",3,0.007745187,0.007627968,0.007752813
"base","int_uniform","block_4",500,500,"ramshaw_tarjan","jv","default",3,0.005117497,0.005110076,0.005252018
"base","int_uniform","block_4",500,5000,"ramshaw_tarjan","jv","default",3,0.02365844,0.02355762,0.023681625
"base","int_uniform","none",500,1500,"ramshaw_tarjan","jv","default",3,0.0149625,0.01484331,0.014983185
"base","int_uniform","none",500,500,"ramshaw_tarjan","jv","default",3,0.01435176,0.01433319,0.01462181
"base","int_uniform","none",500,5000,"ramshaw_tarjan","jv","default",3,0.0476559,0.047597025,0.04775026
"base","int_uniform","random_01",500,1500,"ramshaw_tarjan","jv","default",3,0.005690636,0.0056819645,0.005699246
"base","int_uniform","random_01",500,500,"ramshaw_tarjan","jv","default",3,0.005428359,0.005284121,0.005909986
"base","int_uniform","random_01",500,5000,"ramshaw_tarjan","jv","default",3,0.01925852,0.019148025,0.01928978
"base","int_uniform","random_05",500,1500,"ramshaw_tarjan","jv","default",3,0.006655325,0.0066236525,0.006667625
"base","int_uniform","random_05",500,500,"ramshaw_tarjan","jv","default",3,0.009268296,0.0090450305,0.009672328
"base","int_uniform","random_05",500,5000,"ramshaw_tarjan","jv","default",3,0.02140237,0.021334865,0.021426415
"base","int_uniform","random_25",500,1500,"ramshaw_tarjan","jv","default",3,0.01146532,0.01143008,0.01154974
"base","int_uniform","random_25",500,500,"ramshaw_tarjan","jv","default",3,0.01364058,0.01358109,0.015956895
"base","int_uniform","random_25",500,5000,"ramshaw_tarjan","jv","default",3,0.03590649,0.03580354,0.03595452
"base","int_uniform","random_60",500,1500,"ramshaw_tarjan","jv","default",3,0.01785673,0.017667985,0.0180548
"base","int_uniform","random_60",500,500,"ramshaw_tarjan","jv","default",3,0.02155526,0.021354685,0.0219931
"base","int_uniform","random_60",500,5000,"ramshaw_tarjan","jv","default",3,0.0557616,0.055662135,0.05585063
"base","metric_clustered","block_4",500,1500,"ramshaw_tarjan","jv","default",3,0.007464583,0.007438138,0.0075983455
"base","metric_clustered","block_4",500,500,"ramshaw_tarjan","jv","default",3,0.006528963,0.006293705,0.006584395
"base","metric_clustered","block_4",500,5000,"ramshaw_tarjan","jv","default",3,0.02301683,0.022960615,0.02313093
"base","metric_clustered","none",500,1500,"ramshaw_tarjan","jv","default",3,0.01342229,0.013394615,0.01356983
"base","metric_clustered","none",500,500,"ramshaw_tarjan","jv","default",3,0.01755854,0.016791325,0.01921629
"base","metric_clustered","none",500,5000,"ramshaw_tarjan","jv","default",3,0.04430817,0.044244475,0.04463912
"base","metric_clustered","random_01",500,1500,"ramshaw_tarjan","jv","default",3,0.00570802,0.005704699,0.00573877
"base","metric_clustered","random_01",500,500,"ramshaw_tarjan","jv","default",3,0.005780016,0.0055992265,0.0060262415
"base","metric_clustered","random_01",500,5000,"ramshaw_tarjan","jv","default",3,0.01936233,0.019327295,0.01939392
"base","metric_clustered","random_05",500,1500,"ramshaw_tarjan","jv","default",3,0.006782712,0.0067826915,0.0068626005
"base","metric_clustered","random_05",500,500,"ramshaw_tarjan","jv","default",3,0.01178135,0.010786362,0.013594125
"base","metric_clustered","random_05",500,5000,"ramshaw_tarjan","jv","default",3,0.02167809,0.02166774,0.02170433
"base","metric_clustered","random_25",500,1500,"ramshaw_tarjan","jv","default",3,0.01214149,0.01212017,0.012163245
"base","metric_clustered","random_25",500,500,"ramshaw_tarjan","jv","default",3,0.02882714,0.02743238,0.030116425
"base","metric_clustered","random_25",500,5000,"ramshaw_tarjan","jv","default",3,0.0363267,0.036144945,0.036449205
"base","metric_clustered","random_60",500,1500,"ramshaw_tarjan","jv","default",3,0.01864282,0.018533025,0.01881121
"base","metric_clustered","random_60",500,500,"ramshaw_tarjan","jv","default",3,0.03438108,0.030081555,0.035344355
"base","metric_clustered","random_60",500,5000,"ramshaw_tarjan","jv","default",3,0.05559309,0.05551277,0.05583796
"base","metric_uniform","block_4",500,1500,"ramshaw_tarjan","jv","default",3,0.007579424,0.007566222,0.007626246
"base","metric_uniform","block_4",500,500,"ramshaw_tarjan","jv","default",3,0.005581412,0.005569891,0.0056993895
"base","metric_uniform","block_4",500,5000,"ramshaw_tarjan","jv","default",3,0.02359476,0.02358826,0.02361735
"base","metric_uniform","none",500,1500,"ramshaw_tarjan","jv","default",3,0.01413118,0.01412743,0.014462565
"base","metric_uniform","none",500,500,"ramshaw_tarjan","jv","default",3,0.01606232,0.0149634,0.01647271
"base","metric_uniform","none",500,5000,"ramshaw_tarjan","jv","default",3,0.04539758,0.04522081,0.04564932
"base","metric_uniform","random_01",500,1500,"ramshaw_tarjan","jv","default",3,0.005655991,0.005630858,0.0056908615
"base","metric_uniform","random_01",500,500,"ramshaw_tarjan","jv","default",3,0.005381209,0.005336478,0.0054803265
"base","metric_uniform","random_01",500,5000,"ramshaw_tarjan","jv","default",3,0.01906135,0.019054935,0.01919253
"base","metric_uniform","random_05",500,1500,"ramshaw_tarjan","jv","default",3,0.006795463,0.006774881,0.0067955655
"base","metric_uniform","random_05",500,500,"ramshaw_tarjan","jv","default",3,0.01056369,0.008857824,0.01118324
"base","metric_uniform","random_05",500,5000,"ramshaw_tarjan","jv","default",3,0.02143738,0.02143728,0.021646295
"base","metric_uniform","random_25",500,1500,"ramshaw_tarjan","jv","default",3,0.01160394,0.011503965,0.011640205
"base","metric_uniform","random_25",500,500,"ramshaw_tarjan","jv","default",3,0.02216702,0.019895865,0.022707645
"base","metric_uniform","random_25",500,5000,"ramshaw_tarjan","jv","default",3,0.03611846,0.036108395,0.036131335
"base","metric_uniform","random_60",500,1500,"ramshaw_tarjan","jv","default",3,0.01761102,0.01748234,0.01781903
"base","metric_uniform","random_60",500,500,"ramshaw_tarjan","jv","default",3,0.02439324,0.022848565,0.02545764
"base","metric_uniform","random_60",500,5000,"ramshaw_tarjan","jv","default",3,0.05545562,0.055192725,0.055701905
"base","tied","block_4",500,1500,"ramshaw_tarjan","jv","default",3,0.04294229,0.042863775,0.042996865
"base","tied","block_4",500,500,"ramshaw_tarjan","jv","default",3,0.01522043,0.015193495,0.01522172
"base","tied","block_4",500,5000,"ramshaw_tarjan","jv","default",3,0.1377168,0.13755235,0.13827525
"base","tied","none",500,1500,"ramshaw_tarjan","jv","default",3,0.2267732,0.22663275,0.2268269
"base","tied","none",500,500,"ramshaw_tarjan","jv","default",3,0.06957835,0.069558735,0.069597255
"base","tied","none",500,5000,"ramshaw_tarjan","jv","default",3,0.797542,0.7970265,0.8022423
"base","tied","random_01",500,1500,"ramshaw_tarjan","jv","default",3,0.005919006,0.005898219,0.005923844
"base","tied","random_01",500,500,"ramshaw_tarjan","jv","default",3,0.004767972,0.0045609425,0.0049764775
"base","tied","random_01",500,5000,"ramshaw_tarjan","jv","default",3,0.02007651,0.02005156,0.02016554
"base","tied","random_05",500,1500,"ramshaw_tarjan","jv","default",3,0.1217743,0.12118695,0.12641745
"base","tied","random_05",500,500,"ramshaw_tarjan","jv","default",3,0.05037301,0.050371655,0.05103022
"base","tied","random_05",500,5000,"ramshaw_tarjan","jv","default",3,0.381851,0.3702057,0.385481
"base","tied","random_25",500,1500,"ramshaw_tarjan","jv","default",3,0.3966522,0.3962921,0.39711985
"base","tied","random_25",500,500,"ramshaw_tarjan","jv","default",3,0.1068796,0.1067101,0.1071206
"base","tied","random_25",500,5000,"ramshaw_tarjan","jv","default",3,1.398737,1.396928,1.4020645
"base","tied","random_60",500,1500,"ramshaw_tarjan","jv","default",3,0.5555411,0.55504025,0.55562955
"base","tied","random_60",500,500,"ramshaw_tarjan","jv","default",3,0.1467175,0.1466344,0.14681315
"base","tied","random_60",500,5000,"ramshaw_tarjan","jv","default",3,1.989861,1.9897125,1.991358
"large","binary","none",1000,10000,"ramshaw_tarjan","hk01","no_cost_scale",2,5.878133,5.8768665,5.8793995
"large","binary","none",1500,1500,"ramshaw_tarjan","hk01","no_cost_scale",2,1.5069865,1.50697775,1.50699525
"large","binary","none",1500,4500,"ramshaw_tarjan","hk01","no_cost_scale",2,5.4879285,5.46684425,5.50901275
"large","binary","random_01",1000,10000,"ramshaw_tarjan","hk01","no_cost_scale",2,2.0178055,2.01195225,2.02365875
"large","binary","random_01",1500,1500,"ramshaw_tarjan","hk01","no_cost_scale",2,0.9400593,0.93614715,0.94397145
"large","binary","random_01",1500,4500,"ramshaw_tarjan","hk01","no_cost_scale",2,2.6966835,2.68469475,2.70867225
"large","binary","random_25",1000,10000,"ramshaw_tarjan","hk01","no_cost_scale",2,10.481235,10.4805025,10.4819675
"large","binary","random_25",1500,1500,"ramshaw_tarjan","hk01","no_cost_scale",2,2.668085,2.6675835,2.6685865
"large","binary","random_25",1500,4500,"ramshaw_tarjan","hk01","no_cost_scale",2,9.97441,9.9706305,9.9781895
"large","dbl_uniform","none",1000,10000,"ramshaw_tarjan","jv","default",2,0.2174252,0.21697175,0.21787865
"large","dbl_uniform","none",1500,1500,"ramshaw_tarjan","jv","default",2,0.15532735,0.153793625,0.156861075
"large","dbl_uniform","none",1500,4500,"ramshaw_tarjan","jv","default",2,0.1519153,0.15189865,0.15193195
"large","dbl_uniform","random_01",1000,10000,"ramshaw_tarjan","jv","default",2,0.1105624,0.11051575,0.11060905
"large","dbl_uniform","random_01",1500,1500,"ramshaw_tarjan","jv","default",2,0.07897424,0.076513995,0.081434485
"large","dbl_uniform","random_01",1500,4500,"ramshaw_tarjan","jv","default",2,0.070367745,0.0702369225,0.0704985675
"large","dbl_uniform","random_25",1000,10000,"ramshaw_tarjan","jv","default",2,0.17467495,0.174667725,0.174682175
"large","dbl_uniform","random_25",1500,1500,"ramshaw_tarjan","jv","default",2,0.2093024,0.19538505,0.22321975
"large","dbl_uniform","random_25",1500,4500,"ramshaw_tarjan","jv","default",2,0.11925795,0.119186975,0.119328925
"large","heavy_tailed","none",1000,10000,"ramshaw_tarjan","jv","default",2,0.2151121,0.21509935,0.21512485
"large","heavy_tailed","none",1500,1500,"ramshaw_tarjan","jv","default",2,0.142097,0.1415245,0.1426695
"large","heavy_tailed","none",1500,4500,"ramshaw_tarjan","jv","default",2,0.1515042,0.15122605,0.15178235
"large","heavy_tailed","random_01",1000,10000,"ramshaw_tarjan","jv","default",2,0.11075935,0.110619575,0.110899125
"large","heavy_tailed","random_01",1500,1500,"ramshaw_tarjan","jv","default",2,0.106131815,0.0999845225,0.1122791075
"large","heavy_tailed","random_01",1500,4500,"ramshaw_tarjan","jv","default",2,0.07007652,0.06984814,0.0703049
"large","heavy_tailed","random_25",1000,10000,"ramshaw_tarjan","jv","default",2,0.1748769,0.17486725,0.17488655
"large","heavy_tailed","random_25",1500,1500,"ramshaw_tarjan","jv","default",2,0.2070303,0.20552225,0.20853835
"large","heavy_tailed","random_25",1500,4500,"ramshaw_tarjan","jv","default",2,0.11881515,0.118614875,0.119015425
"large","int_uniform","none",1000,10000,"ramshaw_tarjan","jv","default",2,0.2203486,0.21853345,0.22216375
"large","int_uniform","none",1500,1500,"ramshaw_tarjan","jv","default",2,0.13544575,0.133500875,0.137390625
"large","int_uniform","none",1500,4500,"ramshaw_tarjan","jv","default",2,0.1572469,0.15665995,0.15783385
"large","int_uniform","random_01",1000,10000,"ramshaw_tarjan","jv","default",2,0.11065505,0.110632875,0.110677225
"large","int_uniform","random_01",1500,1500,"ramshaw_tarjan","jv","default",2,0.083449635,0.0825586225,0.0843406475
"large","int_uniform","random_01",1500,4500,"ramshaw_tarjan","jv","default",2,0.07018647,0.070083355,0.070289585
"large","int_uniform","random_25",1000,10000,"ramshaw_tarjan","jv","default",2,0.17473355,0.174640625,0.174826475
"large","int_uniform","random_25",1500,1500,"ramshaw_tarjan","jv","default",2,0.20959465,0.208256075,0.210933225
"large","int_uniform","random_25",1500,4500,"ramshaw_tarjan","jv","default",2,0.11899305,0.118912075,0.119074025
"large","metric_clustered","none",1000,10000,"ramshaw_tarjan","jv","default",2,0.2129538,0.2124393,0.2134683
"large","metric_clustered","none",1500,1500,"ramshaw_tarjan","jv","default",2,0.27252765,0.257156075,0.287899225
"large","metric_clustered","none",1500,4500,"ramshaw_tarjan","jv","default",2,0.15084865,0.149597575,0.152099725
"large","metric_clustered","random_01",1000,10000,"ramshaw_tarjan","jv","default",2,0.1109648,0.11088115,0.11104845
"large","metric_clustered","random_01",1500,1500,"ramshaw_tarjan","jv","default",2,0.088090035,0.0859113675,0.0902687025
"large","metric_clustered","random_01",1500,4500,"ramshaw_tarjan","jv","default",2,0.070801835,0.0707095225,0.0708941475
"large","metric_clustered","random_25",1000,10000,"ramshaw_tarjan","jv","default",2,0.17591135,0.175767525,0.176055175
"large","metric_clustered","random_25",1500,1500,"ramshaw_tarjan","jv","default",2,0.32980605,0.316151025,0.343461075
"large","metric_clustered","random_25",1500,4500,"ramshaw_tarjan","jv","default",2,0.1234934,0.12331865,0.12366815
"base","binary","block_4",500,1500,"sap","hk01","no_cost_scale",3,0.02610187,0.026045065,0.02611749
"base","binary","block_4",500,500,"sap","hk01","no_cost_scale",3,0.01133785,0.011319995,0.011350785
"base","binary","block_4",500,5000,"sap","hk01","no_cost_scale",3,0.07772718,0.07762296,0.077898745
"base","binary","none",500,1500,"sap","hk01","no_cost_scale",3,0.2592592,0.2591317,0.25948745
"base","binary","none",500,500,"sap","hk01","no_cost_scale",3,0.1108454,0.1103964,0.1111844
"base","binary","none",500,5000,"sap","hk01","no_cost_scale",3,0.811047,0.81095275,0.81110675
"base","binary","random_01",500,1500,"sap","hk01","no_cost_scale",3,0.005353411,0.0051575745,0.005566078
"base","binary","random_01",500,500,"sap","hk01","no_cost_scale",3,0.004090693,0.0038761605,0.00472443
"base","binary","random_01",500,5000,"sap","hk01","no_cost_scale",3,0.01865869,0.01863813,0.01940985
"base","binary","random_05",500,1500,"sap","hk01","no_cost_scale",3,0.04813088,0.048119585,0.048943605
"base","binary","random_05",500,500,"sap","hk01","no_cost_scale",3,0.02447204,0.02443317,0.0245574
"base","binary","random_05",500,5000,"sap","hk01","no_cost_scale",3,0.1297753,0.12898405,0.13042815
"base","binary","random_25",500,1500,"sap","hk01","no_cost_scale",3,0.1001787,0.100013615,0.1003368
"base","binary","random_25",500,500,"sap","hk01","no_cost_scale",3,0.04562214,0.045513775,0.04565094
"base","binary","random_25",500,5000,"sap","hk01","no_cost_scale",3,0.2956537,0.294954,0.29693515
"base","binary","random_60",500,1500,"sap","hk01","no_cost_scale",3,0.1800059,0.1799128,0.18013795
"base","binary","random_60",500,500,"sap","hk01","no_cost_scale",3,0.07859704,0.078423345,0.07869915
"base","binary","random_60",500,5000,"sap","hk01","no_cost_scale",3,0.5553521,0.55520105,0.55578215
"base","constant","block_4",500,1500,"sap","hk01","no_cost_scale",3,0.02179999,0.021774095,0.021814135
"base","constant","block_4",500,500,"sap","hk01","no_cost_scale",3,0.008661127,0.0086592615,0.0087103885
"base","constant","block_4",500,5000,"sap","hk01","no_cost_scale",3,0.06679093,0.06677779,0.066860175
"base","constant","none",500,1500,"sap","hk01","no_cost_scale",3,0.2408452,0.2408298,0.2410442
"base","constant","none",500,500,"sap","hk01","no_cost_scale",3,0.1020193,0.1014404,0.10239505
"base","constant","none",500,5000,"sap","hk01","no_cost_scale",3,0.7629864,0.7622349,0.7635031
"base","constant","random_01",500,1500,"sap","hk01","no_cost_scale",3,0.01766501,0.0171127,0.017889365
"base","constant","random_01",500,500,"sap","hk01","no_cost_scale",3,0.01002048,0.009998341,0.01018727
"base","constant","random_01",500,5000,"sap","hk01","no_cost_scale",3,0.04058024,0.03972785,0.040974025
"base","constant","random_05",500,1500,"sap","hk01","no_cost_scale",3,0.03620821,0.03617793,0.036368885
"base","constant","random_05",500,500,"sap","hk01","no_cost_scale",3,0.01842294,0.01834863,0.018461685
"base","constant","random_05",500,5000,"sap","hk01","no_cost_scale",3,0.09636702,0.09630394,0.09654344
"base","constant","random_25",500,1500,"sap","hk01","no_cost_scale",3,0.08302197,0.082826685,0.08303929
"base","constant","random_25",500,500,"sap","hk01","no_cost_scale",3,0.03741726,0.037387105,0.037449115
"base","constant","random_25",500,5000,"sap","hk01","no_cost_scale",3,0.2477195,0.24746835,0.2478429
"base","constant","random_60",500,1500,"sap","hk01","no_cost_scale",3,0.1624545,0.16232485,0.16279005
"base","constant","random_60",500,500,"sap","hk01","no_cost_scale",3,0.0707924,0.070675325,0.07080821
"base","constant","random_60",500,5000,"sap","hk01","no_cost_scale",3,0.5191374,0.514382,0.5303257
"base","dbl_uniform","block_4",500,1500,"sap","jv","default",3,0.009418397,0.009367311,0.0094491265
"base","dbl_uniform","block_4",500,500,"sap","jv","default",3,0.005158005,0.005105033,0.005180145
"base","dbl_uniform","block_4",500,5000,"sap","jv","default",3,0.0309288,0.03089149,0.030936015
"base","dbl_uniform","none",500,1500,"sap","jv","default",3,0.02725282,0.02717082,0.027571165
"base","dbl_uniform","none",500,500,"sap","jv","default",3,0.01990259,0.019801955,0.020327655
"base","dbl_uniform","none",500,5000,"sap","jv","default",3,0.1016717,0.10119525,0.1018444
"base","dbl_uniform","random_01",500,1500,"sap","jv","default",3,0.003959493,0.003958181,0.00396798
"base","dbl_uniform","random_01",500,500,"sap","jv","default",3,0.002854707,0.002783654,0.002857167
"base","dbl_uniform","random_01",500,5000,"sap","jv","default",3,0.01399228,0.0139285,0.01399402
"base","dbl_uniform","random_05",500,1500,"sap","jv","default",3,0.00531237,0.005309008,0.0053305945
"base","dbl_uniform","random_05",500,500,"sap","jv","default",3,0.004745217,0.004653828,0.0048866055
"base","dbl_uniform","random_05",500,5000,"sap","jv","default",3,0.01779978,0.017785285,0.017810975
"base","dbl_uniform","random_25",500,1500,"sap","jv","default",3,0.01254317,0.012531155,0.01255742
"base","dbl_uniform","random_25",500,500,"sap","jv","default",3,0.01002794,0.0098103345,0.01045059
"base","dbl_uniform","random_25",500,5000,"sap","jv","default",3,0.04151402,0.04128938,0.041533865
"base","dbl_uniform","random_60",500,1500,"sap","jv","default",3,0.02322404,0.023223015,0.023494355
"base","dbl_uniform","random_60",500,500,"sap","jv","default",3,0.016474,0.01597042,0.017204805
"base","dbl_uniform","random_60",500,5000,"sap","jv","default",3,0.07517899,0.075035165,0.07528303
"base","heavy_tailed","block_4",500,1500,"sap","jv","default",3,0.009408311,0.009365425,0.0094139075
"base","heavy_tailed","block_4",500,500,"sap","jv","default",3,0.00547391,0.005251813,0.0055555205
"base","heavy_tailed","block_4",500,5000,"sap","jv","default",3,0.03091338,0.03085553,0.03092431
"base","heavy_tailed","none",500,1500,"sap","jv","default",3,0.02653709,0.02650648,0.02671144
"base","heavy_tailed","none",500,500,"sap","jv","default",3,0.02018996,0.019472255,0.02099315
"base","heavy_tailed","none",500,5000,"sap","jv","default",3,0.1005315,0.1004322,0.10053355
"base","heavy_tailed","random_01",500,1500,"sap","jv","default",3,0.003968431,0.0039653355,0.003974417
"base","heavy_tailed","random_01",500,500,"sap","jv","default",3,0.003256384,0.0032402915,0.003410257
"base","heavy_tailed","random_01",500,5000,"sap","jv","default",3,0.01388514,0.013841765,0.01390556
"base","heavy_tailed","random_05",500,1500,"sap","jv","default",3,0.005311058,0.005305318,0.005342792
"base","heavy_tailed","random_05",500,500,"sap","jv","default",3,0.004943452,0.0049063675,0.005330492
"base","heavy_tailed","random_05",500,5000,"sap","jv","default",3,0.01778576,0.01778414,0.017795375
"base","heavy_tailed","random_25",500,1500,"sap","jv","default",3,0.0125544,0.012549995,0.012586465
"base","heavy_tailed","random_25",500,500,"sap","jv","default",3,0.01084782,0.010077123,0.01104216
"base","heavy_tailed","random_25",500,5000,"sap","jv","default",3,0.0414264,0.04140381,0.041491775
"base","heavy_tailed","random_60",500,1500,"sap","jv","default",3,0.02299588,0.022833005,0.02305551
"base","heavy_tailed","random_60",500,500,"sap","jv","default",3,0.0158176,0.015797405,0.01647606
"base","heavy_tailed","random_60",500,5000,"sap","jv","default",3,0.07691768,0.075804695,0.07705913
"base","int_uniform","block_4",500,1500,"sap","jv","default",3,0.009491008,0.009397774,0.009512984
"base","int_uniform","block_4",500,500,"sap","jv","default",3,0.005221555,0.00521192,0.0053210415
"base","int_uniform","block_4",500,5000,"sap","jv","default",3,0.03096664,0.03088989,0.031066825
"base","int_uniform","none",500,1500,"sap","jv","default",3,0.02770276,0.02746955,0.027952345
"base","int_uniform","none",500,500,"sap","jv","default",3,0.02118769,0.020797865,0.02144515
"base","int_uniform","none",500,5000,"sap","jv","default",3,0.1033736,0.102845,0.1038578
"base","int_uniform","random_01",500,1500,"sap","jv","default",3,0.003962158,0.0039480335,0.0039684925
"base","int_uniform","random_01",500,500,"sap","jv","default",3,0.002594685,0.002556022,0.002729329
"base","int_uniform","random_01",500,5000,"sap","jv","default",3,0.01377489,0.01375759,0.01383231
"base","int_uniform","random_05",500,1500,"sap","jv","default",3,0.005278504,0.0052707345,0.005309336
"base","int_uniform","random_05",500,500,"sap","jv","default",3,0.004680929,0.004571336,0.0047738555
"base","int_uniform","random_05",500,5000,"sap","jv","default",3,0.01769158,0.017676635,0.01771733
"base","int_uniform","random_25",500,1500,"sap","jv","default",3,0.01245842,0.01242562,0.0125978
"base","int_uniform","random_25",500,500,"sap","jv","default",3,0.008979,0.008899788,0.009563785
"base","int_uniform","random_25",500,5000,"sap","jv","default",3,0.04226715,0.042087365,0.042271225
"base","int_uniform","random_60",500,1500,"sap","jv","default",3,0.0232274,0.023117745,0.023441155
"base","int_uniform","random_60",500,500,"sap","jv","default",3,0.01633026,0.01624164,0.016461745
"base","int_uniform","random_60",500,5000,"sap","jv","default",3,0.07606312,0.0759581,0.076261045
"base","metric_clustered","block_4",500,1500,"sap","jv","default",3,0.009073341,0.0089957075,0.009157924
"base","metric_clustered","block_4",500,500,"sap","jv","default",3,0.006295714,0.0061446495,0.0063793745
"base","metric_clustered","block_4",500,5000,"sap","jv","default",3,0.02978084,0.02969878,0.029878645
"base","metric_clustered","none",500,1500,"sap","jv","default",3,0.02570696,0.02565815,0.02601112
"base","metric_clustered","none",500,500,"sap","jv","default",3,0.02442735,0.023573485,0.02633844
"base","metric_clustered","none",500,5000,"sap","jv","default",3,0.09757455,0.097300425,0.098155765
"base","metric_clustered","random_01",500,1500,"sap","jv","default",3,0.003955721,0.0039525845,0.0039750935
"base","metric_clustered","random_01",500,500,"sap","jv","default",3,0.002707148,0.0026567385,0.0027797385
"base","metric_clustered","random_01",500,5000,"sap","jv","default",3,0.01393602,0.01393557,0.01399006
"base","metric_clustered","random_05",500,1500,"sap","jv","default",3,0.005438609,0.005409991,0.005450909
"base","metric_clustered","random_05",500,500,"sap","jv","default",3,0.005749717,0.005332419,0.006282143
"base","metric_clustered","random_05",500,5000,"sap","jv","default",3,0.01787682,0.01780052,0.01791989
"base","metric_clustered","random_25",500,1500,"sap","jv","default",3,0.01329868,0.013211,0.013377315
"base","metric_clustered","random_25",500,500,"sap","jv","default",3,0.01447238,0.0139327,0.014744785
"base","metric_clustered","random_25",500,5000,"sap","jv","default",3,0.04168696,0.04151693,0.04197246
"base","metric_clustered","random_60",500,1500,"sap","jv","default",3,0.02446663,0.02439527,0.02446755
"base","metric_clustered","random_60",500,500,"sap","jv","default",3,0.02265668,0.020641365,0.023058235
"base","metric_clustered","random_60",500,5000,"sap","jv","default",3,0.07631888,0.076275665,0.07634188
"base","metric_uniform","block_4",500,1500,"sap","jv","default",3,0.009417085,0.0093804105,0.0094341
"base","metric_uniform","block_4",500,500,"sap","jv","default",3,0.005645864,0.0056148885,0.005696212
"base","metric_uniform","block_4",500,5000,"sap","jv","default",3,0.03096968,0.03079762,0.031058875
"base","metric_uniform","none",500,1500,"sap","jv","default",3,0.02735733,0.0273085,0.02771653
"base","metric_uniform","none",500,500,"sap","jv","default",3,0.02275574,0.021370205,0.023394275
"base","metric_uniform","none",500,5000,"sap","jv","default",3,0.1003548,0.09998412,0.10056375
"base","metric_uniform","random_01",500,1500,"sap","jv","default",3,0.003962281,0.003954491,0.0039773075
"base","metric_uniform","random_01",500,500,"sap","jv","default",3,0.002591774,0.0025818315,0.002618998
"base","metric_uniform","random_01",500,5000,"sap","jv","default",3,0.01395767,0.013954125,0.013975425
"base","metric_uniform","random_05",500,1500,"sap","jv","default",3,0.005397199,0.005377601,0.0054330125
"base","metric_uniform","random_05",500,500,"sap","jv","default",3,0.005070921,0.0045474125,0.0052760235
"base","metric_uniform","random_05",500,5000,"sap","jv","default",3,0.01777346,0.017771635,0.0178267
"base","metric_uniform","random_25",500,1500,"sap","jv","default",3,0.01279749,0.012764345,0.012835335
"base","metric_uniform","random_25",500,500,"sap","jv","default",3,0.01187405,0.011129985,0.0119654
"base","metric_uniform","random_25",500,5000,"sap","jv","default",3,0.04203148,0.042017825,0.042135845
"base","metric_uniform","random_60",500,1500,"sap","jv","default",3,0.02335631,0.02312439,0.023484845
"base","metric_uniform","random_60",500,500,"sap","jv","default",3,0.01771844,0.016964675,0.01805667
"base","metric_uniform","random_60",500,5000,"sap","jv","default",3,0.07622162,0.07551343,0.07651885
"base","tied","block_4",500,1500,"sap","jv","default",3,0.03050314,0.030439875,0.030629605
"base","tied","block_4",500,500,"sap","jv","default",3,0.01321614,0.01320411,0.01327432
"base","tied","block_4",500,5000,"sap","jv","default",3,0.09101688,0.09085723,0.09142608
"base","tied","none",500,1500,"sap","jv","default",3,0.279172,0.2789172,0.27922855
"base","tied","none",500,500,"sap","jv","default",3,0.1200321,0.11952995,0.12079315
"base","tied","none",500,5000,"sap","jv","default",3,0.874922,0.87483425,0.87571055
"base","tied","random_01",500,1500,"sap","jv","default",3,0.004072284,0.0040691885,0.0040748465
"base","tied","random_01",500,500,"sap","jv","default",3,0.002452948,0.002383699,0.002526338
"base","tied","random_01",500,5000,"sap","jv","default",3,0.01422602,0.01421128,0.01424908
"base","tied","random_05",500,1500,"sap","jv","default",3,0.03929682,0.039193765,0.04071661
"base","tied","random_05",500,500,"sap","jv","default",3,0.02077855,0.020696635,0.02104005
"base","tied","random_05",500,5000,"sap","jv","default",3,0.1119793,0.10950875,0.11309715
"base","tied","random_25",500,1500,"sap","jv","default",3,0.1149086,0.11482365,0.11515445
"base","tied","random_25",500,500,"sap","jv","default",3,0.05222621,0.052141525,0.05228148
"base","tied","random_25",500,5000,"sap","jv","default",3,0.3460974,0.34536195,0.3483626
"base","tied","random_60",500,1500,"sap","jv","default",3,0.1981113,0.1979885,0.1984473
"base","tied","random_60",500,500,"sap","jv","default",3,0.08681717,0.086776275,0.087224465
"base","tied","random_60",500,5000,"sap","jv","default",3,0.6163193,0.61515045,0.62300945
"large","binary","none",1000,10000,"sap","hk01","no_cost_scale",2,5.991882,5.9892915,5.9944725
"large","binary","none",1500,1500,"sap","hk01","no_cost_scale",2,2.5542345,2.55143225,2.55703675
"large","binary","none",1500,4500,"sap","hk01","no_cost_scale",2,6.5824825,6.48297875,6.68198625
"large","binary","random_01",1000,10000,"sap","hk01","no_cost_scale",2,0.3034298,0.3028315,0.3040281
"large","binary","random_01",1500,1500,"sap","hk01","no_cost_scale",2,0.18924305,0.188291425,0.190194675
"large","binary","random_01",1500,4500,"sap","hk01","no_cost_scale",2,0.36874245,0.368041225,0.369443675
"large","binary","random_25",1000,10000,"sap","hk01","no_cost_scale",2,2.034768,2.034383,2.035153
"large","binary","random_25",1500,1500,"sap","hk01","no_cost_scale",2,0.84584745,0.845198275,0.846496625
"large","binary","random_25",1500,4500,"sap","hk01","no_cost_scale",2,2.031727,2.030091,2.033363
"large","dbl_uniform","none",1000,10000,"sap","jv","default",2,0.43294695,0.431756425,0.434137475
"large","dbl_uniform","none",1500,1500,"sap","jv","default",2,0.2478261,0.2455348,0.2501174
"large","dbl_uniform","none",1500,4500,"sap","jv","default",2,0.29544525,0.295281475,0.295609025
"large","dbl_uniform","random_01",1000,10000,"sap","jv","default",2,0.07947446,0.07946094,0.07948798
"large","dbl_uniform","random_01",1500,1500,"sap","jv","default",2,0.025227425,0.0248288025,0.0256260475
"large","dbl_uniform","random_01",1500,4500,"sap","jv","default",2,0.055788635,0.0557760575,0.0558012125
"large","dbl_uniform","random_25",1000,10000,"sap","jv","default",2,0.19257025,0.192380925,0.192759575
"large","dbl_uniform","random_25",1500,1500,"sap","jv","default",2,0.10053235,0.097663075,0.103401625
"large","dbl_uniform","random_25",1500,4500,"sap","jv","default",2,0.13697375,0.136743175,0.137204325
"large","heavy_tailed","none",1000,10000,"sap","jv","default",2,0.4325566,0.431087,0.4340262
"large","heavy_tailed","none",1500,1500,"sap","jv","default",2,0.22839955,0.227920025,0.228879075
"large","heavy_tailed","none",1500,4500,"sap","jv","default",2,0.29679625,0.295279525,0.298312975
"large","heavy_tailed","random_01",1000,10000,"sap","jv","default",2,0.079571,0.07948779,0.07965421
"large","heavy_tailed","random_01",1500,1500,"sap","jv","default",2,0.030062615,0.0290319475,0.0310932825
"large","heavy_tailed","random_01",1500,4500,"sap","jv","default",2,0.055821685,0.0557456425,0.0558977275
"large","heavy_tailed","random_25",1000,10000,"sap","jv","default",2,0.1928914,0.1923136,0.1934692
"large","heavy_tailed","random_25",1500,1500,"sap","jv","default",2,0.099060815,0.0990500025,0.0990716275
"large","heavy_tailed","random_25",1500,4500,"sap","jv","default",2,0.13491505,0.134848475,0.134981625
"large","int_uniform","none",1000,10000,"sap","jv","default",2,0.441488,0.4411013,0.4418747
"large","int_uniform","none",1500,1500,"sap","jv","default",2,0.21862955,0.216281025,0.220978075
"large","int_uniform","none",1500,4500,"sap","jv","default",2,0.3005922,0.29982195,0.30136245
"large","int_uniform","random_01",1000,10000,"sap","jv","default",2,0.081108355,0.0801361125,0.0820805975
"large","int_uniform","random_01",1500,1500,"sap","jv","default",2,0.026034775,0.0258647775,0.0262047725
"large","int_uniform","random_01",1500,4500,"sap","jv","default",2,0.055778225,0.0556901675,0.0558662825
"large","int_uniform","random_25",1000,10000,"sap","jv","default",2,0.194382,0.1943217,0.1944423
"large","int_uniform","random_25",1500,1500,"sap","jv","default",2,0.10008784,0.09959291,0.10058277
"large","int_uniform","random_25",1500,4500,"sap","jv","default",2,0.1354012,0.1350938,0.1357086
"large","metric_clustered","none",1000,10000,"sap","jv","default",2,0.4259032,0.4258352,0.4259712
"large","metric_clustered","none",1500,1500,"sap","jv","default",2,0.4056822,0.38550575,0.42585865
"large","metric_clustered","none",1500,4500,"sap","jv","default",2,0.29167315,0.289889675,0.293456625
"large","metric_clustered","random_01",1000,10000,"sap","jv","default",2,0.07939564,0.07931616,0.07947512
"large","metric_clustered","random_01",1500,1500,"sap","jv","default",2,0.027208995,0.0267965775,0.0276214125
"large","metric_clustered","random_01",1500,4500,"sap","jv","default",2,0.055914015,0.0558485475,0.0559794825
"large","metric_clustered","random_25",1000,10000,"sap","jv","default",2,0.1934163,0.1934016,0.193431
"large","metric_clustered","random_25",1500,1500,"sap","jv","default",2,0.13901445,0.135635675,0.142393225
"large","metric_clustered","random_25",1500,4500,"sap","jv","default",2,0.13917395,0.139049825,0.139298075
"base","binary","block_4",500,1500,"sap_dense","hk01","no_cost_scale",3,0.07473726,0.07470409,0.075044885
"base","binary","block_4",500,500,"sap_dense","hk01","no_cost_scale",3,0.02477872,0.02467058,0.02478003
"base","binary","block_4",500,5000,"sap_dense","hk01","no_cost_scale",3,0.250037,0.24986825,0.25028565
"base","binary","none",500,1500,"sap_dense","hk01","no_cost_scale",3,0.2827811,0.2826784,0.28303795
"base","binary","none",500,500,"sap_dense","hk01","no_cost_scale",3,0.08694452,0.08684327,0.087039925
"base","binary","none",500,5000,"sap_dense","hk01","no_cost_scale",3,0.9657251,0.9652559,0.967313
"base","binary","random_01",500,1500,"sap_dense","hk01","no_cost_scale",3,0.01719478,0.015312985,0.018163635
"base","binary","random_01",500,500,"sap_dense","hk01","no_cost_scale",3,0.01567623,0.014493685,0.01906773
"base","binary","random_01",500,5000,"sap_dense","hk01","no_cost_scale",3,0.0627753,0.0615575,0.070450935
"base","binary","random_05",500,1500,"sap_dense","hk01","no_cost_scale",3,0.2999754,0.2991017,0.302163
"base","binary","random_05",500,500,"sap_dense","hk01","no_cost_scale",3,0.09314089,0.09293632,0.0931716
"base","binary","random_05",500,5000,"sap_dense","hk01","no_cost_scale",3,1.018156,1.0125985,1.0205865
"base","binary","random_25",500,1500,"sap_dense","hk01","no_cost_scale",3,0.470308,0.47019075,0.4706893
"base","binary","random_25",500,500,"sap_dense","hk01","no_cost_scale",3,0.1236333,0.12354385,0.12372595
"base","binary","random_25",500,5000,"sap_dense","hk01","no_cost_scale",3,1.687645,1.686718,1.6917995
"base","binary","random_60",500,1500,"sap_dense","hk01","no_cost_scale",3,0.5712111,0.5708117,0.57168655
"base","binary","random_60",500,500,"sap_dense","hk01","no_cost_scale",3,0.1277899,0.1276191,0.128068
"base","binary","random_60",500,5000,"sap_dense","hk01","no_cost_scale",3,2.125841,2.1246905,2.1274065
"base","constant","block_4",500,1500,"sap_dense","hk01","no_cost_scale",3,0.07352813,0.07352532,0.073644305
"base","constant","block_4",500,500,"sap_dense","hk01","no_cost_scale",3,0.02434838,0.024317695,0.02443493
"base","constant","block_4",500,5000,"sap_dense","hk01","no_cost_scale",3,0.2477919,0.24722585,0.247914
"base","constant","none",500,1500,"sap_dense","hk01","no_cost_scale",3,0.2779622,0.27735485,0.27804475
"base","constant","none",500,500,"sap_dense","hk01","no_cost_scale",3,0.08623682,0.085678315,0.08637376
"base","constant","none",500,5000,"sap_dense","hk01","no_cost_scale",3,0.9471616,0.94646215,0.9476401
"base","constant","random_01",500,1500,"sap_dense","hk01","no_cost_scale",3,0.1808016,0.1731501,0.18341235
"base","constant","random_01",500,500,"sap_dense","hk01","no_cost_scale",3,0.06610791,0.06586029,0.067270585
"base","constant","random_01",500,5000,"sap_dense","hk01","no_cost_scale",3,0.5349047,0.52324325,0.54320595
"base","constant","random_05",500,1500,"sap_dense","hk01","no_cost_scale",3,0.3121723,0.31162255,0.31232275
"base","constant","random_05",500,500,"sap_dense","hk01","no_cost_scale",3,0.09540811,0.09534341,0.095514505
"base","constant","random_05",500,5000,"sap_dense","hk01","no_cost_scale",3,1.069533,1.0693575,1.072372
"base","constant","random_25",500,1500,"sap_dense","hk01","no_cost_scale",3,0.4675285,0.4673879,0.46838635
"base","constant","random_25",500,500,"sap_dense","hk01","no_cost_scale",3,0.1222354,0.1222092,0.12225835
"base","constant","random_25",500,5000,"sap_dense","hk01","no_cost_scale",3,1.682318,1.6823145,1.6823345
"base","constant","random_60",500,1500,"sap_dense","hk01","no_cost_scale",3,0.5690099,0.568261,0.5693346
"base","constant","random_60",500,500,"sap_dense","hk01","no_cost_scale",3,0.1267349,0.1259073,0.1268335
"base","constant","random_60",500,5000,"sap_dense","hk01","no_cost_scale",3,2.11408,2.113472,2.115946
"base","dbl_uniform","block_4",500,1500,"sap_dense","jv","default",3,0.006073945,0.0060482585,0.006087147
"base","dbl_uniform","block_4",500,500,"sap_dense","jv","default",3,0.0054079,0.005321718,0.00545669
"base","dbl_uniform","block_4",500,5000,"sap_dense","jv","default",3,0.01954839,0.01924259,0.019772555
"base","dbl_uniform","none",500,1500,"sap_dense","jv","default",3,0.006005598,0.005973044,0.006119496
"base","dbl_uniform","none",500,500,"sap_dense","jv","default",3,0.01018042,0.01016888,0.01061246
"base","dbl_uniform","none",500,5000,"sap_dense","jv","default",3,0.01751647,0.017500645,0.0176276
"base","dbl_uniform","random_01",500,1500,"sap_dense","jv","default",3,0.006066319,0.00605201,0.0060698245
"base","dbl_uniform","random_01",500,500,"sap_dense","jv","default",3,0.008783307,0.008364656,0.0088371195
"base","dbl_uniform","random_01",500,5000,"sap_dense","jv","default",3,0.02116949,0.02056646,0.021183285
"base","dbl_uniform","random_05",500,1500,"sap_dense","jv","default",3,0.006811617,0.006779719,0.0073846535
"base","dbl_uniform","random_05",500,500,"sap_dense","jv","default",3,0.01113851,0.010617115,0.01148201
"base","dbl_uniform","random_05",500,5000,"sap_dense","jv","default",3,0.02183689,0.02176227,0.02232161
"base","dbl_uniform","random_25",500,1500,"sap_dense","jv","default",3,0.0100719,0.010053755,0.01064524
"base","dbl_uniform","random_25",500,500,"sap_dense","jv","default",3,0.01746551,0.0165647,0.018575625
"base","dbl_uniform","random_25",500,5000,"sap_dense","jv","default",3,0.03185245,0.031839515,0.032095905
"base","dbl_uniform","random_60",500,1500,"sap_dense","jv","default",3,0.01296752,0.01283019,0.013016845
"base","dbl_uniform","random_60",500,500,"sap_dense","jv","default",3,0.01908599,0.018219845,0.02105225
"base","dbl_uniform","random_60",500,5000,"sap_dense","jv","default",3,0.04029849,0.040126185,0.040812855
"base","heavy_tailed","block_4",500,1500,"sap_dense","jv","default",3,0.006106294,0.006075995,0.0061140225
"base","heavy_tailed","block_4",500,500,"sap_dense","jv","default",3,0.006193173,0.005801828,0.006332368
"base","heavy_tailed","block_4",500,5000,"sap_dense","jv","default",3,0.01999271,0.01945243,0.020114335
"base","heavy_tailed","none",500,1500,"sap_dense","jv","default",3,0.005922368,0.0058366165,0.005975955
"base","heavy_tailed","none",500,500,"sap_dense","jv","default",3,0.0109896,0.0102757075,0.011752875
"base","heavy_tailed","none",500,5000,"sap_dense","jv","default",3,0.01729778,0.0171404,0.017435845
"base","heavy_tailed","random_01",500,1500,"sap_dense","jv","default",3,0.006101989,0.00610121,0.0061112755
"base","heavy_tailed","random_01",500,500,"sap_dense","jv","default",3,0.01078402,0.01061381,0.01145591
"base","heavy_tailed","random_01",500,5000,"sap_dense","jv","default",3,0.02091517,0.020500455,0.021092185
"base","heavy_tailed","random_05",500,1500,"sap_dense","jv","default",3,0.006769715,0.006731708,0.006846918
"base","heavy_tailed","random_05",500,500,"sap_dense","jv","default",3,0.01213895,0.011824235,0.01398893
"base","heavy_tailed","random_05",500,5000,"sap_dense","jv","default",3,0.02268333,0.022159105,0.022723575
"base","heavy_tailed","random_25",500,1500,"sap_dense","jv","default",3,0.01009067,0.01005496,0.010141185
"base","heavy_tailed","random_25",500,500,"sap_dense","jv","default",3,0.02095678,0.01771128,0.02104208
"base","heavy_tailed","random_25",500,5000,"sap_dense","jv","default",3,0.03214781,0.031959295,0.03258774
"base","heavy_tailed","random_60",500,1500,"sap_dense","jv","default",3,0.01292673,0.012847005,0.01293991
"base","heavy_tailed","random_60",500,500,"sap_dense","jv","default",3,0.01844455,0.01821376,0.02002022
"base","heavy_tailed","random_60",500,5000,"sap_dense","jv","default",3,0.04092981,0.04062764,0.041249545
"base","int_uniform","block_4",500,1500,"sap_dense","jv","default",3,0.007164873,0.0065318125,0.0072384885
"base","int_uniform","block_4",500,500,"sap_dense","jv","default",3,0.005551277,0.0055257545,0.0058071375
"base","int_uniform","block_4",500,5000,"sap_dense","jv","default",3,0.0199661,0.01957984,0.020053185
"base","int_uniform","none",500,1500,"sap_dense","jv","default",3,0.006285669,0.006215026,0.006291327
"base","int_uniform","none",500,500,"sap_dense","jv","default",3,0.01142805,0.011257735,0.011684015
"base","int_uniform","none",500,5000,"sap_dense","jv","default",3,0.01826251,0.018181905,0.018660885
"base","int_uniform","random_01",500,1500,"sap_dense","jv","default",3,0.006115437,0.0060584675,0.0066241855
"base","int_uniform","random_01",500,500,"sap_dense","jv","default",3,0.007622474,0.007390168,0.00832751
"base","int_uniform","random_01",500,5000,"sap_dense","jv","default",3,0.02095289,0.02090246,0.02110063
"base","int_uniform","random_05",500,1500,"sap_dense","jv","default",3,0.006830846,0.006787755,0.007343838
"base","int_uniform","random_05",500,500,"sap_dense","jv","default",3,0.01063376,0.010441635,0.01123693
"base","int_uniform","random_05",500,5000,"sap_dense","jv","default",3,0.02179134,0.021773095,0.02218088
"base","int_uniform","random_25",500,1500,"sap_dense","jv","default",3,0.01120575,0.010579988,0.01124009
"base","int_uniform","random_25",500,500,"sap_dense","jv","default",3,0.0130257,0.012974225,0.01544913
"base","int_uniform","random_25",500,5000,"sap_dense","jv","default",3,0.03283612,0.03234892,0.03286322
"base","int_uniform","random_60",500,1500,"sap_dense","jv","default",3,0.01306473,0.013010055,0.01382149
"base","int_uniform","random_60",500,500,"sap_dense","jv","default",3,0.01901965,0.018640975,0.01929544
"base","int_uniform","random_60",500,5000,"sap_dense","jv","default",3,0.0415314,0.04096521,0.04169126
"base","metric_clustered","block_4",500,1500,"sap_dense","jv","default",3,0.006296247,0.00626808,0.0063402195
"base","metric_clustered","block_4",500,500,"sap_dense","jv","default",3,0.007444739,0.007066555,0.00746282
"base","metric_clustered","block_4",500,5000,"sap_dense","jv","default",3,0.02028422,0.02026419,0.0203178
"base","metric_clustered","none",500,1500,"sap_dense","jv","default",3,0.00609178,0.0059940565,0.0060960235
"base","metric_clustered","none",500,500,"sap_dense","jv","default",3,0.0131127,0.01260627,0.015299785
"base","metric_clustered","none",500,5000,"sap_dense","jv","default",3,0.0172029,0.017197245,0.017697565
"base","metric_clustered","random_01",500,1500,"sap_dense","jv","default",3,0.006103506,0.00609055,0.0061703155
"base","metric_clustered","random_01",500,500,"sap_dense","jv","default",3,0.007913697,0.007660194,0.008314923
"base","metric_clustered","random_01",500,5000,"sap_dense","jv","default",3,0.01989455,0.01980925,0.020050455
"base","metric_clustered","random_05",500,1500,"sap_dense","jv","default",3,0.006935888,0.0068968355,0.0069814185
"base","metric_clustered","random_05",500,500,"sap_dense","jv","default",3,0.0136532,0.01244733,0.01587079
"base","metric_clustered","random_05",500,5000,"sap_dense","jv","default",3,0.02214594,0.02210283,0.022522425
"base","metric_clustered","random_25",500,1500,"sap_dense","jv","default",3,0.01055447,0.010494915,0.01055777
"base","metric_clustered","random_25",500,500,"sap_dense","jv","default",3,0.02821968,0.02674282,0.029571555
"base","metric_clustered","random_25",500,5000,"sap_dense","jv","default",3,0.03253567,0.03221628,0.032773145
"base","metric_clustered","random_60",500,1500,"sap_dense","jv","default",3,0.013604,0.01351337,0.01371253
"base","metric_clustered","random_60",500,500,"sap_dense","jv","default",3,0.03053081,0.026358775,0.0313602
"base","metric_clustered","random_60",500,5000,"sap_dense","jv","default",3,0.04145395,0.041437775,0.041538905
"base","metric_uniform","block_4",500,1500,"sap_dense","jv","default",3,0.006040489,0.006019415,0.006065868
"base","metric_uniform","block_4",500,500,"sap_dense","jv","default",3,0.006162136,0.0061520705,0.0063714
"base","metric_uniform","block_4",500,5000,"sap_dense","jv","default",3,0.01899034,0.01898497,0.019243515
"base","metric_uniform","none",500,1500,"sap_dense","jv","default",3,0.005801828,0.0057514185,0.005902278
"base","metric_uniform","none",500,500,"sap_dense","jv","default",3,0.01260775,0.0112992535,0.013203805
"base","metric_uniform","none",500,5000,"sap_dense","jv","default",3,0.01698474,0.01691496,0.01761567
"base","metric_uniform","random_01",500,1500,"sap_dense","jv","default",3,0.0061664,0.006142579,0.0061724885
"base","metric_uniform","random_01",500,500,"sap_dense","jv","default",3,0.007414932,0.0073812505,0.0075759595
"base","metric_uniform","random_01",500,5000,"sap_dense","jv","default",3,0.01998094,0.019941785,0.02027735
"base","metric_uniform","random_05",500,1500,"sap_dense","jv","default",3,0.006884228,0.0068213545,0.006891444
"base","metric_uniform","random_05",500,500,"sap_dense","jv","default",3,0.01234465,0.01026269,0.0131135
"base","metric_uniform","random_05",500,5000,"sap_dense","jv","default",3,0.02195066,0.02189445,0.022353915
"base","metric_uniform","random_25",500,1500,"sap_dense","jv","default",3,0.01014574,0.01014422,0.010146885
"base","metric_uniform","random_25",500,500,"sap_dense","jv","default",3,0.0216906,0.01946104,0.022403425
"base","metric_uniform","random_25",500,5000,"sap_dense","jv","default",3,0.03251931,0.032265335,0.0327689
"base","metric_uniform","random_60",500,1500,"sap_dense","jv","default",3,0.01294554,0.01281703,0.013042325
"base","metric_uniform","random_60",500,500,"sap_dense","jv","default",3,0.02156022,0.019959005,0.02268397
"base","metric_uniform","random_60",500,5000,"sap_dense","jv","default",3,0.04073944,0.040726095,0.04098294
"base","tied","block_4",500,1500,"sap_dense","jv","default",3,0.07522032,0.075108205,0.07538184
"base","tied","block_4",500,500,"sap_dense","jv","default",3,0.02483116,0.02482003,0.02484957
"base","tied","block_4",500,5000,"sap_dense","jv","default",3,0.2516186,0.2511135,0.25232535
"base","tied","none",500,1500,"sap_dense","jv","default",3,0.2864785,0.28618205,0.2868309
"base","tied","none",500,500,"sap_dense","jv","default",3,0.08920255,0.08917141,0.089516285
"base","tied","none",500,5000,"sap_dense","jv","default",3,0.9791998,0.9785174,0.9792128
"base","tied","random_01",500,1500,"sap_dense","jv","default",3,0.006441551,0.006423183,0.0069974495
"base","tied","random_01",500,500,"sap_dense","jv","default",3,0.006454343,0.006102768,0.0067628065
"base","tied","random_01",500,5000,"sap_dense","jv","default",3,0.02175284,0.021436155,0.02193119
"base","tied","random_05",500,1500,"sap_dense","jv","default",3,0.1868124,0.18497185,0.19328005
"base","tied","random_05",500,500,"sap_dense","jv","default",3,0.06852371,0.06832779,0.06957366
"base","tied","random_05",500,5000,"sap_dense","jv","default",3,0.6240838,0.6046983,0.6299383
"base","tied","random_25",500,1500,"sap_dense","jv","default",3,0.4695204,0.46927255,0.47029905
"base","tied","random_25",500,500,"sap_dense","jv","default",3,0.1261288,0.12605705,0.1263183
"base","tied","random_25",500,5000,"sap_dense","jv","default",3,1.678662,1.67845,1.6838605
"base","tied","random_60",500,1500,"sap_dense","jv","default",3,0.5782378,0.57746475,0.5788608
"base","tied","random_60",500,500,"sap_dense","jv","default",3,0.1312141,0.1308778,0.1314213
"base","tied","random_60",500,5000,"sap_dense","jv","default",3,2.136577,2.136002,2.1376315
